Date,GS,MSFT,HD,SHW,CAT,MCD,UNH,AXP,AMGN,TRV,JPM,IBM,HON,BA,AMZN,AAPL,PG,JNJ,MMM,CVX,NVDA,DIS,WMT,MRK,KO,CSCO,NKE,VZ
1999-05,-0.009047877374436013,-0.12758468769304063,-0.15122318330336823,-0.014932542136435167,-0.141853468489868,-0.05627415127222676,-0.052853335612401166,-0.08054426720449383,-0.029414974135436412,0.12156219417192374,-0.06635251825376359,0.07845853451288964,0.0490033972751327,-0.023166849603613388,-0.24337588771882196,-0.05144175353518121,0.0506839115424531,-0.05297015520715723,-0.04801516074082145,-0.07053034345741854,-0.13832299217095737,-0.052780526742174906,-0.16069355514988273,-0.05576218825380446,-0.015493977469737904,-0.1031744008450508,-0.03325303679952981,-0.050001928778343724
1999-06,-0.007799180013760449,0.09296779285885377,0.08487137060120739,-0.07289599337331618,0.05413096311532593,0.07728164093333603,0.02937630194152547,0.003690281191333417,-0.10747551574271265,-0.12063850576106164,0.07482461884265874,0.04342902364648989,0.02543600153641221,0.07167555573904373,0.026177550003768153,0.06803887134566901,-0.023572564534144937,0.06841561849321229,0.018897535169059655,-0.03621107467657686,-0.0408593357614072,0.06222711984302118,0.11641783688914625,0.018244336767671124,-0.06464660154027119,0.10022830665253117,-0.03002541421553324,0.15906185801852932
1999-07,-0.08223721631922724,-0.03172777153333737,0.036054212096264714,0.04439576032435601,-0.03159035192752532,0.10082477914370185,-0.020196723131022998,0.052108576267473054,0.08195754113748879,-0.12506887926430574,-0.05383828809990956,0.011384936324372194,0.052259221144582924,0.06324840230372429,-0.17073584167535732,0.10615350975857818,0.07280957217161867,-0.03372819711745032,-0.010923251368692223,-0.0652305011261872,-0.0606102634803717,-0.09406462285912438,-0.12328500142518858,-0.03895460134498616,-0.019542827662844483,-0.09898286590825722,-0.1348972895377853,0.031912152322650496
1999-08,-0.11581154194162244,-0.018939999417045647,-0.10421567452795817,-0.034532531713962235,-0.08176959020737284,0.0710978345695823,-0.028010525024834487,-0.01889656820111938,0.04786312964217847,-0.036826518878701246,0.11041993290960307,-0.08526028598427231,-0.06368285245307348,0.0062658835944531584,0.0756734693733819,0.152701191862841,0.1015579596450406,0.08816019693299207,0.052268911628943766,0.007275247900824951,0.25023433315961435,-0.0363467088957132,0.010296647082313494,-0.06637898533644908,-0.0041042826136952,-0.05169129687841479,-0.11126444948065992,-0.05164529576274198
1999-09,-0.04446824931087359,-0.023233487176090712,0.04943348081789349,-0.20538209027050622,-0.035528605921909005,0.030687072913075538,-0.21943187104016298,-0.02677683301394308,-0.10251247917475764,-0.1534237274071483,-0.10679004875786316,-0.09997335091993416,-0.03485616611751819,-0.05669786288189842,0.12280618705090343,-0.08503281711616072,-0.010681219173901737,-0.11520013718091773,0.040407331916148696,-0.1044484691649127,-0.3746937109926951,-0.05272342339435553,0.07580517188873365,-0.03742426968342239,-0.1632489329366793,-0.09694222509426273,0.1903061661887287,0.047030396804568816
1999-10,0.20339659644195757,-0.008076455238398724,0.06301322341406469,0.0017898557096901707,-0.05670914889753514,-0.05149480094599097,-0.008488116220908346,0.13540979558549915,-0.039209485882174856,0.12382594276103018,0.11513519135048086,-0.17064588493204202,-0.05430989818514731,0.033932116227403726,-0.048517947495436184,0.1533152323999276,0.09289810532812721,0.07273721335877073,-0.008832627573437078,0.006597929156587789,0.022817323676930512,0.01727173809698235,0.17613004879894598,0.15912014160046903,0.1948242346523086,-0.015277506662964485,-0.03288827572847476,-0.00673842935144125
1999-11,0.05534972386919785,0.04823842154462855,0.03995476501344109,-0.06682303523810691,-0.09139096279905494,0.11362109509335391,-0.04097328217305885,-0.07083097056213,-0.009240445318682825,-0.08385545316549449,-0.15661368069573287,-0.06274733528596217,-0.01282186167833317,-0.0799017145976226,-0.044820078768634884,0.1881642692397591,0.06256431844387321,-0.024838255966801878,0.048584393782547974,0.0049141764861198485,0.31070252064339093,0.06541128696332675,-0.01575451502149015,0.005456328857169243,0.09891390222049455,-0.020139166886207344,-0.16691770719191193,-0.036090929590965166
1999-12,0.19480718770052177,0.2558660015788284,0.20145454560504833,-0.07032740035389115,-0.030379013661664706,-0.10980512799036625,0.041538540491043656,0.06279403679541794,0.05167993522345743,0.08675022705670472,-0.049638601108535935,-0.032341216167393064,-0.11641852170005376,-0.01087157531229074,-0.36267054557450507,-0.036509762172389056,0.024189495819485537,-0.09844994681381368,0.032069390810679575,0.0063344553678751645,0.2558610898483055,0.05373449687741176,0.08561154134614157,-0.15724632199429053,-0.11593550953856968,-0.008509360506910455,0.007210075172826905,-0.0331715108480245
2000-01,-0.01737809684992237,-0.047827002234224,-0.15462138447270982,-0.1938645955120892,-0.15604704101509914,-0.043861322266223704,0.05983301279599013,-0.03010446545923249,-0.3060153012769029,-0.0288857897306947,0.016963703645080347,-0.11017242545270388,-0.17119659933402875,-0.0009336492799173212,-0.14395480482752263,-0.16807015243307782,0.003031664708656353,-0.09676950912540977,-0.08190896439130282,-0.009437458291613873,-0.22877448385210924,0.048688741627572765,-0.15709467164624796,0.0584557171471703,-0.03396212844552258,-0.02464483663713706,0.04474057201082039,-0.003354920690603099
2000-02,-0.060398331774367535,-0.11038306013296217,-0.020272441730671338,-0.0006888212264063953,-0.159954781043331,-0.20681823934222524,-0.07406262521922928,-0.2225438918561665,-0.13241878710300245,-0.2907304745979172,-0.10618309297421034,-0.11066243510591221,-0.04158173522575413,-0.12375714589786191,0.018515015669936997,0.09114746314368645,-0.13774744033041658,-0.14404427919493934,-0.050333874196664345,-0.12378548065471542,0.42136339232572684,-0.07547612042457157,-0.11170880487614117,-0.1829904273687433,-0.10219330033329772,0.0438299554115654,-0.3858851908163045,-0.19818369584413198
2000-03,0.23845755130622526,0.10557418924906807,0.07965009921878072,0.08174714386877523,0.08339856793395031,0.1652505764895028,0.29679606874156866,-0.0006701707630957529,-0.303908125423158,0.5277548940205525,0.1818958881810191,0.025241645401509534,0.01940185066162246,0.05238406812806663,0.08063098878238188,0.28251637340123,-0.07593182155733004,0.12672647578319657,0.020438271495154575,0.3312329277714847,-0.05573727636061864,0.18240204977650593,0.053449822711039034,0.1055091990936286,-0.033296706537211035,0.039087989988872814,0.32352484641214285,0.16979504107889956
2000-04,-0.1657557680811135,-0.19831260417302954,-0.01326786619083053,0.10064232904256208,0.007531078771814795,0.11957372424033619,0.194710847330526,0.020381763937928375,-0.17298418770185794,-0.047164393882836886,-0.1036284758508976,-0.010908056507531043,0.041898519228423796,0.02272537223227231,-0.08765494199055009,0.015274774980644583,0.05116385916873613,0.12317795284540796,-0.0014145105632355746,-0.05240511869390042,-0.044726294903374035,0.04604651042947663,0.03716295684043635,0.1682442228496202,0.016049515258230156,-0.10373785367955796,0.007805365152047598,-0.024213832284372398
2000-05,-0.09985376884353386,-0.14810970961116063,-0.12328073792715949,-0.07731264969780159,-0.02857872481054002,0.08529502522893687,-0.013184355398177309,0.09536678162810525,0.08827062306959187,0.017496069568066826,0.014895542183317031,0.02913667631839929,0.013047105543053664,-0.02414929408866979,-0.037887485615693196,-0.3815569426608273,0.13501659923146767,0.05007288576080629,-0.016399258518632095,0.08721206610583315,0.13880058905413195,-0.03408071908413064,0.17042530500501946,0.10320863992389832,0.1258572855543149,-0.12217237169039788,0.07876794698388317,-0.061124687105119285
2000-06,0.13574623987226994,0.1016043455582555,-0.037975257680350503,-0.11822545277035545,-0.10187565968741505,-0.054750096460716505,0.12090814964602735,-0.015611363695454851,0.055764038188210664,-0.06289207235358163,-0.18374253128703494,0.06277957280629899,-0.35668926632675646,0.03163507775637937,-0.20519846207536263,0.05888706018699088,-0.07083525424791011,0.0884400092311685,-0.09319937263208548,-0.08642422277214849,0.003726995278225487,-0.08431098822237731,0.010663869540134567,-0.016980663627832807,0.08060936470994073,0.048321064094176705,-0.05813027261912118,-0.06674160263067652
2000-07,0.12963065304608043,-0.06507669542113043,-0.01929381334123145,-0.043654283720146854,-0.030422181930991877,-0.20499660821001095,0.020389322625407498,0.08766205286380119,-0.12123449146272701,0.2864791530503707,-0.05520019291943302,0.044213065355230764,-0.06865233635522996,0.14265038820612397,-0.06109270803835049,-0.10334911111116038,-0.01287039700554375,-0.060097575881934595,0.04912695308473422,-0.10166521389204511,-0.10907642531041575,-0.028523555029231998,-0.06834468058439289,-0.09307898137796379,0.05036055116462258,0.08811113315301414,0.024122514645315576,-0.07599320545531779
2000-08,0.3477838343022271,0.04760040400966714,0.039033111105297114,0.018318938297455876,0.055800301457893504,-0.06498157807987498,0.17809994566449378,0.012325459294663126,0.04500035538844135,0.17831944454469417,0.04717208635284597,0.2501366156296547,0.0008386943832151122,0.1271909389853911,0.3307439416243309,0.17137855645472927,0.1067394972978542,-0.0020220330411578995,-0.0017233556223268697,0.10881312850530679,0.46854193392665444,-0.000524965267119288,-0.061165360898067116,0.03577205883182366,-0.10027408505697423,0.025117326805525867,0.0073777053969802196,0.015293299532191797
2000-09,-0.031199715234707704,-0.10198152917551968,0.013058336666483482,-0.013800907117458147,-0.13532459541974184,-0.13924655414558515,0.025912937848243136,0.09724650814759359,-0.1200884365406854,0.07152964918960583,-0.1867800236938594,-0.11347471554272152,-0.07464428411804049,0.20094650269560643,-0.03920877364878283,-0.023493400465085655,0.09726812324747115,0.018067019421832115,-0.07841872230936947,-0.030130238684731612,0.18332455614888984,0.010564885634203635,-0.062234850577967585,0.09043972973017382,0.04746469734201727,-0.13707076131193463,0.09227279198411212,0.10515291720036424
2000-10,-0.034041342889271534,0.006301167081780842,-0.021949656504359975,-0.013792698754396444,0.13077871675566247,-0.05588788176838347,0.09197486462721227,-0.066859602217796,-0.10454924749478282,0.08548944231628149,0.029490363396190513,-0.023490826756539004,0.25129485050402345,0.08612550394711384,0.32220315824475027,-0.3831513785434423,0.15301647180104616,0.0013864032074106393,0.007342149005618773,-0.05023008083336753,-0.13785298482795005,-0.037168143133035965,0.009758569930759296,0.2179580175229917,0.1330954884395259,0.03276031449303834,-0.01837581434381156,0.2870856946317567
2000-11,-0.096289815752624,-0.1003776006078719,-0.20550552805157463,-0.046246971786265884,0.13750296330719933,0.22361543105406406,0.02172920979746273,-0.11506697751395609,0.0997636899553613,-0.025598945356312446,-0.1449710367002196,-0.029710371303507458,0.04703990841684788,0.00481254179488027,-0.14691833507579358,-0.1793430810814342,0.11783447096225193,0.08006145821849119,0.041748854621394896,-0.06444910641351063,-0.31052125047130263,-0.09637200412513484,0.12237293314369654,0.08931443378814112,0.03077076838518675,0.0355468344814474,0.06029178471349017,-0.026403469628299578
2000-12,0.29780737584057837,-0.18517396533342276,0.19217654316049093,0.23014413048148388,0.24044521852889345,0.09672445730342272,0.01351080605666474,-0.1608081692132243,-0.034997404309459974,0.016339860381373753,0.2739682535821148,-0.11835742786991847,-0.009582197550953188,-0.059061678999538854,-0.21758212672470092,-0.03590723799435902,0.0742159287943966,0.09236846401348003,0.2370740437671343,-0.04960070132692557,-0.2339954302040683,0.02967289447535532,0.06873703302231172,0.04378968138990421,0.010385108442980169,-0.17654299649182628,0.3804641152179548,-0.03579425625612806
2001-01,0.17506139869545004,0.2853894320714153,0.15946678634571096,0.08633181123206365,0.023647043166263655,-0.01798958570199559,-0.09096666283430577,-0.23930061517938755,-0.05922214285450184,0.007300653521363165,0.25243230889202095,0.2620177460757492,0.0300513550256073,-0.1002296285012242,0.1488501152440317,0.2517037226621999,-0.07894001736269761,-0.1481903211285336,0.08190031240750356,0.005817217291116463,0.8659463026536247,0.1108478942502619,0.09090796844145117,-0.1403986878929106,-0.035916910981497505,0.0648318870428113,0.1032798463550614,0.0699305402478444
2001-02,-0.1841177157034229,0.03445144982761065,-0.20502548230896203,-0.11366124452358609,-0.07814282360286767,-0.022670149652920128,-0.1736718141826503,-0.09253809725273053,0.06432937514573824,-0.03114011519709367,-0.13479886122941845,-0.038978514314627635,0.04479703244194439,0.04421717034786688,-0.32451933345216166,-0.04881660708603753,-0.011374273506131972,0.020755007076601807,-0.01079726312849345,0.02024362276597929,-0.048602249218018374,0.008911218589388242,-0.15407758722979728,0.03651476002889636,-0.01669536887360172,-0.28615598056346175,-0.15222346041172974,-0.05795337327471475
2001-03,-0.08617720943534711,-0.004975289595222277,-0.04043963795128456,0.03106911150337669,0.07140570860042973,0.11626725196275636,-0.03714202624300829,-0.16119452199354245,-0.0778891154061218,-0.12875644397676259,-0.04761518424937969,-0.02291013979732947,-0.10523903306400555,-0.06715132085158985,-0.10982005385744284,0.3949658071956735,-0.0682752822327611,-0.039168003810366475,-0.06636206301859032,0.04527780857289004,0.7984570889635811,-0.043625987831922376,0.011971651015321704,0.00019380949737367068,-0.07719475747654374,-0.34229656793181984,-0.01838387539723706,0.14027841317750586
2001-04,0.0558428128205853,0.09843575097175013,0.11394889058311604,-0.15927922528699023,0.17546951054020116,0.04386656302897288,0.05923943371074348,0.09217734702356296,-0.053812637447224455,-0.019224133637220052,0.002801812281146521,-0.01410000067195285,0.20220697869137874,0.07906768980864468,-0.11943663886311004,-0.07005531369319132,-0.016395589995962533,0.10410607389119192,0.10827369407363835,0.1037832001341054,0.11027029126790738,0.05382138131142112,0.03388115402044469,0.06848484905283986,0.04075429917096122,-0.2147357634144491,0.025769654923373558,0.1159326130489174
2001-05,0.11984126149235601,0.0372393988550155,0.05699708712936508,0.08141992300415479,0.07364514590368461,0.1663035008873814,-0.009733639478244143,0.023599124415687817,0.08954926801901995,0.1741730048758973,0.05653354651564295,-0.0003670918571403249,0.11348542730214428,0.010998813107906498,0.15248942974569224,-0.17894861639404344,0.03542355303924416,-0.04463204602202758,0.0042625263910789826,-0.020856551797005823,0.06522540891517387,0.02473792502370858,-0.01048176434531602,-0.0013193402276643678,0.03804729743169806,0.14985686979384555,0.06656672888707144,-0.015551671296613367
2001-06,-0.05563066242644086,0.09239517137365852,-0.026358219925343804,0.10747788520264277,-0.05437006250366234,-0.061562903201611285,0.07160418278131918,-0.035811142903285305,0.005869707095637391,0.1139532401470056,0.0006418654660696949,0.016676142511699826,-0.17032536757113118,-0.09775797957655333,-0.27212859354089936,0.13426424290650393,-0.0411676400502802,0.08580879489681885,-0.05077811123822788,-0.056301360870535354,0.13849931474784866,-0.07208391897457889,-0.05636920583266176,-0.023289890018042294,-0.053363816133538855,-0.09133404472429492,0.055850466940100894,0.012507203167947713
2001-07,0.0002016353713146905,-0.045157769389339415,0.01756557453610292,0.11189028242833582,0.02641320994871601,0.07526850755321839,0.09814770437271929,0.04147700495084583,-0.08423642713966822,0.075554986349181,0.030215620381263384,-0.012898732857319168,-0.005997190520110402,0.013203705993534976,0.015940921765660553,-0.11230573786959833,0.13328723909904353,0.11829116195097986,0.03585534864817763,-0.011553596673856215,-0.03758012654148245,-0.07610656006054893,0.07405190889814157,0.02712870489687741,0.002237960360107287,-0.04348290082665067,0.22564639931550987,0.0813344853840615
2001-08,0.022901478941988903,-0.12027656413447736,-0.11074759264223899,-0.012993218287676498,-0.03130136301552338,0.10247094519615113,-0.017269643590900833,-0.05832395003582772,0.0030264999765748702,-0.055889689964056834,-0.013638687756816925,-0.03472881908799755,-0.1025640287287161,-0.09459098437889038,-0.35986118608564815,-0.022932476341721686,0.06439764556811889,0.025150413716610916,-0.09643550414119834,-0.043481411061986504,0.10044047316338403,-0.06851842029281002,-0.0992118101025728,0.03471500134824825,0.07590309301535168,-0.0927727775390683,0.1143389949232477,-0.05461854569263736
2001-09,-0.1131957280456309,0.03618358446162216,0.0387610594730583,0.09993524874960412,-0.10987365175196781,-0.09210172402841091,-0.05463199711632719,0.03236594229048251,-0.01099180049575095,0.19212803617174398,0.019642253182412445,-0.022591116703068636,-0.09099895995396301,-0.06574666157332981,-0.20464279860504012,-0.004594122031175229,-0.0005968147423021843,0.03342404172084331,-0.06080590957724636,-0.0756961784629714,-0.2788557982115795,-0.03106169427020211,0.03538986625863559,0.04148746534392049,0.046149522497619694,-0.10705785508788604,0.025518727549251524,0.06229803083246992
2001-10,0.08582655162506612,0.20702436214491424,-0.015058205491628918,0.10204575801793943,0.0707518238696218,0.03536338297810132,-0.05354770983278228,0.0038923291449997387,-0.02853445363580166,0.12670012064015473,0.013226960069942542,0.19078112972440023,0.04389862502017053,-0.08499193472555579,0.08700780936328356,0.25813013112065536,0.0627028883947836,0.08384331760728216,0.07514451531614583,0.09704295287350781,0.6321164534426527,-0.012423959106259055,0.04386075614151706,0.01170422905807431,0.12185122485260053,0.42047445590140337,0.112857198884673,-0.06928272737447802
2001-11,0.1322954454280755,0.06990188272081817,0.19510605698158878,0.1374638031349219,0.016188902622435327,0.026435298339574684,0.02828922019743103,0.11242541735463096,0.04327100560913443,0.06839124976626895,0.0006288309740460791,0.09651852658104,0.10122285805144607,-0.025215651288699684,0.1366854348095134,0.20942048844746203,0.0958118275002976,0.05792551385853752,0.06667953354916044,0.0023257894302362667,0.10581341192067083,0.02879909553815713,0.0534166197294529,0.061912312891509426,0.07086556392553914,0.08411666751849962,0.07754800515891491,-0.07593677363411239
2001-12,0.05324844957497673,0.03464723067897352,0.10463207780061978,-0.03818031110015284,0.08718644380170536,-0.0438441362737206,-0.011506208156821535,0.11207157530696321,-0.08650760789785003,-0.012859014384435874,0.00748383131504696,0.07610710213534495,0.08306495304185613,0.09125459156217393,-0.30706310339620546,0.08790633677388476,0.0020695631253245432,0.019589975656052267,0.04763986380286222,0.007999668976272108,0.24671799119527926,-0.03562482856286983,0.057515271073593534,-0.14136087127448113,0.04511235352001064,-0.0874249111020879,0.07345017900249344,0.0012241121314666538
2002-01,-0.09458850172002145,-0.036372539513484174,-0.06827634348501462,-0.02365523194221108,-0.024713808943569275,-0.025725204450383628,0.05337337885489328,-0.009398529833040068,-0.12531969679906002,0.005269337318618898,-0.036792145421360854,-0.08956912288418849,-0.06689680297940037,-0.040722511511204845,-0.032945973617459705,0.1372268236694038,0.029299729212614936,-0.0071653528130687745,-0.03965468472817957,-0.03570904885704912,-0.11907403826787186,-0.09893675631076074,0.046263695732094406,-0.031297313196294654,-0.06833292429648083,-0.006061414936920946,0.056579645472609026,-0.012988201267924151
2002-02,-0.07004150836190579,-0.09096984064351435,-0.03607881904282041,-0.04288190712116375,0.0920771130483848,-0.02900821278454856,-0.016744597844301625,-0.030838297976357353,0.011713891222623158,0.12355554014648287,-0.13196373811481296,-0.04323648691960244,0.029064394768669677,0.13809500541214503,0.08880818912263913,-0.11349729894848276,0.07626106692154998,0.03443892700309018,0.05477227362222092,0.044046676809850804,-0.16563751233528554,0.06696479938947753,0.004637120061303248,0.0928725726376976,0.1590686152717119,-0.26502079187900957,0.01409076209764589,0.009323350419898065
2002-03,0.07354645595243824,0.07414354608265751,-0.007172311565062695,0.13598466109642163,0.007031808259970448,0.0969524711169254,0.044571875913268215,0.1773235498369525,0.043253057532092465,-0.06089910446181555,0.09181712926924113,0.0469186375265136,-0.020186777575194787,0.04891735629076939,0.27747201828741364,0.1984784842879548,0.10017131603201458,0.013081402147457453,-0.00579822528410003,0.04363224113653499,-0.10141409360999078,-0.03510445364702794,-0.00934929580766206,0.007770748637797841,0.11574121991903107,0.1541614155653351,0.11677805412547401,-0.01602351487093311
2002-04,-0.12479153131296702,-0.11143137311826118,-0.05009251063945295,0.11232849778750491,-0.07839868748512444,0.013397230836093977,0.0769509415302979,-0.04614714527753343,-0.14081633119125037,0.06013030972944022,-0.08119606452210613,-0.20738207921594531,-0.051375384782786186,-0.13240989272842846,0.06418818141063892,0.06672421314830487,0.017600058032392063,-0.010461001362223811,0.05547192968671893,-0.04764171874815036,-0.27590276736305874,0.013178055069539453,-0.10166691704259434,-0.09630655174263095,0.11672028290594645,-0.15877723254101767,-0.05715800870028923,0.009747759000299666
2002-05,-0.10197550024612846,-0.06480748210525084,-0.1408731528669676,0.026085798392974924,-0.09576755232298567,0.026935985349283896,0.05489189043013508,0.0017141406676077877,-0.10727697119993324,-0.10288637005779595,-0.04669056304106392,-0.050479668413714394,0.004562383688724105,-0.07068015573351571,0.07346264980096974,-0.03312912272161913,-0.010836939668697683,-0.021950940115698748,-0.021762144354174527,0.04198139757805634,-0.15254222221281305,-0.02150725265567953,-0.13054585435309024,0.07514720010805936,0.019584346877333843,-0.027666744210596485,-0.026648252788148592,0.05390752482814213
2002-06,0.011467662158507036,0.19599529335051974,-0.07052759113721153,-0.040882735519255385,0.013248479040738281,-0.035182984595764126,0.003249903558940054,-0.07340534750545341,-0.04996053410364601,-0.007096555986382067,0.05073734489305296,-0.0026280049301821602,-0.09714874861595131,0.06741740421680568,0.07509905464381073,-0.10173812716193228,-0.00691957017482868,-0.05825780844392817,0.03431845951607029,-0.026168928288448485,-0.30659733379282095,-0.1082518687279984,0.03771028473552594,0.07653893452401053,0.06874845071238525,0.10402608828501834,-0.040330432519394784,0.10453713880078132
2002-07,-0.013314703711724628,-0.07544793435705162,-0.1788116082812214,-0.02771587629204062,0.018601557888660875,-0.12673788010159204,-0.10587269510005665,0.030376040934473027,0.01775528861208859,-0.24256427789171287,-0.1919099004145221,-0.012861346882295214,-0.10250787486590275,-0.07016134152026167,0.08009616245375438,0.017262133171948277,0.06240451914167626,0.18690382861566118,-0.020332605496660126,-0.13179144946593174,-0.1410445598334062,0.07645384534098147,-0.0839837828716008,0.10808264830165037,-0.026269235588706457,-0.004568561510055516,-0.10428756004649495,-0.04129742391386464
2002-08,0.08913273195633817,0.041351979298308965,-0.04274681870056385,-0.09240687392996982,-0.044426492987893904,-0.016847025667639123,-0.008774241942702453,0.11117344370631171,-0.0005418484146105867,-0.0008237775292629161,0.12007345870495803,0.110234668668569,-0.06487872152179523,-0.04358141683418278,0.1340123939688279,-0.05372292572803995,0.13309006000117915,0.016201548339726802,0.035976021352114786,0.07250653309902902,-0.2035641817994051,-0.013159475512735629,0.09139238703202213,0.11165049367626208,0.05286850318235436,0.004576624493179654,-0.06669670040726242,0.02909425669969018
2002-09,-0.08506587990384769,-0.09041533285635688,-0.15513506731161603,-0.10630455125529355,-0.09080592058079631,-0.14582924081311202,0.0039826848243067325,-0.0779977083984334,-0.045311197981928286,-0.08700895615401401,-0.16857212971185054,-0.13842133478356916,-0.1605875809381305,-0.037069150688683584,0.1530452453271408,0.0786649372243427,0.02222428901994002,0.05920175239853458,-0.09705998021429997,-0.08524268693030002,-0.16009132971283038,0.008626548246582814,-0.0668980580174106,0.003431925317991367,-0.01149637279410221,-0.12669986637217534,0.042494057111554843,-0.03978635518646764
2002-10,0.060217187600593206,0.1334808810818137,-0.021860476041486197,0.12074221311124811,-0.0019668786261247684,0.0858663868573432,-0.010365710500243295,0.09928104283933092,0.07312197143080233,-0.004654122293349185,-0.014697221719435988,0.11188534876764586,-0.05911209638007838,-0.0751434537270224,0.230011949434463,0.12014764621116798,-0.032363278489519864,0.06101466339688339,0.16186467309198121,-0.03924874619350311,0.16091408761549036,0.134366752354874,0.1033484117602536,0.17624529150424836,-0.017434727789113605,-0.0033204463701938703,0.03251494059452634,0.3660850252548506
2002-11,0.057722483030712486,0.03251322700505016,-0.11552108453664882,0.08212932000283982,0.17685619492291868,0.23691525618301876,-0.14884866721281284,0.06746561998594418,0.026177970832189475,0.13032005173002081,0.1532092168393909,0.1138364142221123,0.14705958188177595,0.02074347699943088,0.25191793644770955,-0.0600978132456939,-0.014979725206408367,-0.0256641295886057,0.03989345521264782,-0.00928468921701845,0.24980434441600535,0.19086983055180606,0.009119084992104719,0.06884237244136732,-0.04833959457582405,0.17277563492858314,-0.10913398094142011,0.09422617429766363
2002-12,-0.11153561081435842,-0.08450708601631055,-0.02912996181062618,0.06153253858266523,-0.07325558291956419,0.06567457301535258,-0.011718765773173392,-0.03853153575051303,-0.05900845610086132,-0.07297937423196123,0.006063212483287768,-0.035590836398462486,-0.08608550789508874,0.011967992600867528,-0.10359980371541701,-0.08522121979593002,0.018270366061306508,-0.01572064073061865,-0.04119068003932217,-0.022082367605516975,-0.36348259799364563,8.005797452578176e-05,-0.055338948502892456,-0.010899036171107029,0.004298312218438676,-0.0585752436142017,-0.029843971216271057,-0.022064182196022845
2003-01,0.01415481884359395,-0.06721980841994728,-0.06813518784102271,-0.018719267335226907,-0.05062381807923601,-0.06716569669676703,0.044528691301812334,-0.0014463504051067378,0.02893144655034606,-0.010489484559367665,-0.05084163997341935,0.04324504611832589,-0.13221804256548358,-0.06353462210328012,0.22011841839122642,0.010559439214053487,0.0015830714831902265,-0.04697439621122733,0.04992602983685118,-0.02577119340932541,-0.1381814332941863,-0.003469741257263099,-0.06734043098065173,-0.03202370349343529,-0.07261459613139301,0.004545010177128842,0.027944308868908935,0.021281646788631193
2003-02,-0.00958256187347923,-0.03672447154827957,0.08026429957377253,-0.021034237266850775,0.025998265261902735,0.010872926157949924,-0.049216599517680794,-0.0642250108667971,0.09576223988966473,-0.08280374361317971,-0.05119764357043625,-0.017678237314366237,-0.13091894576730786,-0.10018756482684799,0.05423748037826542,0.042836405094846874,-0.03021622184333423,-0.023649623093359624,-0.04145608864884302,-0.02218589036396107,-0.028154935831481754,0.03778329609638957,-0.0689549867818886,-0.033289960274915084,-0.034896700727581324,0.038998720032204656,0.012357199532530373,-0.08164679836056034
2003-03,0.030549266666104403,0.11117079416669115,0.163792964022421,0.033763169350028044,0.092589552492236,0.11782127711693399,0.11434499789670065,0.032700120400471745,0.08959552187748544,0.06437243337514202,0.14285967443479222,0.10402921999519021,-0.01935872457331929,-0.058753209549577655,0.3576727169559476,-0.041347261690788464,0.09796203819220033,0.19906416198836974,0.08055181549397067,-0.009132105898397795,0.04764577774925699,0.11542013102685501,0.12001341207271979,0.10905739578790637,0.0514469816901588,-0.0035033699217095677,0.13244464226195232,0.029552972984040447
2003-04,0.05379166686194749,-0.09007105598713569,0.0799877679747406,0.013651623616858859,0.05208304157382895,0.06773728122654715,0.00031032821244929846,0.08695677722571257,0.015751309589810386,0.0396717449328327,0.0762256196320842,0.02934335975295406,-0.0406784798205049,0.06984313299607368,-0.03113989363809133,-0.0441367042108575,0.062362747671649725,-0.00877710985604895,-0.03290018791699557,-0.026509547672642603,-0.09307225402587072,0.06362117245989463,0.039508638150639215,0.026127155933041823,-0.038762716458327365,-0.05588255207961523,-0.02931021274472072,0.03403303494980437
2003-05,0.10768480123689635,-0.050338949746614674,0.12808634529805119,-0.005295840290756523,-0.023416933856336954,0.055613059509864234,0.057682259176096956,0.13603919148661867,0.06380019443173693,0.08776893977365181,0.12997777335367064,0.07496871886735168,0.10239984251949868,0.13504981080094933,0.30548032898172806,0.2876862175428744,0.044249001746860514,-0.01289865339627147,-0.004929405419628161,0.1200762682526643,0.5210235571550337,0.0036886525406032602,-0.021837282548749292,-0.003886118931993074,0.07021736164883628,0.05747920422070124,0.02765972780354603,0.02378631894915802
2003-06,0.010185121287096269,-0.03979941993871771,-0.052218007828357726,-0.03171160478584875,0.03268060029673054,0.16736188737286675,-0.0017077050168612584,-0.03407309737676126,-0.018153907102084102,-0.06104852241857407,-0.01640588873726082,-0.09640348038902516,-0.06571836078927162,0.11059959758019473,-0.06833249377642417,-0.004147018690579846,-0.03165258420520036,-0.07238985690381781,-0.010462259429036691,0.018854787320603965,-0.16722422649927288,-0.09730291698611289,-0.00041555029246167206,0.12433162950055508,0.05456201642423282,-0.07505269694540702,-0.0024602684117775698,0.023719020545060657
2003-07,0.017486337897231644,-0.05987842639406176,-0.1501128433960578,0.11094347436433089,0.147822272231899,0.008536741340524904,0.021905084689391414,-0.002589154894314499,-0.00428618425393167,-0.06097289369933227,-0.06219129607805034,-0.014732550266816481,-0.05375496341825757,0.0799165367258318,0.06470795880267369,0.055999068596046114,-0.022101418926873034,-0.019096479263979286,0.053221434657549915,-0.02889974940331013,-0.10730206545940126,0.06072510625237878,-0.008977400504796186,-0.0818519001443616,-0.05370249850831613,0.005395037173501475,-0.0570350912559064,-0.15060529726853822
2003-08,-0.008521144614088969,-0.027711981698751144,0.012946961561963769,0.027188183991841194,0.06386673907257204,-0.018651763001886385,-0.05755765207448344,0.00449059933425996,-0.0482637669128224,-0.051666629123746734,-0.07106483682832429,0.009876067423554983,-0.023138655869261244,0.1327821041027127,0.12183316283868145,0.0689892798775629,-0.03622648086176816,-0.03240061397367989,0.024497788699095045,-0.007583385061436352,-0.024770468236234824,-0.07062173076914244,0.060005283268410925,-0.026303114141176667,-0.01354157668600055,-0.02813584826206891,0.08449142624927111,-0.0608929389943053
2003-09,-0.03261973198715064,0.08975673514781088,0.037268742491758905,0.0029972622499458775,-0.026801818218526778,0.011228164436530682,0.003008423944795264,0.027547721415973943,0.010117309513412791,0.021011614536193955,0.012036652065796743,0.07589470851972516,-0.10979685873952477,-0.055296281871536596,0.103095732794315,-0.05488903405230321,0.08704152278623555,0.005108296312551769,-0.015606186036304238,-0.027102400686912383,-0.05630787738088556,0.03235701649166185,0.005555485452229611,-0.005373209752189152,-0.018370490390253624,-0.0009123764454066201,0.025248330991825902,-0.02474631268761086
2003-10,0.0585453486275759,-0.07737735623364948,0.09370425378922041,0.1347831581824805,0.06311827714268885,-0.0019569334269165795,-0.029941124362228545,-0.03610771615385998,-0.07380213211880576,0.033131250543338146,0.041739623672978135,0.011310561705410966,0.09682881905703213,0.09677604102219727,0.1360936862244465,0.12355388453572765,0.08380538644607166,-0.03124561514558904,0.044577065927451476,0.027527282514760637,0.038589848060189884,0.06121551978495406,0.03686074532458994,-0.09932697002763727,0.0552005207426137,0.015746934705912426,0.042940714246914244,0.06833483722152524
2003-11,-0.016046949490027974,-0.06726574121730394,-0.02487707137377231,-0.038615137652578006,0.02947553599572624,-0.024085424158882617,0.03850901894177474,0.0014264663306306445,-0.053123461789227354,-0.06374127596441229,0.01615412111312174,0.005380346687693398,0.014270838433321328,0.03528171113123559,-0.01771895666218257,-0.07684209230847085,0.009705815011282412,0.03034698896908551,0.01935976573193518,0.04314711958548714,-0.020914489378566773,0.021119540371000715,-0.02570722439760183,0.005998846026414148,0.06621160182375174,0.006433242496626799,0.04443962335170864,-0.004671942825194211
2003-12,0.012599157628510072,0.023808939052626883,-0.03536581977783208,0.09535270787636291,0.050990726540963136,-0.002415571297824948,0.034827992851531125,0.009245820395232042,0.043108494722106996,0.04619812466221443,0.008721487012557939,0.01789055957065275,0.16443433806877258,0.07956984207788209,-0.04351958859087363,-0.00445630036097146,0.04378618585634396,0.03139345875469573,0.05191104548254476,0.06406648383687656,0.054210559788112844,0.06521539978249583,-0.09722046301319551,0.016169924637014024,0.11268048871483172,0.03165767569130772,-0.0302657630088312,0.07470322498337656
2004-01,-0.02467488219539628,-0.028377514425846243,-0.026101735817733653,-0.002243993557766802,-0.07911549428052472,0.006708658764065399,0.003235043454825619,0.050552375259727556,0.012364719352564184,0.027900788081105493,0.03725236441947855,-0.003304087133310025,0.0745997606469605,-0.06070495713751691,0.04978729970313987,0.025284774829138226,0.03954464749959589,0.02784013432320745,-0.08984296369145738,-0.015850288786320086,-0.07125822965905147,0.06005211827816772,-0.017570384281937045,-0.05842771358388974,0.02070236336310217,-0.024051221355985357,0.0010083224909681163,0.033593753800356424
2004-02,0.032378411556932565,-0.05625864918972117,-0.03331789340787141,-0.007962669354421375,-0.020196572314068767,0.13335089000860037,0.007341651717100193,0.0516920269069246,-0.033530963286716946,0.014159505263142462,0.019884901990258566,-0.006069896714517971,-0.007045708019399619,0.055345888343274974,-0.17908690701746402,0.07969407851896844,0.033276604643012554,0.0015127870090298752,-0.022587213165282945,0.005630758727971179,-0.021807744413730654,-0.04350251228488242,0.06111298035963327,-0.0023575935383622283,0.08807749830508095,-0.11707399119911434,0.06180526397961936,0.04532914844230296
2004-03,-0.05264712404747594,-0.06162305098268471,0.05281162712129862,0.08433819448244832,0.038215948669734684,0.044165008181210295,0.020646753339908126,-0.03551389644401204,-0.1038062662691662,-0.06416082719985244,0.01733122785965928,-0.04284247958787097,-0.012143082713969152,0.013790901371566048,0.023094773284601144,0.17309912377655665,0.04107142037416042,-0.09104318272445144,0.019867257798675785,-0.0103565294920502,0.15458904462882392,-0.05086981395751136,0.020309206400800004,-0.10077433958080326,0.014185562026851279,-0.01605434663412769,0.023196306464332125,0.03065962013895643
2004-04,-0.08439757607732581,-0.020726687960144024,-0.07216044457749922,-0.020063814340474037,-0.08698503137427917,-0.0420305457492995,-0.030304001418019543,-0.03903529308544166,-0.1084950849480472,-0.020106945127183373,-0.11444350794161533,-0.011148825665092479,-0.01703317095624163,-0.03753256733113066,0.0164043204124388,-0.054682620896509396,0.009569064180467988,0.07213311741914658,0.07170883216417671,0.020662486672512824,-0.24756818862595845,-0.07734770217918414,-0.009633621087599317,0.019898598006040644,0.03580831190915796,-0.12542893170015565,-0.08249801521835264,-0.04717823285498173
2004-05,-0.025192993080278298,0.00964677021512223,0.05860204996978794,0.050891611069104274,-0.04800772366538044,-0.010870013876979438,0.09911345323740559,0.07587152621587193,-0.05593588437105779,0.023823531320020228,-0.031468513523395594,0.004919453299936272,0.03177756450542511,0.09768250553943594,0.1408681072693582,0.09181158061230077,0.04350815745984037,0.049813717474762806,0.010299729294890113,0.0037414682003517473,0.05749662323143905,-0.014104871149666737,-0.012106161218027926,0.046945857221437015,0.026897692281402343,0.06333784841989598,-0.028685159545041607,-0.06310687601942985
2004-06,-0.02142202799352417,0.12007535456730817,0.021388127775834657,0.09074393995120693,0.021693469210450685,0.005374236341075432,-0.05911106879767997,0.026428253263214452,-0.02883543847014957,0.04560086886132586,0.028338595727807777,-0.01259538181343982,0.08636648358111121,0.0836597087546019,0.1359851140783296,0.16707351348081895,-0.007124328621091189,0.035030168993271354,0.06567001071167519,0.02048907493550973,-0.20862725344066846,0.09131929280533126,-0.036128181622700574,0.019771249006306033,-0.005845295692096826,0.06462862663900372,0.01842145555567262,0.05958190304132074
2004-07,-0.03488430808056927,-0.038828964654824195,-0.04282836352032755,-0.03002278756379549,-0.01811547876282242,0.06401188281390964,0.008192596952229434,-0.020284051827862613,0.005269827603513528,-0.06380542290982275,-0.0564216692369741,-0.05717361881848721,0.042709201349309195,-0.028975808903734305,-0.18714266871218463,-0.027404531108520126,-0.07780856215894694,-0.025551420173862558,-0.06909999106093567,0.0013955786364921916,-0.28540616557815834,-0.06691952259121813,0.003668071824053617,-0.058876491352171136,-0.09214320472614393,-0.13000671822284132,-0.012207320048185739,-0.015014712517909078
2004-08,0.00989519210643209,-0.01795438041070162,0.04521564199954877,0.02493066654806478,-0.036243544232472794,0.022899577649285296,0.09805422807283846,0.009977525487359673,0.0431951538148549,-0.028473903730753983,0.05665336526767649,0.014741422485022904,0.01871002358012168,0.021940005063903752,-0.015678235203661278,0.18373360854891288,0.0831424142503838,0.06037780802592997,0.03195538139232387,0.0013631870731893195,-0.0012294153618953884,0.01599414011017394,0.005623218218075168,0.024572383117004323,0.029163934096442103,0.006635047881718713,0.0646644446823062,0.037790202061463864
2004-09,0.03520675658822038,0.007539903303977641,0.0619632934692762,0.06430711275649939,0.09213492415986746,0.0494484591975197,0.1612389329693359,0.035925987629437585,-0.03552752739083001,-0.06924616774370085,0.020882658879553578,0.03701408719136604,0.04855043546473065,0.04122485427206919,0.050107284669989954,0.1786432105350208,0.014844012317699867,-0.01379021310141886,-0.03442309683972334,0.06581677757284521,0.22553973836387736,0.020928361246369483,0.01451618510755344,0.025065043646825904,-0.029737992604593096,0.03415377457336962,0.044173993424687585,0.028869371506954664
2004-10,0.07835026954095926,-0.016454364464465243,0.05780640745327664,-0.019505870838365556,-0.004376382740868164,0.058918355174923324,-0.05336896370014346,0.012196833318211371,0.011919821952410337,-0.024228485612283145,0.03945777424837954,0.043539491100616126,-0.05999897821960012,-0.02429915788499162,-0.10971698565555861,0.260042408977326,-0.028018283385038693,0.07697470276765579,-0.0273448729602303,0.005582962464178867,-0.0794457579377538,0.12805330033774237,0.009265911306226718,-0.05937590304038044,-0.0263598127003554,0.03671205419848837,0.05580181893902926,0.02390312881108762
2004-11,0.025007230773016868,0.009084900414798015,0.006702580107239693,0.027853655816213053,0.06492087763459131,0.062143889645009526,0.05724782423161291,0.04416618007700374,0.050850441439170155,0.027431578805673266,-0.03371353722125801,0.09767880452674535,0.00882392174789935,0.03778538202817961,0.09025826538394086,0.026548977160296507,0.0033932101303025663,0.03442140245904133,0.01957353067431025,0.02008218944130315,-0.019032238293334867,0.04361760425165013,-0.013698290271160448,-0.0418044592771184,-0.02171342927877725,0.0036086048965056454,0.029114708830621,0.0051576370675306266
2004-12,-0.0020206216624159986,0.036742165656907334,0.015118220423895695,-0.01005941635724555,0.04269681432043489,0.02241725227681141,0.07070891500598869,-0.015307785914500048,0.10019293951432365,0.02542589816547091,0.059367774905672764,0.07001531740901629,-0.005745095432648591,-0.05729437652968591,0.08519497030870583,-0.11468647636136843,0.05485337540978295,0.06374761045315676,0.025830775090830642,0.002232805701091771,0.00855037602148367,0.062176546616737084,0.03802473700473204,0.1554150788133316,0.06286069087855448,0.05405102097090488,0.028980388329096576,-0.013483579056058893
2005-01,0.039963356290395165,-0.04519195137878119,-0.034074210792988086,-0.053972837008381354,-0.07514283259608998,0.03276209361811044,-0.005247483156383117,-0.03281625731810796,-0.021406573436832964,-0.03895912240280147,-0.050375521525840655,-0.06323247433093883,-0.006357805533041202,-0.011116982530078463,0.07551184572837559,-0.022514598644237344,0.06402464740974995,0.01516114956369684,0.00897225458989406,0.004400724173594046,-0.08767787424133848,-0.02098332664548673,-0.02942089917921316,-0.149794625985652,0.006507548277833454,-0.11326761068023196,-0.03596282000827458,-0.08455412337489038
2005-02,0.0037308641725935575,-0.019222960592392885,0.016876386219526675,0.043402197015133134,0.05803772956541094,0.0807727972023201,0.032248007671124,0.006002091065461273,0.019569997528944057,-0.0018573862739076881,-0.022421941811496662,0.021267365264137028,0.06349135918622682,0.04381436441089306,-0.0035727007086828006,0.06164820344161919,-0.0338777465908321,0.03842697132116975,0.00614545127655125,0.11188229225208925,0.17400635634748735,-0.004573036184084398,-0.03087430948678051,0.12124463529957752,-0.006866341938741433,-0.05865266748539392,0.03485049266971329,-0.04047951727628252
2005-03,-0.023802128603609234,-0.052349844426862226,-0.03196135213047493,-0.007279113270718417,-0.03427230613309094,-0.021325589048643716,0.01451550858432153,-0.0434244341781308,-0.05505436607878719,-0.04558585189837167,-0.06156528736094207,-0.008362866804777346,-0.041543112355254964,0.07266578172527194,-0.027252263672646077,-0.12927721697803196,-0.02446932542267021,0.026277892917276852,0.017625585909557203,-0.08620687315469047,-0.19857408249052755,-0.009042548201401488,-0.07254760963440704,-0.024467630300892718,-0.03793417556433957,-0.005843038067327004,-0.09604952422753953,-0.038972458138577026
2005-04,-0.05964390988502098,0.05095619117272622,-0.03444948155757642,-0.07234261556163507,-0.12143368077373082,-0.059481377059262104,0.026901093449043244,0.00485632467077677,0.01775948206367103,-0.024044514000143867,-0.014318742902947568,-0.1481916577342042,-0.040622325491458305,-0.01608164258257318,-0.006440402422267812,-0.19760340919417624,0.004177644151899499,2.6094118220849595e-05,-0.12562866936776135,-0.15495538730628905,-0.1302098229405819,-0.04890692508607864,-0.06196004475619972,0.00042604005714965066,-0.033735344365709866,-0.03291587534093182,-0.1162165769058986,-0.029557536848735116
2005-05,-0.07976675959329332,0.04574054556880527,0.08247723677396183,-0.002026915297134931,0.050296064790664625,0.04791432426330345,-0.013440056285817579,0.03342844047479691,0.08007945989131142,0.0039014815692318895,0.008950081181047995,-0.0411169415575421,0.034853371935391037,0.040643402420084095,0.12206612707259083,0.16964289760852685,0.041002298779482874,-0.027033363718798175,-0.009039400608393968,-0.025359168467767316,0.11112945866797426,0.018812389535435455,0.039400950502543504,-0.053068051601134,0.046371747152010374,0.15829048409779437,0.057757212702473006,-0.04748175482785689
2005-06,0.025493897088848128,-0.03365383522775052,-0.040771184081759504,0.020218753991184318,-0.0122155823173431,-0.09165134083750498,-0.008291960096021457,-0.02114599735952773,-0.05414453162110382,0.028761788925533813,0.004150448034982567,-0.01862590560677405,-0.0009469691573986957,-0.019973353132313958,-0.07163021872531905,-0.060982854228354595,-0.02600438165845784,-0.012516009726044153,-0.09850291178723933,0.0033705465955842797,0.006223472746148973,-0.10593100588252974,0.0021405465019118824,-0.06481356498319375,-0.0484423296154354,-0.035176062606989814,0.02830693370685527,-0.05524648803533566
2005-07,0.09221775237967617,0.039816798629249875,0.13527440139849736,-0.018909493391804526,0.06932893801186277,0.1382824674137086,-0.0588013126189317,0.03563153202683607,0.2918966183973861,0.09610435639127454,-0.028513954377939306,0.10978299670250304,0.05348940901352233,-0.023045798315822638,0.18525912004934608,0.09623900777110803,0.04080629236973328,-0.0013512614052284928,0.010599314201972816,-0.000669471948251938,0.03660743588948717,-0.003175670868811398,0.018300895552057807,0.03550389852642097,0.01580783290167863,0.01925691231190531,-0.017283348446427736,-0.011678797155740757
2005-08,0.054646928859171294,0.07866411404687851,-0.055281802576956536,-0.06496210430781259,0.016720477428798636,0.14506480062985658,-0.06818134128655923,0.02275564903089723,0.057187850742747,-0.0526838374250078,-0.04101612388706015,0.01116531915182334,-0.0009294359406374127,0.017016803157840276,0.04688773942952043,0.1008947521025949,-0.02949722755577479,-0.0029630481740043372,-0.04815674640911452,0.03858454661563336,0.09617311939786283,0.02735678620425636,-0.07339079859326164,-0.06669761434454718,0.016113406449723824,-0.0643135566360726,-0.06994837474985088,-0.023715067478545813
2005-09,0.07996316445860491,-0.0712202061458596,-0.08815244588574389,-0.026613459928377842,0.007228655046332944,-0.002173376881836517,0.04487554353896881,0.048146158504187485,-0.040854942345235255,-0.005840811243104929,-0.01099309854993811,0.029610884516783658,-0.03798113109877233,0.019355391726681995,0.08731679350530913,0.07922639316881416,0.06724168608080056,-0.019575569481367003,0.01291635040846275,-0.014520061782230718,0.07714021676587643,-0.021216571088240512,-0.05933698530504487,-0.03440867839408048,0.009194409609212202,0.06485685011089062,-0.08487823093883662,-0.009380653203398712
2005-10,0.02256509622626122,-0.027105641142170726,0.013365337775920708,-0.004115988994604099,-0.05225322135808405,-0.0848438172944646,-0.03559225267644069,-0.04752535245531474,-0.06126378762730262,-0.03506385933780819,0.03355193568100306,0.005879971172251499,-0.05365889077466853,-0.01988745478139676,-0.04580503026479357,0.047708365218624836,-0.027043638719724657,-0.032373494312600296,0.0014201102719648437,-0.12277544428156603,-0.06819013018176731,0.001838531352189581,-0.004966758945749377,-0.11078800898687689,-0.029709800536170276,-0.009796346516210287,0.01766777605829681,-0.09183394780856041
2005-11,0.006976932944633297,0.06888667846631503,-0.0056883425661823596,0.04324102435267648,0.0685437192288446,-0.010800504093050873,-0.008070463562003036,-0.007129262486155125,0.03396134142947514,-0.008966480785528086,0.049040171943514,0.09388975720259718,0.026240944965055555,0.03206974612867485,0.164065385546178,0.09983669653574022,0.004945655534378737,-0.06608007529172662,-0.005071232197081634,-0.024405874298305073,0.04828730730319789,0.035240789279557636,0.011315747136744445,0.03162687763043498,-0.030927746535374452,0.05535551388490979,-0.009903402337962053,-0.05521303403451831
2005-12,0.0038847369610412992,-0.031242730967218586,-0.034583795475553604,0.019935078607444305,-0.00024496289307130543,0.00046452607081173684,-0.002397943386122493,-0.015566452838807412,-0.07094587696110459,-0.033507437331751364,0.02334422407835247,-0.04432319682507414,-0.03434449888030606,-0.028738696695046903,-0.01815949204066259,0.01188202252543885,0.04344473571911673,-0.05015483932338875,-0.03368750069657623,-0.05876272891414158,-0.007337411403382955,-0.014057294667448188,-0.04352078537411526,0.08451674507908105,-0.03545654484101035,-0.03247802401891543,0.024703434578159683,-0.05506029431415754
2006-01,0.18364874548574417,0.0747816875975002,0.04092754270204003,0.20323034826090275,0.1930843191040122,-0.010671220083800932,-0.06741829788221657,0.025114227459981,-0.08473682718366055,0.012670015846897996,0.06029078381564939,-0.008383603013361175,0.042387520033192606,-0.017664271079303295,0.002709373795923661,-0.04580580872188198,0.035355343736093,-0.04890847360624821,-0.022024730591027518,0.010286910652329211,0.19352314766129022,0.013435674220650675,0.002735167192195436,0.07361916433590299,0.017656074582615377,0.11378255451233085,-0.08102182941165904,-0.019481627402866644
2006-02,-0.00702526988452735,-0.012845911976021623,0.01262863988479709,-0.14778525338708304,0.07409039128313723,0.004111259842351341,-0.04276576502501532,0.03720219332593416,-0.0795012124737467,-0.009250511612253702,0.08202183744471622,0.02474266024540303,0.07176217168535191,0.06715246504955259,-0.042593701754003135,-0.14005773724915915,0.038401231998880445,-0.037082969169378074,0.0007371699131145707,-0.06789332443011337,-0.018450753416473488,0.0990058012161733,0.008471186814725674,0.018065372945400258,-0.0024742148683189777,0.06510651473412,0.04793053770955265,0.03236041952581904
2006-03,0.08601075068615319,0.04666916493950175,0.05138987813018594,0.06307200121359752,-0.03897277590156938,0.031596429999289334,0.00542544402382721,-0.026119930178913304,-0.0087133945542366,-0.008191470282207805,0.028762383962850385,0.0669988452386518,0.06581125789228987,0.03224192371555911,0.016679861951500483,-0.15292696588123844,0.009696180566815446,0.031118091351755972,-0.016639786171172465,0.016241923700622718,0.13034183601941107,0.002443379210943674,0.009028320541145704,0.03992163309147732,0.03130429500972157,0.11724656196863513,0.011460039094253577,0.009376056604164216
2006-04,0.013963496048876516,-0.011360959206265585,-0.06931374720293654,0.07251035451223012,-0.016996195338827833,0.034994672915498314,-0.14159403724108638,0.006741762339038525,-0.06415233504111169,0.003982731819361024,0.07010267465824768,0.009824496355409905,-0.004799824002797021,0.03313191526776959,-0.008665417680999963,-0.04455547488118865,0.029848100227482886,-0.017655643959842555,0.11960044552041312,0.016066756490255955,0.07551784961064584,0.011785180407303251,-0.053613028964383684,0.04484726109656363,-0.02298472364840157,-0.01976877800543848,-0.04617946233510695,-0.038460568819685154
2006-05,-0.09932985841833365,-0.10137304897183456,-0.04142865660665663,-0.0720482799436544,-0.07463193919342209,-0.07010936066046007,-0.07487609747499069,0.01105044690495998,-0.012083434205250453,-0.05750311846619831,-0.06778911122742462,0.008647401152308384,-0.059405903870234755,-0.019669040964644387,-0.011318660885245198,-0.2131868188599088,-0.046384060722251805,0.006131005227549974,0.0077666380753326665,-0.028078175527076973,-0.2421942979638082,0.04759746194868779,0.025410402219078296,-0.04844359984902511,0.03585718732395986,-0.050310387276590006,-0.028557789764895862,-0.06838974651515614
2006-06,-0.0635818817902728,-0.013658012623846059,-0.024652964780079556,-0.03229297060205792,-0.014677643764314437,-0.02411637645434598,0.011581686712693386,-0.030029546772608766,-0.013090812320332072,0.04341413675877674,-0.00023685606266972818,-0.033231078959148654,-0.03977509692148808,-0.07086026043658052,0.11434310015117949,-0.07952871452611766,0.011484732715855418,0.0267427287526813,-0.03434664595113568,-0.004814976735600298,-0.1150151624888198,0.040073746739975866,0.003548018257580453,0.04973770157892451,-0.02754295892616414,-0.009944221627192325,0.008382026991643808,0.03681898289412064
2006-07,-0.009720396551570452,-0.018202717422186147,-0.031175834758250854,0.013126629107557117,-0.09537690479763979,0.028317855441565135,0.054642289763665405,-0.04704654854554158,0.03134193394045569,-0.021567926083932897,0.06124558741135461,0.013678750039928153,-0.0743178940265314,-0.04559784894532707,-0.15534308110270387,0.0007871271317083653,0.027022068936264708,0.04566504753523833,-0.10744259368200255,0.036252956212664736,-0.056093465580643244,0.030225619473447932,-0.06701432936282083,0.06396434308568809,0.0005742882486382352,-0.08942987343121134,0.009599980976184886,7.242701620726677e-05
2006-08,-0.02898517267103769,0.03460793967532852,-0.04520003386862133,0.03845135518023775,-0.10773382941200776,-0.0073550394748844025,0.09687769248076016,0.008700108536978522,-0.040827186613871094,-0.06018624275313993,-0.018396279084371383,0.05666814283944856,-0.022653134895006387,-0.08134370006001997,0.11247327795188414,0.008278105433406542,0.07539302338379394,0.013470376480985168,-0.037492071178250076,-0.022395069224684577,0.31402833731875046,-0.031229774623726832,-0.02730870313131023,-0.007923660312123907,-0.0011676389156182404,0.07022888718772444,0.008686805966755607,0.01951547513962669
2006-09,0.10586541111395159,0.06755685544049901,0.10077983931807867,0.12279434049826934,-0.06290142375663754,0.08083877450967861,-0.05662547519161036,0.10149948700691952,0.03290780439977841,0.03840894060921577,0.015321128510870535,0.031423204490051274,0.0246083237706312,0.015207294663481223,0.03464119863386378,0.07286956716679091,0.006629046315201504,0.004864918613834389,-0.008470314520618808,-0.006357797574776874,0.09358323099147763,0.042571205288948984,0.10493252281204363,0.0818953815185876,0.013969830720319664,0.0846528905489567,0.054552483297009305,0.036155362496378955
2006-10,0.17387919660945303,0.058348119486913125,0.09082109238144347,0.17262184894079013,0.0009436580739340861,0.06548847221026198,0.0004602708527904804,0.03553778232257238,0.06908070625382225,0.07587630611951274,0.06594911180539183,0.13494515024531575,0.04935447430205498,-0.008710498443689969,0.13692904621014046,0.030360667118330572,0.10974918043137975,0.015441287147668233,0.04076868242680332,0.017709050330075256,0.16609850421531688,0.05061164873622265,0.07053299534154568,0.04372103309897451,0.03920043078325534,0.08710319952712794,0.12136440262417131,0.023522684742452834
2006-11,0.00477787225358406,0.04934170629776666,0.06661129188517882,0.05467827246777639,0.010736058383671986,0.005284741590132465,-0.02426215633142779,0.019543071291056206,-0.018344617156150763,0.03181966913297989,-0.017710123679329514,0.03675086750681245,0.020496103957401757,0.0517481858823395,0.10933397869585877,0.05383535307033441,0.014170406634142199,0.01100454540510048,0.0487388211003583,0.06716636787830281,0.06178387338361657,0.06262632344245943,-0.0614174463127699,0.010964559569255529,0.03502906638505585,0.015592462745095124,0.09963685397073818,-0.0540382079860339
2006-12,-0.013265249735453127,0.0420431862636402,0.034215077620709695,0.016950343751984072,-0.03165028766322635,0.03752164765832893,0.08671941389225904,0.030165226567753688,-0.0551353849285907,0.015176621778509643,0.019243157524639606,0.04744446629705839,0.015609031041331503,-0.023908349114468975,-0.003648708491554817,-0.09219298703112806,0.02738135983507305,-0.007168464906966269,-0.05010406140703965,-0.005019618162361834,0.0005299608495862352,0.05732189958912474,0.018168398751312397,-0.014087105152005622,0.022390611918234517,-0.02617938088679407,0.010918822241195534,0.03966437653393845
2007-01,0.08058594662303997,0.024216127684956377,-0.020612886354223106,0.14845057381028062,0.0006793957907439758,0.017924646381661996,-0.02991785289332621,-0.03305900115845898,0.0324731220698016,-0.06934645311755995,0.08682227519853054,0.08188589063542868,0.04727902919505394,0.005317681211103721,-0.03108710417108306,-0.0411928525253361,0.036076042382765114,0.022260083576032135,0.014743246086814482,-0.008788970978253357,-0.1378874586834279,0.04645029543221442,0.022164006748937905,0.034006661471881736,0.006746395022816448,-0.01330121651788437,0.01832937870147593,0.04791186346892212
2007-02,-0.07763496627582522,-0.06374338820880748,0.02155260559662557,-0.01050276882737016,-0.032009524378627634,-0.006747291367568261,-0.040886489076358196,-0.03263682296117609,-0.07083382236275738,-0.02245839095024647,-0.010185468175375996,-0.03440112590109707,0.007902540814159264,-0.011834354728059375,0.09589886056865739,-0.007617114429880354,-0.024656335057525357,-0.05018464417869751,-0.02406262487454509,-0.0623112424515315,-0.04290302683839345,-0.049002255644131264,-0.015417123548081864,-0.08331836147622292,-0.04781656170730766,-0.08171608234015657,0.051290243152647554,-0.04947415797954214
2007-03,-0.008190555589366821,0.010362343615758884,-0.04890249481367996,-0.061343298074239216,0.013019406362869511,0.013364262318062222,-0.019593766485720455,-0.0012886985286778372,-0.06659048607786384,-0.028263035555587585,-0.013693248558397552,0.0420077518551619,0.023419738637837903,0.020491873349049835,0.027929311889773663,0.04702112817546517,0.001413978068729975,-0.05285995781915699,0.038732152775251334,0.03644548290080501,-0.10436511418613571,0.02350154842951598,-0.017508555597764392,0.02197140696154573,0.04956134533509016,-0.003735416600565157,0.036734974829453086,0.014490604154867264
2007-04,0.029133872219077876,0.050411341503231386,0.02363151151634047,-0.05167438081361011,0.01900396894444552,0.06999486235111058,0.04390294876513119,0.03967990472833644,0.0058513013772404305,-0.03168706103243281,0.035931018549188995,0.0873748739002047,0.13425711708372737,-0.0019295136734065962,0.3380497743571123,-0.024336626509526324,0.022495732892848785,0.008039445005408626,0.03756258628508054,0.050838055725079476,0.09779661423238234,0.015888723850417737,0.02502200052803952,0.09358476514627787,0.036960837001336115,0.03521656339984115,-0.035692412491591406,-0.006514569181384521
2007-05,0.032503435982548595,0.05403408170079372,0.06090091894241653,0.06366404988971504,0.08170811554547885,0.048742241421797845,0.03489446742371382,0.07129083057731025,-0.02370919063724169,0.01346885518828489,-0.007289027195299699,0.06308389184406193,0.06847006232712623,0.05749991254865989,0.1333123437029063,0.13192518814807272,-0.004438815601249016,-0.02728297000746302,0.08111895963211244,0.04614292239065803,-0.04884374008118601,0.0056141330048345385,-0.016821812263457043,0.0155371893159035,0.006934445149315146,0.01047329507223652,0.011506268219286781,0.10648288338059352
2007-06,-0.0393645065010723,-0.019221613903802583,-0.049153329525714204,-0.022638888330422505,0.010559648490946743,-0.0205730369221678,-0.049507468203510006,-0.07781808564848143,0.032102663262674705,0.016669696730047045,-0.05664264155353255,-0.006053159520095266,-0.04110493969660403,-0.06645626254559112,-0.03009188768057726,-0.10393694388214249,-0.027690392048028013,-0.028284323503693753,-0.012518642585910003,0.0004422257768428659,0.18812918837355222,-0.03436671621776443,0.011143715225893568,-0.048060455041794674,-0.0032800837916373516,0.045684652471083984,-0.07769066351285626,-0.05567138333116674
2007-07,-0.12501925266846725,0.00888127133077616,-0.06609977208386308,0.04112080067382772,0.04645850906357394,-0.07727127211297663,-0.043500681057313646,-0.07134035623554397,-0.023906602677454432,-0.06830742977112564,-0.09385568838121804,0.06266862285627114,-0.01770434384112934,-0.0030720979875103536,-0.0690982130714517,-0.02778025265560476,0.0749614140644974,-0.023859899178026736,0.017944091504412913,0.01562980703183884,0.05589201483976922,-0.029291060642413717,-0.06962249120940749,-0.06560044599797632,-0.042637881979027514,0.054024769012071906,0.037591724842931724,0.06730502445479367
2007-08,-0.06335793913820172,0.014630519656288112,0.04803198820050182,-0.042755887856202386,-0.037072302492472446,0.03606661437484937,-0.012414151416381301,-0.011072993916369823,0.015246929009267152,-0.10530172895662357,-0.02658332637861636,0.06533590257825998,-0.03878858565291367,-0.07337795207086925,-0.010848455725664324,-0.0308717693506633,0.10458957150960461,0.04673763520433158,0.04940930706723846,0.037351595122307964,0.07782056158534942,0.030877527030646074,-0.009849838308196487,-0.013831572236388888,0.03809414860396463,0.04826814386976576,0.0207298147040558,-0.027595058383972273
2007-09,0.1560973729436984,0.02735965636543747,-0.11713363467957541,-0.04439471421580847,0.023632939689681796,0.05905482549069454,-0.0281215322915767,0.04090082011150582,0.08530910922371432,0.0029411424742336566,0.04507830099633293,0.02156531571761421,0.05139581180700407,0.09485934312536207,0.15847293466645151,0.01892174951945264,0.09403308690089449,0.07445451710626438,0.010784959688648807,0.07584019098452585,-0.028417918301548262,0.03222445400694071,-0.01814282479249232,0.03682863998838088,0.08139205526025266,0.03275680428094238,0.015457310302368465,0.06589432636941547
2007-10,0.14232461190472423,0.0727977452282928,-0.09142439005022777,-0.07760858842811795,-0.016597916618576413,0.07794995586072118,-0.02677709484572526,-0.01913458331703309,0.03182734876746972,-0.011895297070479309,-0.0185943021563136,0.016045960533204007,0.03875152390297321,-0.09729937359973986,-0.011704040966976055,0.04226175991226128,0.015938378259488555,-0.02666897303055397,-0.07343229159108698,-0.002713422478040343,-0.04020926899750974,0.015826516564151696,-0.02246485901386104,0.10805655954585297,0.05500651125202419,-0.023389929495587266,0.17453705162047037,0.03800645442199072
2007-11,-0.0772279646470258,-0.07119476073860816,-0.059740643597099,-0.03889097831323289,-0.03812113600506397,-0.060007187187592216,0.1267366837735137,-0.004138828398433917,0.0019654614267817323,0.08200769886486664,-0.004072851826153512,-0.1014004049436897,-0.04255990699840614,-0.08309588272856658,-0.006020970543270761,-0.1491809075313145,0.023322730453600768,0.0562070952574946,-0.046597531039136074,-0.029734158834264775,-0.20731357996952018,-0.014462192010103934,0.030591908024649346,0.045900016029168926,-0.031902198077741216,-0.12422436535495116,0.019569327962701645,-0.06436344871666343
2007-12,-0.08510326274993428,0.027456083438139253,-0.050899653365448834,-0.0795922053732694,0.002873901357937434,-0.02562294960252373,0.11197397975176489,-0.10576509277653587,-0.04315864161143875,0.030904081152386142,-0.06748690176381487,-0.003583383151203229,0.025785385938858558,-0.0924872992225803,-0.007448765512824972,0.0012194189815276527,-0.029261564308790684,-0.005349828154852727,-0.03124542598512053,0.06149811419394231,-0.05622052174635427,-0.03213967299007349,0.02010736989134879,0.004238104293789791,-0.009557957074908129,-0.11803941274566544,-0.07395860860326758,0.006888732949093298
2008-01,0.013390921592799136,-0.07807855692546749,0.2603743134612488,0.13233726732278728,0.0023427403637812606,0.014733861153579534,-0.009264102494805044,0.12548541748813513,0.06566964946397179,0.01728495919049169,0.14416146891453116,-0.025404771217111512,0.017078472882643095,-0.007138244596889031,0.0732473644320972,-0.15676473660128498,-0.0315671302837701,-0.016338760223670208,-0.002299757414921937,0.0014349878192516938,-0.09246885313054722,0.03827812889648136,0.13262831879602222,-0.11002489217454874,0.0063910168177340135,0.00627831503866065,0.03806770098774174,-0.020890774642788372
2008-02,-0.07075120400056127,-0.13185235831886977,-0.07238154912625401,-0.09339708301088383,0.027741956568272854,0.009299282021555593,-0.05526885233022558,-0.06265128621325856,0.008894858398025075,0.020176420932283924,-0.06012160573206498,0.11330569447466164,0.026171837449290743,0.007523389403060838,-0.15700180459320484,-0.13850776621408287,0.00406086137568711,-0.020934619855248263,0.017981182868563258,0.03235336097615146,-0.07470909032280364,0.009060652067441631,0.021033765227141735,-0.04890641415244624,-0.04156053598011232,0.03114834100823257,0.026458286901067506,-0.05599720450487134
2008-03,-0.028492407153794915,0.027314723491487457,0.04914232784529894,0.008725236868009807,0.07326040136377694,-0.014979172612710139,-0.1192956450572753,-0.0018882383671409563,-0.02193566093732844,0.04617185428993583,-0.014613133067295494,0.044247772160428724,-0.009650584430537611,-0.08332642475276619,0.13997497838540632,0.10642865856019161,0.04910192359331409,0.04373236604651021,0.005512278959913713,-0.006836878352578275,-0.05674779981342149,-0.036434831164301476,0.05560194620642165,-0.03509590253663566,0.06106613077061919,0.001600025045098166,0.06596207560658279,-0.055177328523398975
2008-04,0.07830735975027008,-0.015966631593213067,0.05609123312055106,0.04188318389389262,0.013007995340362585,0.07517826585458211,0.08980868444594754,-0.010496461687175511,-0.046791227958159286,-0.009627642126023414,0.026917681906972794,0.031960020069455225,0.02703408889004684,0.05767562898604675,0.13177319813107868,0.07092223794570238,-0.05577890051767492,0.04366135038141469,-0.038378533653733976,0.13605602473377335,-0.00153203243837454,0.022723132278573685,0.08690270404082298,-0.009847280594588807,-0.028754234895129953,0.012547417213098844,-0.025786232815577195,0.001606954190670507
2008-05,-0.05840601839946625,-0.035222796202342394,-0.04252872926549124,0.035646621279435915,0.004522574610196608,-0.0029368000910409905,-0.013962185747374244,-0.06377605229259407,0.07663693808935523,0.012092248581713918,-0.11579373347031978,0.11518851709635508,-0.028405325087321767,-0.044518744953690174,-0.004698034228210283,0.019855880028968473,-0.014677828574682404,0.005985164605207952,0.008409732884825178,0.03422854496774549,0.05253948264793103,0.030327321712733554,-0.021694445982286224,0.01640790187594836,-0.023750601326778236,0.05889372478957436,-0.022033495224739328,-0.0018054392425360852
2008-06,-0.00995730261663592,-0.02854729361931672,-0.13185890015226256,-0.08599662551784955,-0.07558912841742098,-0.07193009646935411,-0.119248115577268,-0.17999870840853296,0.09602428462805009,-0.14688409309373504,-0.1873200056827823,-0.0563320744786744,-0.15251882239627876,-0.160110815215175,-0.057618874620906604,-0.05061948559547811,-0.07736498490773601,-0.002788540427231143,-0.09783103918037919,0.00902487629686562,-0.20251148098889604,-0.06613726365225477,-0.030961481353871237,-0.01849745404139388,-0.07697342792869148,-0.09759743793515469,-0.06512900654400525,-0.052508825028614634
2008-07,-0.028319055593556988,0.011331542870015315,-0.004634215700506015,0.09990818755094295,-0.07713295543193156,0.05749766132883517,0.015133397723564465,0.028678528021039654,0.09489155855340665,-0.002598170774626376,0.09127142458000134,0.1349974437930018,-0.04377167973785381,-0.05001323414346359,0.047320094092073925,0.0015416167385027954,0.11402390748499357,0.06516701579871374,-0.01437437637321559,-0.11960970350604869,-0.16889686393069217,0.006024887937625362,0.04360299000017138,-0.044713639134289766,-0.01658712238359501,-0.03027993308013759,-0.0333620067776512,-0.027243151714425658
2008-08,-0.047925513573689585,0.06381768117382701,0.18255295568357197,0.19889534864191455,0.0627547655670853,0.04076403188914984,0.05123729152368932,0.1023316752371877,0.062077599181731745,0.07565699403636798,0.023549351863150395,-0.019026034927619898,0.0071729627150564,0.07119186482341248,0.10342066882255502,0.057975754529275544,0.07467179389056806,0.05352736371339082,0.05482801686375748,0.0070401632397519565,0.050763959791183776,0.08799126227008848,0.0575177221703729,0.10374899040333266,0.027436524371257296,0.03325173305738918,0.04827888979923703,0.006154680444720247
2008-09,-0.11834613604549787,-0.07749796088626619,-0.05080156173839479,0.04771140507770395,-0.17797010738458702,-0.04401985944854028,-0.28841793759682377,-0.07442703818924466,-0.04623445394414546,-0.12500561158379161,0.15127602961765482,-0.055755048356748785,-0.17260799970861251,-0.08958171577946845,-0.15459923427318728,-0.2443624487855522,0.031044477840518194,-0.038266781416499265,-0.04635455268937029,0.007491369213322753,0.0033100708519195614,-0.014364646402085086,0.007531763537484171,-0.09792853457492887,0.011386801789765458,-0.047135580182288014,0.08387626751899042,-0.11104056288807015
2008-10,-0.14580124255805302,-0.12069767931254778,0.0948833714483274,0.13076381181018623,-0.31455364794570695,-0.109749386388,-0.137513010159736,-0.20499191119123458,0.07713959355589185,0.033702783302331125,-0.07712779769640354,-0.21005281849474383,-0.19089765349449137,0.011301126752377388,0.1462688966099217,-0.1336681547835773,0.007777301352199139,-0.11476626872990636,-0.10303615922716497,0.04473483978233582,-0.17276629792084605,0.04403869441813009,-0.024877386898650176,0.05495457821413412,-0.1793679613746527,-0.1092395055860966,-0.057568341516724415,0.008350417455798094
2008-11,-0.12354920350692167,-0.09189984020779729,0.052699836159339895,0.023897342302383082,-0.030165367778726606,0.03113282971007419,-0.08432264013895731,-0.05538548230759338,-0.10797535330809066,0.055797368964312054,-0.21803627510360782,-0.1034655035989716,-0.07885528905223939,-0.09278895585279057,-0.10075007094432341,-0.10255186115058461,0.01140665442966673,-0.02628291380527248,0.11114226091506094,0.13494287650486494,-0.21596311089615344,0.002201707017658263,-0.04403136371358668,-0.11990495048160063,0.0604363256944798,-0.0013793833420789566,-0.07921894503938846,0.02114799042943601
2008-12,0.1969774340214731,0.01960466876951519,0.07510490334291331,-0.01589091552840787,0.08291508066137437,0.056444970787511074,0.2905830262824114,-0.07444906419853496,0.0982947428729499,0.10624829229891708,0.22426872517422627,0.046120998479109006,0.16117928100058831,0.10104465265822538,0.23092275202984353,0.04781048278105199,-0.024902411169679162,-0.024923458773835012,-0.017141115970574848,-0.050512937565873994,0.20075273323709755,0.08527606400722541,-0.0007925926382328281,0.16398430098680747,-0.0439843185639074,0.08479016877264857,0.04324042108081558,0.021383216841062397
2009-01,0.019032591908568378,-0.07621637361282436,-0.03267103680781935,-0.04630135722665319,-0.23824456921270715,-0.05332686230423034,0.06582831057249469,-0.10202644782169111,0.0013141631391908539,-0.1320303223856207,-0.21186074492477686,0.11247061778557847,0.018262681933960797,0.049756954744929104,0.11755173208436231,0.02691063091403184,-0.07361010779223233,-0.053126427195546826,-0.047279949831674564,-0.005459570654781343,0.07287807368487514,-0.07512184059771336,-0.07626993881316228,-0.07273009763933763,-0.044748550832507554,-0.03029726910253463,-0.058028781699747525,-0.056141353048109216
2009-02,0.19666875542281884,0.0034800178695265685,0.030872580939966154,-0.0020724294006991715,-0.20719462391976382,-0.07419365343492075,-0.2335166749967357,-0.24547063673064096,-0.05566316575264428,-0.03511383062835708,-0.029854852828040585,0.07044646817923651,-0.1753834419901587,-0.19700865203793103,0.18671801651227338,0.07878899012071118,-0.09361950163892503,-0.09217551452511905,-0.1330802924219688,-0.07262440706009311,0.23522625875107855,-0.12503598509494088,0.0633691301238696,-0.06033459685113097,-0.06718382372147813,0.005202537346119186,-0.044071001262676386,-0.06352015113875215
2009-03,0.13736461091521063,0.05235964945645579,0.16448490272667213,0.14747441103736778,-0.03543068624352588,0.01778876196265725,0.03752355910028335,0.2559301821858261,-0.06899419291554428,0.17717117641015115,-0.007133801479083169,0.0929759226190752,-0.012443819836292612,0.17175234431767467,0.04672817419251713,0.13597742618067052,-0.04502724768480779,0.007578392461068054,0.13027334038106295,0.0693443741295795,0.12770185350302787,0.17151543333041291,0.006274428932577419,0.22945494817789228,0.027926465520337444,0.09620189779464841,0.13832922234360864,0.01711219135087125
2009-04,0.29326210892737836,0.06620255255187554,0.1724965786062936,0.08139647715586332,0.3675256683182354,-0.022592160661092396,0.0005885991142721891,0.9687841905254088,-0.04048324868410443,0.08819721329700544,0.2872903403935324,0.16515134499498263,0.12245720545929424,0.21949859594525978,0.09542938350730773,0.16824376365819502,0.02186558975224264,-0.06799403758017912,0.1622132073935019,0.046921575142634155,0.24043286607939224,0.2678137724385134,0.024351657157822233,-0.06727534043639007,-0.03988528555589504,0.12101093020489294,0.18580388811532453,-1.6798581697871902e-05
2009-05,0.10623456178922701,-0.007319861272893052,-0.19710250894920953,-0.1257671632507033,-0.0798502013599007,0.03248942878316962,0.19281912010336247,-0.05125773891292729,0.020289274478214568,-0.005685631389642221,0.011078388719421404,0.05436881309592907,0.010392186679014986,0.0915318312574832,-0.033104247650786525,0.058455641506578115,-0.001796302714235795,0.03527337952040212,0.005648827208300664,-0.01003175615493047,-0.1335696141956925,0.04953206700363171,-0.07946172124151331,0.12524323613628138,0.116684232247973,-0.058432907255860464,0.1150233507018401,-0.07227905929104034
2009-06,0.003078027206015268,0.09605432935766545,-0.021893693985300215,-0.009694267123630897,-0.12493696298294824,-0.018982295705591033,0.013433365133809504,-0.055894690339778653,0.058561096102947824,-0.01478901055607019,-0.11460778359669993,-0.032538893086600344,-0.09693525861885999,-0.02779728826238355,0.10063992167994286,0.020582211163531216,-0.010639364525209383,-0.005909747868135969,0.03786739478261543,-0.021787885205888816,0.04733350803685729,-0.049834501073553916,-0.03541952623935228,0.006951035418097378,-0.022561807689581638,-0.035828877109786675,-0.07499215332770286,0.0019552133353784268
2009-07,0.08862021332588822,0.04818104521458327,0.08566345990001484,0.10467188560824395,0.18428525659015987,-0.02166249260837082,0.03996405175859725,0.26482710734767173,-0.008344796495389042,0.02525118754145453,0.15449107787492594,0.15538332773295624,0.1348500880828999,0.017175927958204936,0.05604623962062359,0.07401321507669194,0.07977199706811143,0.051745774183529,0.11585206714098407,0.06498490608194912,0.12508760284230244,0.053691435106045085,0.0021383379770451958,0.025974233770977826,0.04198525665323091,0.16792603524341937,0.10930850539089862,0.043818517092019026
2009-08,-0.009841816236448751,0.043395842585929136,0.036347025122277804,0.0849892141023915,0.03454768085307259,0.0017958718836790857,0.03304003936755082,0.09521916179426158,-0.019134356140431973,0.156105532254982,0.12607556614787127,0.059395988870800866,0.036704233297651614,0.1213345273658168,-0.001474300742174621,0.0014410550362891435,-0.02278961369125998,-0.023184651490776875,0.018405741752488727,0.029580095859888786,0.08129178136478682,0.038349003167991176,-0.013885590520292104,0.02182885653038722,-0.027563572032483576,0.007589324700043731,0.0105800928727565,-0.05837021288297374
2009-09,0.0527812876789493,0.06771114165426435,-0.04597503083874331,-0.0019400606574505688,0.06309678337349303,0.0034301102247764697,-0.10604646945420258,-0.02396935627364308,-0.016190684585940432,-0.03968822128692662,0.005692347014496746,0.03259081686755863,-0.017537646500339985,0.056043592173149887,0.11801267770392986,0.02928039931133025,0.00029619074609348554,-0.01254679258950222,0.018893714400523034,-0.01400527729345224,-0.009670591219070214,0.04002795387787616,-0.03872675590117242,-0.024068966602015844,0.12466132046156023,0.050644602439671144,0.10107334694419455,-0.028567330857654512
2009-10,-0.07816800335616765,0.010880281123352126,-0.06321330177911338,-0.018261642873822183,0.0389562854354083,-0.002793633745269651,-0.0206376455704242,0.031827682180290924,-0.06048045345318545,-0.010979563620425596,-0.07226606475067852,0.06046232659100098,-0.0601696119910654,-0.05681154106300466,0.0547604217115108,-0.06535368534913283,-0.023437892109279674,-0.018924879666363668,-0.0032526526038621486,0.0593727096023211,-0.23201852480515747,-0.0010212181890265394,-0.013767457130096706,-0.04456774360174234,0.027738578086552976,-0.053146711748472034,0.004304125043109406,-0.07442389685947408
2009-11,-0.013725034948883283,0.08119689277855709,0.08358005371537454,0.05559780427866072,0.049522118848048365,0.07930823298288582,0.09723031522738926,0.1918584178596752,0.07019642793538564,0.009004784153523439,0.025043511396486515,0.10486600499148849,0.10007438229902409,0.12106158998562676,0.13868428534815316,0.04509412087717598,0.08846957728972911,0.07514443703825424,0.06939578176568412,0.03663111768044095,0.05840776910943159,0.1192419036854987,0.07859404753225696,0.11717553662337556,0.08142099832431408,0.03257405615086038,0.04580105975815658,0.03679933005383024
2009-12,-0.047918335092261274,0.04597150242799542,0.007625423091534171,-0.0026915847969356138,-0.08605192498663929,-0.03414315645382989,-0.011428445442123986,-0.06059060887200067,-0.030587884194831803,-0.05463233908873491,-0.05310895185935358,0.03697583241623131,-0.012588569954660303,-0.05369991730759591,-0.11786366116795013,-0.06332877793253232,-0.0363763870022324,-0.014437504806037721,0.05232748566840817,-0.07701901889525946,0.1348864228783993,0.04676027150175857,-0.039082712146524666,0.020078075117090352,-0.0013166143780133294,0.001587039924303516,0.0038895987207878038,-0.01611925722584503
2010-01,-0.12289649646536246,-0.08802445605501029,-0.033038679521655324,-0.06650176531354571,-0.0234987149836438,-0.006859182865960555,-0.04022531213159416,-0.04013268802798354,0.026892355622176713,-0.023721894641531852,-0.042078849104044976,-0.04007967443723898,0.01599247315884788,0.08980978160406149,-0.13034750060374095,-0.146764989768015,0.011293769442360737,-0.028745185408873383,-0.04671003063296859,-0.048113901495197335,-0.13185049644320387,-0.057707897498504926,-0.021153520983844654,-0.014230685519217684,-0.028841133382013863,-0.05994085703385577,-0.022252464330072736,-0.11580736242922864
2010-02,0.04767644035687367,0.02174740051454592,0.08350127434580283,0.0008769714507474874,0.07803871039643302,0.02190588865627045,0.057883377648606515,0.0185727317517983,-0.018591927280334583,0.06842991507108732,0.05976450653486453,0.050630156829407684,0.0380287982296071,0.05909280216970066,-0.026421755349785775,0.06943859595403534,0.04454236676698524,0.0027453147631788443,-0.0036561008680876484,0.024758475235499317,0.09406927896497579,0.09943207721187972,0.02881297764048809,-0.050405438598760455,-0.02043829602127271,0.05539072720806911,0.06234727655093493,-0.034045362255138954
2010-03,0.06240451208333328,0.004413030556446533,0.06417985694043692,0.028267322869762964,0.07675675938506892,0.007099939738084772,-0.047085668899568674,0.08912451515503626,0.04914655168342566,-0.0028194349014539137,0.03946725988343745,0.010303489993635258,0.06451649903480693,0.07271650983068408,0.11582218818719567,0.06779869478122709,-0.00045047773423963097,0.005226047949284479,0.03881995915628626,0.02280568134207118,0.005291468675322195,0.13674015745429924,0.030856440694448727,-0.006243963968413588,-0.014424981132742076,0.07012244195477481,0.05459633901637115,0.015617371809209786
2010-04,-0.15057515792384243,0.060789214388964986,0.08825604450215788,0.22075951402476343,0.018351401689850836,0.040914009716819716,-0.12759273594639386,0.11011105793004379,-0.0011055357278955023,-0.025441989026865994,-0.08051294488057768,0.04100162441331806,0.01421340734679188,0.005651686697271581,0.024281047753198223,0.013619873419362705,0.02720358321725504,0.0004495179650230562,0.02440590838515809,0.0695610933167171,-0.04234306047098816,0.0736397419921325,-0.015931749911011275,-0.09287204699153799,-0.04466918885616756,0.021270793706862034,0.034730864606462554,-0.050302782601395084
2010-05,-0.09945564727268673,-0.11431338095079163,0.0006949688455542131,0.03858862091211503,-0.048418500494865846,-0.04006223635211418,0.010437054847951207,-0.1178909100703688,-0.06385172569638271,0.005447367856784372,-0.03958889641116615,0.02365474518935781,-0.03541464886809163,-0.07980522967466668,-0.024562750025578835,-0.03973556319866931,0.0328527130289072,-0.07432039617911865,-0.0862458291987304,-0.04341479741574952,-0.10000175464893467,-0.036533386889635665,-0.0428825429155002,0.0077572216596695776,-0.01942140859896561,-0.09448779423829837,-0.0019609499435082754,-0.03503746198387249
2010-06,-0.10741864619258715,-0.13691322817505328,-0.1330070623964014,-0.0990288284495396,-0.0667904911092842,-0.017797639622129092,-0.02630244683118124,-0.026501612817656974,-0.019702790278203482,-0.014717884038067798,-0.10271926027854511,-0.009709739207177001,-0.05724229739716407,-0.060333246104209315,-0.116791810730537,-0.09951681981262488,-0.01724961196866054,-0.009062045192450852,-0.034819235850236226,-0.10039619659338947,-0.2552227290010554,-0.06831740984959771,-0.062288008344256,0.04279680157063497,-0.028756480029150093,-0.08748962916218522,-0.02836042101815113,-0.01689997414556711
2010-07,0.04184788159229783,0.03588777446960719,-0.011236287627862959,0.06803634406618617,0.14303537925951812,0.04198002716760646,0.02855969556392246,0.09071157388354614,0.028939908631390236,0.04285081803479084,0.033808764065637334,0.0840572706109453,0.03006831640016381,0.02483955059151019,0.20899803653408447,-0.041775122178154184,0.04827204633641075,-0.032593375414438894,0.03716718633633706,0.07626830650667848,-0.08700059036048374,0.04609696735163478,0.03893473891404704,-0.007848383659597894,0.08093147347610251,0.05771717332182726,0.05786692775676626,0.015183147814849677
2010-08,-0.03265229707774479,-0.013216604369856097,-0.00529279498981557,0.07716823018185856,-0.005500630971182283,0.07611080460700372,0.0928062990155851,-0.05073545413117115,0.011132468860486635,-0.0026388290961279833,-0.060702957966797935,-0.0033150183479692848,-0.03199078093464372,-0.039211601973629995,0.12732924185798547,-0.02507253427681413,0.022253628052752314,-0.0018315200826713174,-0.011595080649426331,0.01895084857323818,0.06591777674365987,0.027858063631845058,0.00785685662235799,0.058868786136931216,0.06723563540467613,-0.006976918177892485,0.01962114842487792,0.037784516808110846
2010-09,0.0184613431073062,-0.002954825920063626,0.07921769525755115,0.05718474065853121,0.11562166818476849,0.021416994480003455,0.07481414574903432,-0.005749924714614498,0.08054743830862847,0.036815453325518846,0.004741346685103509,0.07012738661648835,0.06661748017258218,0.004706975135874426,0.2042214095687682,0.08488544364115089,-0.0003907861198623919,0.05890535401208115,0.06065615467723576,0.03829818621091539,0.14218782529479418,-0.027888172025977327,0.05133839507751661,0.01972150563378116,0.028713872988949313,-0.008332010691003878,0.07082504615952911,0.05757094483843842
2010-10,0.07743775448525077,0.03495414713760158,-0.026511951792532733,0.028310086823255896,-0.028550418914259457,0.005562095818148812,0.0038255224086737216,-0.04415749495777738,0.055245916179370344,0.03191032723481027,-0.03498319675728763,0.10701641529384841,0.04811490615374126,0.004633340859280197,0.03553759643380516,0.03540883501327015,0.04247457941657077,0.013742970656260107,-0.014650260524482402,0.0057916347184094295,-0.011970539346919728,0.09341603837583017,0.0029576570683357783,-0.031078832022577368,0.0545478153930912,0.007598226501746244,-0.0008395891520190899,-0.028299712937578124
2010-11,0.020072552757946758,-0.041152419526414,-0.001997033927770195,0.041323144370248595,0.08846092740779431,0.020839745706534463,0.04692557126895356,0.0727421035325811,-0.010876820261264424,-0.00548893541817253,0.036486977431370735,0.022593318217052037,0.07123182803637483,-0.05067148508079708,0.028306866733001448,0.009431947186667344,-0.02702115893911817,-0.0032873627990269937,-0.005241078414081861,0.013330733320866373,0.10634352409473355,0.051329614410626216,-0.0029592116294102993,-0.065676876970922,0.06233962053830165,-0.07193875354104316,0.06834871848563684,-0.02349062888965341
2010-12,0.05324844544792378,0.11080282239172698,0.1311182417569286,0.12151679115222241,0.059011378305570066,-0.03437698402736096,-0.029366155108508863,-0.02706764019494931,-0.00032709577157366207,0.005791851325438902,0.08083161799092953,0.01462949626027774,0.047218037099318384,-0.009394593842033085,-0.03147691275858945,-0.021812831589424396,0.03485229330490909,-0.015595671359793563,0.01307708226050038,0.06001731707342862,0.06640929258015497,0.006593271976766994,0.00233315458440392,0.027101459133139553,0.03867624280765633,-0.028472775465825776,-0.0205044471651607,0.05676402555324394
2011-01,0.009354071891705099,0.04118137183784435,0.031041980441348295,0.0009703183380742967,-0.0250667116301957,-0.07038292261109887,0.09196328747603719,-0.005648339947240613,0.020569772446700496,-0.021431855167816944,0.022226326093693183,0.07837292302371306,0.023262332479739255,0.045566407363952004,-0.010311595794145785,0.047416329945803984,0.016844995805458167,-0.042090219369486925,0.01673872531581221,0.024870184580461554,0.4535515875285439,0.055922363597427624,0.03440532205683087,-0.07265191149160409,-0.07378281758528893,0.005943413519613614,-0.03738659500691388,-0.031989664782437296
2011-02,0.027352761888192283,-0.036987035671000715,0.00983065218126929,-0.02743952187984372,0.056657683612802524,0.010340282572073846,0.04647599624990152,0.04919384196895138,-0.02686920864769784,0.0833166996945808,0.0636586054836305,0.014187882657396017,0.08104619798089611,0.0012768384858452442,0.06412828096777871,0.047311644507504934,0.004314431967676842,0.042260127739587865,0.045288829061611253,0.10413176709400983,-0.043915506733443986,0.13143672576814142,-0.02701081578140819,0.0040392453605036785,0.022408862798366035,-0.05346685081845277,0.11446499396377756,0.04360239462111587
2011-03,-0.03165951397679655,-0.05032357208353249,0.002056471210843656,0.01611047124154669,0.028801399154513338,0.012031552618707711,0.03437061602550712,0.01927451654063907,0.016246439238671792,0.004767908058299739,-0.02272337643486318,-0.0019669087563849654,-0.008760062411993196,0.033491807577838616,0.02386329084201135,-0.03693806125047069,-0.032206003708375376,-0.03805223953871782,0.006309800124925922,0.023455370404580168,-0.2584909663884503,-0.012414838377973667,-0.0026734374730605225,0.017374236818964196,0.032879566928737836,-0.07592566820435151,-0.0489132177643545,0.0251034754017919
2011-04,-0.06557147627472461,-0.005305017021143294,0.01176422483749423,-0.011640721666798014,-0.04468083926944041,0.023819052221522113,-0.00044412878672036763,0.07878733985068309,0.06727378356367077,0.02005638963195254,-0.03274141647830893,0.06725411718122239,-0.010907805148636035,0.045138655959923855,0.07226858136162384,-0.050317446642726645,0.06838957257149424,0.1181212487441972,0.030791203819296023,-0.010670894550146458,-0.00067049219410945,-0.0110471989606253,0.05964048527824571,0.03531215408873088,0.01680165205852261,-0.03219114075421645,0.06851192913361874,0.006375326335977542
2011-05,-0.050740483083997076,-0.025497879455876296,-0.008330050679539514,0.07977049046097981,-0.10498459229234665,0.04156064952798205,-0.003763457357406406,0.04471458572047287,0.08820582182674443,-0.017286558207762388,-0.032228866543501745,-0.003039066612946251,-0.03223645716489459,-0.03202003244596294,0.019031548957111694,-0.011667375572707719,0.058172432385800533,0.03594711601336,-0.021938106680856148,-0.020388561018357093,0.01776865825444425,-0.012987898401420962,0.02220324930051144,0.03143204217132279,-0.020364987176172362,0.011910755763483048,0.01928738173121652,-0.03465086157744411
2011-06,-0.047224881158646176,0.048930267175638135,0.024552256156817758,-0.03542576259917486,0.008179621315453271,0.05105939419957422,0.059522835835795616,0.012052216198218063,-0.020795325267468124,-0.026569936922948727,-0.039022109276580036,0.019020795636721387,0.004294127713797657,-0.043605553224300646,0.04674782887522106,-0.0529305344869533,-0.05554293654246044,0.001129488175511693,0.00445181760932441,-0.011144257344650963,-0.18404423587165938,-0.05145506586589669,-0.041897401936720965,-0.015459078028009707,0.01686352946303662,-0.05577207027233172,0.054850362525348806,0.011611633620800539
2011-07,0.07902281477886829,0.12156024182901848,-0.019433461772228867,-0.021893799782513827,0.0211425019972514,0.00894227638536833,0.004584211474671354,-0.025329177612006416,-0.08417662927156189,-0.04945439274791336,-0.012744510360959624,0.10051357446335409,-0.0600272414321191,-0.0687588376997001,-0.004149376220398489,0.0986000777219553,-0.017374572984966707,-0.0019408821240998147,-0.029459845520635793,0.050765047735113686,-0.0652003652217906,-0.010437793764360527,0.005363444144331243,-0.027488007651101265,0.04145385823000613,0.04588240386756163,0.05125644004437016,0.006180381960016316
2011-08,-0.15047322147661202,0.04128707874165656,-0.06275578154601688,0.0013129744126723134,-0.1813919538520153,0.029690119075747236,0.026497770138957693,0.017987333216092284,0.07492524516468164,-0.02942150143214804,-0.1098924200011309,-0.04986726148106863,-0.10619419592362869,-0.07364820377797948,-0.04033953377617276,-0.029761084299281582,-0.0024539586421268855,0.04133302892632732,-0.0416170772089929,-0.0644982284293483,-0.08978506973052305,-0.02874539733997613,0.0019445120493773937,-0.008187984911695648,0.03466857724764851,-0.06208812350676961,-0.00927096291481,0.00033385833132226083
2011-09,-0.13383752346538236,-0.015441560171218439,0.05781395962937427,0.010632390408871031,-0.11413181094006775,0.010360758927954239,0.04835466085989556,-0.06062452186029748,0.07144460418864255,-0.009796518739295731,-0.15049544279055002,0.06342255638530553,-0.0312804706246507,-0.07222314522715667,0.05312426823904443,0.00816968318043905,0.033506247258407756,-0.001732780993434871,-0.10542182921228357,-0.03441756192788971,-0.11251557271873244,-0.08156858144539345,0.0022786334986584778,0.035048240041566925,0.026677800332677137,0.060743045867592604,0.013081470753212691,0.05928309933083819
2011-10,0.1662114853679578,0.05638219613082982,0.07278116433672531,0.07617224894279744,0.1389769662736788,-0.00898811856388333,0.051220601700745154,0.12932384811447015,0.027014429245854128,0.1430616896185424,0.08406937850304937,0.09389223778445978,0.1267203895319058,0.017887501077085886,0.044198713786527975,0.026656226060572365,0.024087257918218873,-0.027650734756318313,0.11147232627853758,0.1141201251984434,0.20282967739662516,0.10100125343609145,0.08023895791946352,-0.04824875546746494,-0.06517742583947167,0.19550955397290914,0.12771434875078388,-0.003858340707682973
2011-11,-0.1342614106741306,-0.04066555280045745,0.0725884110815195,0.05251624091689583,-0.013339781287510075,0.023024955481640002,0.007021120960383077,-0.061761528265018406,-0.004999637525035364,-0.02342912822535902,-0.103102888200406,-0.03391742274925047,0.031181600650194995,-0.0058031248318857745,-0.15141170153162037,-0.07734483835132346,-0.0086383477741006,-0.00485274578467459,0.020351308205434078,-0.05470751201905499,0.04005191745443548,-0.047007983219387144,0.06491434635900058,0.04165907680294836,-0.007816942648457241,-0.03038138595205109,-0.012707450426337474,-0.0379939791638207
2011-12,-0.09442364697664773,-0.05105288350794332,0.048429250934786255,-0.015729259257731255,-0.1257618102977243,-0.006680955887583126,0.011603720615655623,-0.08456126507180292,0.07904244486181917,0.0025353552500255675,0.028872260290556333,-0.04045900276019362,-0.05702385381767865,0.002296112700494435,-0.08868753511417622,0.007685017425209469,0.023702919536073837,-0.028386589488386193,-0.08186964395225069,-0.03359993979226922,-0.14760281488105603,0.004016318525992028,-9.889324010776905e-05,0.016346008391948778,0.0038933003947818645,-0.05740332114717413,-0.07281319977286654,0.0205580614384855
2012-01,0.2552054685382202,0.12686823949472986,0.06751267127976124,0.0916382029766207,0.15108474136001737,-0.0367313788751422,0.06386483865920126,0.09950281859276466,0.11238042957247969,-0.024289393514149535,0.21572826202286874,0.02769704136290984,0.04900927434511267,0.01085437889749212,0.09022234319325349,-0.007984033872645699,-0.007349927154802263,0.012234200348036059,0.0475728735617156,0.0016298149273770352,0.03439355882863234,0.06632603770402251,0.025570137172742775,0.013765259153444525,-0.047654874724853066,0.06205543787388733,0.08209583149852201,-0.06762024048730368
2012-02,0.00950693601926552,0.07567651751803714,0.03141534356009689,0.061499072124512486,0.02815800526537527,0.0015750565241038966,0.08013444840244623,0.05738669721623754,0.03479094779020704,0.016885435485567132,0.0035200676607343427,0.02288300061788119,0.03767501608364323,0.004306344205137128,0.08745722015673824,0.1182783031270094,0.049874540410339605,-0.02395423569789503,0.020655837249467644,0.022976652221353557,0.042832338190215924,0.061237266436150004,-0.012469867386365444,-0.011513203976622415,0.012956511455200317,0.020038521308988297,0.029069867231417728,-0.01536409657123978
2012-03,0.031008654091416697,-0.0023973128141000486,0.09182148602850847,0.04853587748315191,-0.047721595512257596,0.014856009505352425,0.05662545806301078,0.07228656124834543,0.007193099361869628,0.03302195644016862,0.16581167341004985,0.04738317041101677,0.018136266582421113,-0.010092033942969635,0.14942492536853935,0.024954525701495468,0.007961632996051252,0.01710480432767972,0.019923073414624123,0.007284619096975758,-0.011108019741878914,0.047318472622266315,0.04631282958898867,0.01573731062952804,0.083220429411854,0.07498283036500472,-0.015911742930465343,0.011594698984612769
2012-04,-0.047152536228877925,-0.020278134898682316,0.04305682848387536,0.07312077482328473,-0.01573753475851317,-0.00960225317600063,0.01087831523815618,0.05642058764087324,0.06521978828865745,0.05669163924510823,-0.03646822443045231,0.010919920467757296,-0.024019590071997703,0.05018796164766173,0.015643683752509983,-0.11345714738760558,0.011200692697043865,-0.01175204281748306,0.004488577302052762,0.0024997095879888465,-0.1260324887271347,0.0037428473299537285,0.024448037343180667,0.012774565993965554,0.030326230192610555,-0.02136140501975852,0.05419154333921199,0.06800255236907138
2012-05,-0.10098924311456539,-0.04039261670009982,0.025086744496904963,0.0923528314934575,-0.10242157232213728,-0.06871319380214544,0.025123354291534814,-0.041758810273041076,0.01347620586436498,-0.01516826312721537,-0.13856926808158262,-0.02376484063671091,-0.042789637281741365,-0.05681129178693401,-0.03509113673921173,-0.04261971045041885,-0.022785804465666352,-0.021571326893218147,0.0003384548879225256,-0.045816627052795336,-0.10524976374588046,0.051823154039313486,0.1044407025759116,-0.022553719481639332,-0.011016178267089307,-0.09287768572051705,0.0018065214614215465,0.04085136733257291
2012-06,-0.04517676963166557,-0.020070501062627973,0.03813979315427392,0.02357548145687519,-0.06312155217412142,-0.024263517313370522,0.04085578982593436,0.008222525733095372,0.02767303634374836,0.001114391540856452,0.0067121067851480965,0.012289586690615542,-0.012433419201591314,0.017487156346027807,0.07090641905606558,-0.00365851624263479,-0.0008914272206651971,0.06649298528400042,0.031835979767544195,0.04220244620165163,-0.021179622090388674,0.03244695559668856,0.04301956984782875,0.10258642536822792,0.03551774508769801,0.0006319368066344088,-0.11504532605498934,0.0412184094593864
2012-07,0.05778981863329995,-0.03957626820671976,0.03674318196929982,0.06744727426751979,-0.042261625415547545,0.010347882577714443,-0.07088132279933418,0.020492897388973492,0.14339114262744831,-0.01217840803294002,0.009646829736503711,-0.013412130738786415,0.030478163996088634,-0.010631602944830012,0.011193880585097982,0.053200511605527946,0.05280879465583712,0.04235372277804744,0.05680686086393896,0.058110120112133685,0.023910413186745205,0.014918836342314877,0.08969248736326252,0.045418353396975045,0.027039284823882858,-0.039898206876545286,0.05461118196708772,0.056277769537748615
2012-08,0.05922781417431397,0.01526277574436702,0.057241385456413746,0.04268971653500655,-0.023353896628988447,0.011159356080871947,0.058747634348155484,0.01200154930375342,0.025477938699811232,0.023575563684941046,0.015524185501846305,-0.010463092526375586,-0.0017230343622158652,-0.02689114571571393,0.04917465072406728,0.04409335541130481,0.04515975398817365,-0.010426339144863697,0.015615402804378115,0.028997767272977207,-0.03316727988599986,0.005444500033206973,-0.009901983411140073,-0.018412216721069744,-0.09265955752451983,0.07802144953045283,0.052279322370429704,-0.04763963040636894
2012-09,0.06308559722914321,-0.002319391755559626,0.037927528556215825,0.02776237030261964,-0.012772870766797976,0.010431224467712255,-0.011408070516004992,-0.02601412056784227,-0.0012340900966047552,0.0491727465737726,0.08162377993648594,0.05267945575581735,0.023217030294760233,-0.02312644320793803,0.0004181319469041364,-0.015674344812068582,0.04598418677981898,0.00815891025961117,-0.005133600361950723,0.018657745755956835,-0.015732923457604384,0.06201893992502532,0.006019289159186808,0.05533881574233893,-0.02080826699368662,0.0074477828237934215,-0.0016790272776548302,0.04996794052902839
2012-10,0.05356845157957075,-0.05986834858771659,-0.05034730324049699,-0.055346276285793326,-0.0326449625649339,-0.07816534801453852,-0.02565432910123496,-0.045089986657019666,-0.0003250896572976273,0.008228828699945451,-0.009230242655156736,-0.04639073914495492,-0.0070307160745805486,-0.045528869586730185,-0.12260809677303473,-0.12272652267616556,-0.025368503925295376,0.02521538034561475,-0.06485242599601336,-0.056147643911825605,-0.10844909230273682,-0.09533227146965817,-0.033949333310179484,0.0044379615635633035,-0.04858320274180888,-0.13137911402741276,-0.05389278919359745,-0.03536631132377403
2012-11,-0.01709063776943908,-0.05857158323008168,0.0538081121524105,0.051661153138109324,-0.01327145258576371,-0.0054636647229855066,-0.003076219339183822,0.005456385751885284,0.020731209961869775,0.004179747196861593,-0.026979660112444778,-0.028001714954477216,0.02668610144961596,0.07469815737327834,0.06148811842028827,-0.0956234795433337,0.014884284751157315,-0.0008124035416936392,0.05146285839646389,-0.020412127828655695,-0.039038834194674084,0.006058823339899064,-0.006782818121438923,-0.03380982319983086,0.030271833506085807,0.012466150925254903,0.08555046199779456,9.735341501174828e-05
2012-12,0.06707959455369736,-0.018513513939898016,-0.029027058280718592,0.014195646903164355,0.0646886467000855,-0.011626075108482754,-0.004797258717187016,0.02188555162990861,-0.023910776358398937,-0.012621967711821508,0.059424922913071165,0.027866098696975,0.04953552134139093,0.04137689675881338,0.02497819229483235,-0.04096375998138941,-0.006185056758373114,0.004125981769584124,0.02994969281291248,0.02031279068366509,0.030307714376499963,0.03289350090872015,-0.03738998253199039,-0.032271695736259105,-0.029925736921053703,0.050271016607287715,0.04184453733619521,0.00022111766581299795
2013-01,0.12796471166527354,-0.005335083774943353,0.04915221418018365,0.042840381589409025,0.06800999783550148,0.05498690916786168,0.006837046523116232,0.04700329097539348,-0.0011154360139077886,0.028160347505203874,0.10644520932110824,0.02950597616587769,0.03576601959374117,0.06548372199991971,-0.06368955098614013,-0.08900420041946518,0.08671535324159076,0.03035685691470763,0.09000896286943524,0.03387280761339739,-0.0526236093129544,0.07683596383372875,0.017223079461057306,-0.008751010648059698,0.011351752934850851,0.025765047429691882,0.02737222827894401,-0.014942307987093062
2013-02,0.008955636130907255,-0.013019746647323971,-0.013044087783089438,-0.0004936890330882216,-0.06039953461649771,0.029078854301622357,-0.0038022190817758247,0.05476415941866509,0.03574237574536668,0.032358710804678455,0.011761352923575098,-0.009679900965645994,0.028318322417362464,0.012835587655888698,-0.03745388212293218,-0.06828916875921848,0.03883190345173735,0.05175113259616207,0.03133939441901995,0.021375846213823543,0.05982279247023108,-0.022816073695338057,0.04047700256149819,-0.0021144050533598168,0.027248193858274525,0.01119078661578255,-0.02357740074898677,0.06055579195632448
2013-03,-0.020933854030590414,0.03882890191862711,0.026816093095972313,0.03246917580565339,-0.054534632562682345,0.04042694319119314,0.0670987893389137,0.07490921837366225,0.11800088566552558,0.025357887917436664,-0.009812746532472326,0.080147072177545,0.07208808506184808,0.11768722071697878,0.02537454026078705,-0.007406963655056027,0.036273893055040946,0.07461567633610652,0.020989292276393907,0.0003414900570490464,0.010286447072802426,0.04357867539376478,0.05147019641580433,0.0015167608601737276,0.05081044845903114,0.03612400654916529,0.030250632765627047,0.04540017620480755
2013-04,-0.005121757961452593,0.17813136774474925,0.0517545886136273,0.08158083868979629,-0.04671321634519494,0.05447103470852242,0.008089282196044342,0.0077520275130903826,0.058633843963531725,-0.02701064630941913,0.02292078607419464,-0.007966425745636652,-0.05619377831273827,0.010668335902326635,-0.021553276055784085,0.00047110034160381925,0.020161103277093646,0.03840247823741652,0.013225137460017296,0.0073307198163705695,0.08386425291664136,0.08131855969921262,0.039919577259998375,0.0694999835711722,0.03722586172588072,0.059038662825995375,0.06660571190943058,0.0620801530856882
2013-05,0.14057165954884257,0.13116723228614385,0.037795774553503414,0.025510808373059368,0.03383732907815699,-0.04103524781600308,0.07338691238589261,0.11194804632238253,-0.033357149061425485,-0.019447375452222363,0.09290787931891076,0.05662977659236234,0.08042480430779912,0.08999324194757204,0.05785024093635823,0.0037285033435260242,-0.03287046793158649,0.012639266743656449,0.06770974630899526,0.03236121915587072,0.060364378322404745,0.009645240085545811,-0.007400275022796122,0.025919602141825815,-0.029667605561766633,0.07221880863194181,-0.014841953535513595,-0.08176884558600772
2013-06,-0.07725211606847016,-0.011812778773055949,-0.015582116852888036,-0.05138740703470734,-0.039893926299093406,-0.01709659428616225,0.016922313830034036,-0.02781120142811804,-0.0622150853415131,-0.04166250843346681,-0.045103091449344906,-0.07546827498688823,-0.017106287584983698,-0.0021816877705796776,0.02788072866709244,-0.10806654403777843,-0.027626306084498738,-0.0034751359960750444,-0.03550141015514465,-0.03953078459589546,-0.059125438836063936,-0.013715557920388297,-0.022642765085367854,-0.06046041903026652,-0.04581796337079451,-0.0002686198432387412,0.015210524492594999,0.006550051105261859
2013-07,0.025547653263635475,-0.011462762761488032,-0.012942048884921153,0.11011945524790759,-0.007368387317428998,0.0016012239626789517,0.03398754381815517,-0.01279673606113972,0.07464703921745969,0.014653324883490455,-0.016746995328066283,-0.002620581699793078,0.005175777518886609,-0.0065149748167792326,0.06865209796591586,0.04794819472824785,0.044912199430844416,0.06203582038248106,0.06268429015642336,0.03057256675309163,0.012306323005277443,-0.021681785315932237,0.026310754046410676,0.016597459800555454,-0.019599180189880074,0.02199842175308685,-0.008740731733882581,-0.01733336207989621
2013-08,-0.04443913125111128,0.008567541214076433,-0.06125012628501843,0.03605104243751914,0.01737134029527055,-0.029871973518633962,0.004756520247527137,-0.0034359270242784383,0.004092208079880833,-0.019939174807027553,-0.04382475571532441,-0.04338738522239323,-0.019498049623883653,0.031045120693339902,-0.04938757510618271,0.0385776903840427,-0.014189871476302737,-0.059701961508897186,-0.018276418971788312,-0.025009819210123733,0.15394456506484472,-0.015086120588012076,-0.02550094394716097,0.005106032246853622,-0.044583988937555656,-0.03939699835451899,0.02616028825521025,-0.06623936247190311
2013-09,-0.00781083101514518,0.020489001139725557,-0.003076667335818018,0.01804640867254831,-0.01570692517821226,0.010438273886330144,-0.007455714326175225,0.017367002442615055,-0.017069218001610608,0.03998246227906122,-0.0018302383110243331,-0.016884761249405224,0.02695433135052367,0.08378391339234595,0.08089641849402085,-0.10057450142696679,-0.022876428330951732,-0.022785120423403672,0.023643690827268474,-0.004306586233675076,0.040761891951890325,0.04513818776855514,-0.008193661920729707,-0.0001716230982541667,-0.029022594780927207,0.017696143992022254,0.051364744021818134,0.009589331112868157
2013-10,0.02567485885766488,0.019215165097855282,0.03605770116218808,0.06607549813211326,0.07656527125172466,0.016826117828443867,0.0025428003248673895,0.0732017195038285,0.04769739074480101,0.01231991420717984,-0.021321639355042193,0.034054074366700396,0.06991554110387041,0.10568723534096154,0.047580391607418046,0.02906213569267188,0.07207902354947889,0.047752307583939224,0.061512801057244215,-0.0100007961581242,-0.018994787837070995,0.05513872347957893,0.04616697082882359,-0.04802780207784648,-0.0007731292964783293,-0.03726375678140577,0.025789156131989076,0.04872715077453457
2013-11,0.05297699315520279,0.07413794244309153,-0.01525288487225375,-0.010158060639585666,-0.008629779255488579,0.011413403622404712,0.057480103817419144,-0.0008441404984477112,-0.049180735522328344,0.04067596155972201,0.07779023715992939,0.02706501190106349,0.015100739665216602,0.0071689864592434215,0.037252981425056904,0.05322183969821473,0.04459221517215714,0.03212874066583497,0.05451250507934541,0.01814590716001198,0.017164239682293657,0.007535789490670367,0.07464452655707064,0.10675167912199612,0.017988337551490406,0.03627877085194499,0.014418084845857798,-0.033257897885779264
2013-12,0.027075136624887676,-0.02880338702838218,0.017721628208104863,0.037155428845278476,0.06578525660981877,-0.008957851096645186,0.0003360583108252565,0.03722437524318571,-0.035822688429483225,-0.002601151944408675,0.012723376686515665,0.03894176548513622,0.006879982036036794,-0.03355335561340923,-0.03588258230301283,-0.036368898446152445,-0.03943124728726138,-0.03933457237199732,0.029024250902847867,0.006370359774064189,-0.006999544517034222,0.0666615978536836,-0.032639604046257716,0.02885330097752013,0.01289148550663213,0.05306454116708259,-0.01943666856638823,-0.00887983375650111
2014-01,-0.04753087700953774,-0.043449458091856144,-0.036322327828676136,0.015303093049308722,0.0026081042057887623,-0.03249492285389054,-0.029694675268535545,-0.10337811108478699,0.07209631932818962,-0.07836406902731968,-0.04912219116297002,-0.009282316076483872,-0.008904155441682883,-0.062284352362979065,-0.060311200807917964,-0.025091929142809246,-0.057375713010381545,-0.02647676576256858,-0.06462668287447447,-0.0857762982291929,-0.014702211549010318,-0.02005570227610851,-0.04778106714177508,0.048118506401362046,-0.08609846327268136,0.0013814288506174383,-0.07266379531766519,-0.021618608600968446
2014-02,0.024830164975968152,0.005273111145218248,0.04086811120087387,0.1107798960521892,0.048064984465991,0.011801993078353758,0.09323849634221507,0.06023285082646555,0.013714597175160608,0.03234066536084559,0.016644387739376886,0.06952701639221674,0.0358758948750518,0.024633613491126884,-0.0016558170741916268,0.032076296133149364,0.03898104138918159,0.03307688795343274,0.03714819326735825,-0.0032956495398534192,0.1572441726878666,0.02060196526789432,0.05191347860698644,0.09967266551770958,-0.02768281243785692,0.04445103956016458,0.0787836373608334,0.009899215529138942
2014-03,-0.058162214038279175,0.029156502326202212,-0.047632087858051286,-0.05091613570233857,-0.015176375967532182,-0.0043207451780802675,0.019782910048818537,-0.05722643118755534,-0.05700706756368452,-0.022942272029920576,0.00523820639047947,0.024874872669140208,-0.06563020792537223,-0.058537752931022265,-0.13112604981417836,-0.014517962707750845,-0.008025621446891359,0.04124180465329182,-0.022011628395600273,-0.001340429694050543,-0.036959004346824004,-0.0775304955469428,-0.001287514806839694,-0.03879292629273248,0.005891512436186563,0.004564423723971978,-0.06982769804430645,0.013406896578009466
2014-04,-0.08099297288074049,-0.039978910473060965,-0.04633806157079056,-0.0328525633236598,0.04296953875250584,0.013269182813214988,-0.0881205107650071,-0.05071762956537561,-0.12076846688700281,0.03287447201325159,-0.07288987424025654,0.06674962758498929,-0.04580395333932882,-0.029468605953101783,-0.09256688503059751,0.036306829832325374,0.012908706815402958,-0.0030047778029254203,0.009777432807256086,0.0599389686670269,-0.02834162823447975,-0.06930878915956055,0.03555116666692614,-0.009192483123734366,0.04644757232817894,0.008640526098660083,-0.06074932483470862,0.011730700080424558
2014-05,0.018013213922025678,0.009643138964183026,-0.008499694152586185,0.026680638469534106,-0.014602462795919074,0.005082307508208636,0.059130119623873635,0.046704421046477276,0.036868475273613595,0.020151368905939483,0.013243181516828309,-0.053784915156417104,0.010546120101256122,0.040123248106561184,0.03371396118199804,0.0679669671702702,-0.02149183117234382,0.004329118273005477,0.028166996493173477,-0.030241388788234166,0.03341520642000478,0.04819890349716108,0.0009512103839432682,0.00903380682715477,0.02934078345936759,0.003489048630608799,0.05093404423043092,0.04356856151559998
2014-06,0.07275639523211798,0.03869194249395004,0.03259640797907214,0.027035178676820443,0.08426753596567813,0.015949566085418355,0.03790469520472982,0.04392061006669393,-0.02057439986242911,0.014877729632835306,0.06435469266497741,-0.011922255256590108,0.010531148913899072,-0.04704289608460194,0.00780545922114864,-0.005797047068028301,-0.017059963584996146,0.0369286374614371,0.009979968627034883,0.06697521223413246,0.003945375721489768,0.01864076687464399,-0.012091194505139973,0.03536942628298792,0.0811838968434731,0.034032707287309415,-0.016027201653508884,-0.00237394534830387
2014-07,0.03728291689024387,-0.010714028005797962,-0.005151255662068952,-0.044816514093667534,-0.03169352282370838,-0.01278932951264717,0.035926493124100074,-0.07174205244516867,0.02211870829545755,0.0038271148317825816,-0.0129267554497646,0.05788198118714232,-0.02817317271825566,-0.06368848501194575,0.08421687111721107,-0.023495644260209548,-0.005880414891455605,-0.04869894201958763,-0.02451516829564274,-0.0014941030977907133,-0.016089950471568533,-0.016309144956749975,0.009851491100475016,-0.027621864467393367,-0.016309159730890792,0.030702127432165445,0.030195439179817457,-4.355429101513129e-05
2014-08,0.018463684919101005,0.03784605044720238,0.10901797955459588,0.03577512616003365,0.048168793205176225,-0.011288715263106855,0.05403945437755124,-0.011209560690741274,0.07887240516319427,0.054695691274362856,-0.0021456369157491573,0.0006215791187198496,0.015553499348794625,0.04130525782475937,0.014671733415884064,0.06311168275417622,0.04479943064930238,0.014113454950696118,0.011104571823541427,0.010841793347510849,0.06341844425679527,0.02021092434711527,0.028467226885083897,0.032962381497204964,0.05264840734310234,0.00470375459678042,-0.003031721297798109,-0.037987254032693485
2014-09,0.043494531902012905,0.07583903598501467,-0.014929089030424132,0.011095317467908103,-0.053877550657992115,0.026880145548069206,-0.003140856911844544,-0.03403405448232041,0.017976988670338336,-0.008635424933012302,0.019357668944997027,0.0005920243199583066,-0.0019249073898138281,0.008020974838596217,-0.04137205054988437,-0.014294622178714944,0.021940022017685874,0.020239063024730664,-0.002737723738241264,-0.04970081092745357,-0.0660281785153485,-0.004953830196828335,0.02478378154192459,0.0031439951083352844,0.061264054942805936,0.05762127221768173,0.04142851192874681,-0.003736805790425722
2014-10,0.020971541179055215,0.008214406910380063,0.05681641948417372,0.03665590504725472,0.007116478822635234,0.010731829473419904,0.024762023422112873,-0.009797139096596639,0.12454533306533709,0.03725978775227963,0.023537059382742528,-0.0475467420944238,-0.0075831123316544655,-0.05863907718969699,0.058143501132793804,0.012655951885004409,0.030607117873465116,-0.026492518615587695,0.058879819264059295,-0.007561004035110203,0.02464380571673995,-0.0054566643021705455,0.009735779322737162,-0.03821769311115371,0.09435681677428849,-0.025091595226834847,0.045654257038462986,0.006955677363163554
2014-11,-0.024231744407814636,0.021363043780223922,-0.007023571489716122,0.04461399552381593,-0.01332320633171893,0.01644195325323214,0.013412652440372309,0.021433629739742537,-0.007057809426407169,0.0218269305163027,0.0027889181158557777,-0.0236683679086312,0.019713895441788917,0.05606237482294557,0.07976429686916513,0.06575931614098125,0.033344893141753026,-0.0059399245933447024,0.04125448948422234,-0.07311290887836404,0.036491585385357066,0.002119270094183736,0.09081268440571857,0.018249845928144607,0.06773831858692184,0.15488363556224133,0.030389544561970842,0.011661660920926567
2014-12,0.011339284574734102,-0.03603619367692137,0.04484035038612773,0.05679669734535314,-0.11785447693078872,0.03139048620587197,0.013062925350315991,0.004294303556600746,-0.0309947853298866,0.01930513161380621,0.039682544550713704,-0.01150928873730904,0.0017829833615419348,-0.0708852119497659,-0.08601352387089958,-0.05729900627756006,0.010596316125121148,-0.04315717671981264,0.011151605846267478,0.04649096126642902,-0.07320938650276893,0.0015585161035761765,-0.011578001630343105,-0.0170707927059845,-0.023623481827414566,0.031807425333193313,-0.026935878096304603,-0.06214632293039689
2015-01,-0.08678546189356888,-0.05667120208624285,-0.029475398724921335,0.024879520803776943,-0.06919271479830627,-0.043018759634427216,0.02292172274744299,-0.12918119173731002,-0.05779432534698049,-0.043359216187688995,-0.13142173953954506,-0.02005703781901573,-0.04727156907735214,0.08157593152491738,-0.013676411220906898,-0.09078421910297824,-0.05802996850313428,-0.005720880766338325,-0.027565504889167036,-0.06639147440686467,-0.06378400699921957,-0.04584665038863393,-0.013124726132983704,0.01965744257011855,-0.02950021266080507,-0.046421396856186195,-0.050987530452928115,-0.04026283827369501
2015-02,0.1313025179528371,0.03718709065524166,0.0286192322712484,0.04941626109417983,0.04514231912369594,0.10737411151424084,0.0603707069884732,0.0805930555056127,-0.00701410331329246,0.07500341609932835,0.10613427243198534,0.05248306777183791,0.06267543908498671,0.12153441301157035,0.15071360046907795,0.06502741666699823,-0.019930689150121333,0.006102557995356349,0.05426464228255397,0.04956041905585746,0.07832786293197122,0.08067350690798628,0.01763499961835392,-0.032405676615903455,0.028014227654542288,0.0516330772418712,0.05903128364974564,0.07952477987924268
2015-03,0.022900895086320764,-0.004118192725075773,0.0062452680481753595,0.014759569571212989,0.004135570151929846,0.020423269669322345,0.0006511023925888784,-0.01112503703130943,-0.003386689518974076,0.033464184439250685,-0.013494763670553118,0.006543951234754531,0.03282385136158702,0.004213019219690111,-0.005419354768960449,-0.08246834569300125,-0.03454300675434242,-0.011617664127394489,0.0062370268979918585,0.0020950808439568758,0.006223870393914286,0.010463012531890678,0.0037111559263258097,-0.05162435845740628,-0.0665410550771896,-0.001799591748669035,-0.0019046618191677163,0.0058480709225822575
2015-04,0.035483197203809456,0.20273196114340047,-0.041165687767535424,-0.02454033684995887,0.06440663401824348,0.00204397146308851,-0.1299998238706773,0.04161344535078913,-0.021945013804947604,-0.030278069296236908,0.02679837631000083,0.08352875719691813,-0.011420515691374455,-0.02455726576978781,0.01617210188369465,-0.038193272266956034,-0.007844640134461487,-0.01117231190686239,-0.015440339645513558,0.010894051259702213,0.10221090744218099,-0.010301983760068441,-0.046849114558955206,0.02151464725159911,-0.025504560284787158,0.060617800334145405,-0.010206046647624915,0.052475820152336476
2015-05,0.04249994723035826,-0.023786642384871996,0.00895568172079266,0.011417568932095903,-0.05254488429205177,-0.019857010049878148,0.049497273531711614,0.0012607094234955948,-0.028924962976762125,-0.002929961835133049,0.033245366763457795,-0.03221381871971137,0.005579347062578762,-0.0316917019035887,-0.004715274223498974,0.008234568714451298,-0.03462751645209681,-0.009119992976840758,0.01661068637048424,-0.07522492366032511,0.06967568583148515,-0.049085123345778275,-0.039257645570708134,0.005420501935694978,-0.0009480492770396331,0.00489642096669873,-0.0016432575238198113,-0.026849998628911735
2015-06,0.0007779860234397627,-0.06525699862544392,-0.006507101412508628,-0.05666639929445094,-0.005497941286099362,-0.023674776672861494,-0.011156519808959245,-0.02889642352489592,-0.0532852086200678,-0.040529389754552704,0.008644032755292071,-0.05303447931850961,-0.03501274162272877,-0.024236780835085014,0.005380262715910216,-0.034943359407264875,-0.03635479685434796,-0.03482547325767063,-0.024637799429712143,-0.07475880862237633,-0.05619215884397427,0.008764884255005233,-0.06490914938757485,-0.06048564627178515,-0.04117255773151063,-0.06917887311722877,0.003281020242871778,-0.05603597787552123
2015-07,-0.049224435597450926,0.0631227739678605,0.025664075995408424,0.08892294882884766,-0.04574140118662758,0.018620589353965437,-0.023484600485125108,-0.031152023164970635,0.08140847067525217,0.031306831805577424,-0.02072161212500156,0.02291051101522793,-0.016286494488864788,-0.030239724673986973,-0.06702094786766294,-0.02066918566010208,-0.008142053295069802,-0.019530133127686842,-0.0203138397811197,-0.0516011974326951,-0.04450820747777661,-0.011208688727130245,-0.0060908417025183435,0.0009861940997870017,0.01338319764802545,0.007617764544075899,0.022254616174468243,-0.006594629047588059
2015-08,-0.05491012757299602,-0.01716494021146237,-0.035020799536293105,-0.07483017602445895,-0.0107453021276495,-0.0019415665706514935,-0.030833102242528734,0.06829640847892683,-0.1207259985901895,-0.029524428412175664,-0.034005519633874846,-0.06547001146762707,-0.017801635634370667,-0.03506617041415776,-0.07385507910184425,-0.0008667330072292432,-0.08051871837016901,-0.04313648302403343,-0.02190193679881465,-0.014798947941701822,0.043573490795378644,-0.05285462841294883,-0.045582681202401575,-0.08354592979709866,0.011265941479429706,-0.07284664149595459,-0.014515604464144483,-0.019239114307847634
2015-09,-0.09292865562487389,0.045688631729033764,-0.005496046317116414,-0.14260556696448382,-0.05374246230141912,0.011742969498093992,0.001817202189021864,-0.018494422857488774,-0.11932648938183142,0.02606307436343633,-0.06574759093833306,-0.01654563719229894,-0.05109683834493876,-0.016250583328413972,-0.01731426346320245,-0.03993930548181862,0.011010071298062953,-0.027651033645998885,-0.011063184066586929,-0.040760018552518776,0.07633876661580333,0.0018764975672872458,-0.004498382095983301,-0.10365573116584077,0.054094257015667745,0.037096426642372664,0.04971914901936734,-0.054257285739635716
2015-10,0.09785371423736813,0.1203847366884884,0.06736412542800525,0.15970881126040268,0.14786297722061476,0.07589707297106382,0.028206583430783968,0.05775783570011933,0.07248681257211091,0.09275738304327259,0.0628046080317247,0.007042897425889853,0.060267844008160584,0.12028915180542074,0.08654358294275948,0.08868701011022322,0.029520402070789167,0.08605202584056953,0.10088077275597113,0.15189095510764977,0.14571138380751003,0.067553137112032,-0.11029450723907468,0.062027319429417194,0.06898827122719188,0.08714652390772848,0.02874232451883325,0.06150747584468574
2015-11,-0.008061565913547567,0.04191759404864237,0.0520164152626002,0.04026686626000755,0.02328943916259389,0.026336721477800907,0.043771931390249555,-0.02588337622977994,0.016117319157159304,0.004286974327917283,0.004816683262960423,-0.012511517236285567,0.028263324673379144,0.012607101934309419,0.015677190172175445,-0.00926712892758568,-0.011487150637251396,0.026885515132362377,0.01992402957865893,0.07321768380279364,0.005550779947653391,0.010847570841857756,-0.011766147396290404,-0.021027444438279128,0.02797721360062039,-0.004800836198469704,-0.03902161108444046,-0.0178307114857882
2015-12,-0.07295627021584297,-0.010906026535647987,-0.01388681658568755,-0.08399953841167186,-0.0027624820498735273,0.04400774278408423,0.01300545070690817,-0.030519041602664103,-0.04143357510405301,-0.012198102862449194,-0.041893068139302166,-0.017038060101349953,-0.032823573642865464,-0.02981194051235591,-0.021918328017758632,-0.10699224592687458,0.05974094020293533,0.007346412160070233,0.0064144167640520005,0.033342537970100894,0.03188037641268276,-0.1523252903541198,0.04910104714297047,-0.0352631300765795,0.002991336286265305,-0.014186946961746641,-0.12389820420659671,0.013510165163284274
2016-01,-0.07865433037310575,-0.029873477490380964,-0.04041211305082241,0.02504238253167531,-0.08534842412835393,0.023011283278488493,-0.01844965471010399,-0.10677305806140304,-0.015868843055692614,-0.01670125826365801,-0.07405269654577207,-0.004620863875291108,-0.006483649994739453,-0.09647212841324083,-0.06839664835078994,-0.05202259669464753,0.04837040619505673,0.04091134010547484,-0.007796059984622333,-0.02818685668988381,-0.09483148398934141,-0.07033427269504568,0.10365380753153773,-0.0005390985121523064,0.020011895659512606,-0.12369879294044132,0.027674687337050228,0.07871931436256394
2016-02,-0.06500017413195011,-0.0688482107075399,-0.054079679132992976,0.08066924585140679,0.1248064997540749,-0.015058716640296751,0.05716569341830249,0.045559817141001144,-0.017928192249585286,0.036227887258441185,-0.028311075981682098,0.0368103152899213,0.03639521039191705,0.07102770060282912,-0.0426777040429259,0.010938672346745289,0.02291151531892833,0.06444072671603143,0.0880468401463975,0.02858384170235588,-0.0005406338004365549,0.07317762558179933,0.06195565013529225,0.045830135446108956,0.025900337226290655,0.00974335067400343,-0.01774155770609937,0.056973109452481886
2016-03,0.05463983477474298,0.0973700659649534,0.07210911615203562,0.04349453002010812,0.14171715530985007,0.06320390753980462,0.11173194506362712,0.08317365404052174,0.03060192908222491,0.08102147291044451,0.05397161170963345,0.14266928787567193,0.09605321067384444,0.10361686620753487,0.0783168611823919,0.10095381910625349,0.018031215424768578,0.02092037495925926,0.0677698763909427,0.16253886592918673,0.1439640639024603,0.028115342371431144,0.04220536089687114,0.06649326105826638,0.11156992996338974,0.0709028685091837,0.052011757792199,0.0625079980771304
2016-04,0.06640077290617583,-0.011526650439996164,0.012348653761672705,0.01923846709359922,0.006454068512901435,-0.008627131502852116,0.0017456034774326686,0.062034248911899785,0.07284694105203089,-0.03184809935220083,0.08122565001291011,0.0042462062499361046,0.020134424866844615,0.09155521507974923,0.002920444764933736,-0.010832878377134331,0.0026884858692035494,0.046370615010115974,0.018145097210709924,0.07748755490891089,0.0071249110899544955,0.032424193546035214,-0.024332044715149662,0.04407961103451227,0.0002329556323242334,0.0013652082966394443,-0.048474617379603485,-0.0037131393746297264
2016-05,-0.018162076065925344,0.04981783677856508,0.0176619385874303,0.013380455873702263,-0.05465356412579627,-0.01627027775865436,0.029279798053744335,0.017383831532247224,0.005803969023270058,0.05485506246090773,0.036313970824050586,0.048062482650997926,0.0012847438809480212,-0.047364695266030876,0.0906267856159401,0.000894782997965527,0.00749752026215303,0.01780894782438744,0.019005234143469708,-0.011152348586753067,0.18158513980275828,0.008710167831848241,0.06306694892187226,0.041381571767388624,-0.0013042375449200641,0.01714105593560806,-0.026303777453544185,-0.01653009536648134
2016-06,-0.013431094531505634,0.05336787415860789,-0.02611133291200464,0.016220269416807154,0.05117810300096855,0.012982878520867424,0.054034011905819114,-0.033993193768657996,-0.026357678590213665,0.06316428736993512,0.005675891400109772,0.021698117774471733,0.010468227387694193,0.028225951040577346,0.008564757794875269,0.0078038510630304885,0.07043941250511176,0.07290037099000966,0.049010270104260956,0.05716650946633,0.010424578113506385,0.012870831062106746,0.044312823086774616,0.031402666358877784,0.042669456161288345,0.049914772813269635,0.05785432800756178,0.09908807400532497
2016-07,0.044024008419776384,0.03616006038047777,0.054657077877129846,0.054624759891579715,0.06926588536173506,0.000683525725297954,-0.007645676499507422,0.04868114415795241,0.10904629744516346,-0.029197416455377954,-0.004969841760901108,0.03335913351841406,0.02503896899291683,0.014217813014080236,-0.01299039928751434,0.021898981251019772,0.022828160064628598,0.01132493979989216,0.020995340060939095,-0.012766589073992644,0.13856453131156518,-0.01644950243230314,0.004216321151179462,-0.0009256382833512739,-0.02648468640616961,0.03843779949189179,-0.0016784161350271287,0.0048831160978332734
2016-08,0.06690686905656869,0.020918576355271716,-0.023787002144274316,-0.0520014055591796,-0.003685613160751428,-0.027098793342711824,-0.06100754287192131,-0.007521311463385964,-0.004100277799105777,0.01104685550104094,0.05330332373203024,-0.01408425936633897,0.00982616533750465,-0.048457465339289206,0.016613415742553102,0.04448169604555589,0.012381898986424143,-0.06783244588280664,0.004798037475708972,-0.02010898186256229,-0.040464518805484746,-0.017011095342369754,-0.014158755063511438,0.10883389096584248,-0.028003845540948723,0.021011682290921166,0.013613424470610562,-0.07081180723314459
2016-09,-0.03648670173980772,0.015543494162004599,-0.027906858116721858,-0.021602203119433998,0.07787533930240563,-0.005013016608594834,0.037391211338267734,-0.011553365489351843,-0.015911210183491228,-0.013877965351628753,0.008066211505085739,-0.001243528321627951,0.019487289286507246,0.021166895898290936,0.06889117066953328,0.03619274223739458,0.05697713321213778,-0.010489344820639582,-0.006432057896728441,0.014268283750431857,0.11178141999406825,-0.0029130980018449402,-0.0129967665718923,0.016948355415913035,-0.01567348048653476,0.0461024109128835,-0.04423784939301254,-0.0038127879613464055
2016-10,0.05775574949364072,-0.007665239058225212,-0.03105982534541892,-0.043755497433624474,-0.0629438180643508,-0.05634221386309897,-0.03628881661955146,-0.0380984397171859,-0.1284714272358593,-0.06371024214615184,0.023070321126342837,-0.021756929782470645,-0.010097994719049194,0.06882995184971932,-0.06082060626745459,-0.006634212076557713,-0.051833089732526885,-0.01156999917671647,-0.06861143212393639,-0.008396235647101232,0.007834549901951574,-0.005918848351449581,-0.039113086140629263,-0.08808521176526496,-0.034599819067405994,-0.02009801417223974,-0.05399174922194554,-0.06320945391827758
2016-11,0.22202245601774176,-0.011627268046009371,0.0662546851740053,0.07118819831261905,0.023228235930474527,0.07670983954361077,0.06473240617186539,0.056227840199223264,-0.07316083915538871,0.05878262451781646,0.09799323561134538,0.05651043892559683,0.0016722459760634754,0.06444464770150155,-0.08872142435169389,0.014178077507094603,-0.05170283994067029,-0.05284582660923025,0.07066004647366483,0.04289086498650991,0.01732756817204156,0.05023822201334864,0.03404400259179806,-0.007215075495037812,-0.014422381669016075,0.016052034913093087,-0.021280650443602254,0.0364247763520608
2016-12,0.059094907559844305,0.00519038262324071,0.03381142445559381,-0.00998781809727814,-0.033554530244324164,0.00602446037904977,-0.004220024908452111,-0.007264201790425488,0.0026455701473769495,0.041538430433542634,0.05208923338050862,0.01887957729935968,0.02301941325744412,0.000847973080620564,-0.03989906811590466,0.06506894298893187,0.03400596278990433,0.006590193655240021,0.02327766060012015,0.019626026213432218,0.10296564927770388,0.05636578496828065,0.0010784957710141296,-0.05185220075981858,0.02047258557619854,-0.02126302637433308,-0.014803756151044652,0.04830721408002049
2017-01,-0.025326753784960063,0.0022359319376023734,0.03392917904398318,0.07840852751155801,-0.018758816567399,0.018292837367466296,-0.003685131999709229,-0.007595921473875579,0.00644591988383032,-0.049467078356709146,-0.010001532455297108,0.0433716977557702,0.0033977361269606206,0.022400275052755228,0.06556896022377093,0.08338949159482434,0.04607517941074847,-0.0008237117029886794,-0.018999505667665017,-0.04091108785017888,0.021224061082755236,0.06953560373466228,-0.026098661347982065,-0.020225487935579538,0.01685374740751245,0.000646186776624253,0.012949409143851943,-0.004808120255661939
2017-02,0.09176018764425459,-0.006305049839284391,0.021690936699665476,0.021513602080574096,-0.015078089453980578,0.05320408329726596,0.04454786284954529,0.03817535675173264,0.12469528992787308,0.05798159998000402,0.06702539132789855,0.041301350398009834,0.05965794946579578,0.07323396000450985,0.05077632529003423,0.07198256192927846,0.03391797073740176,0.11796355426118783,0.0794479361447034,0.00794892455234972,-0.04798986255344153,0.008582938316539978,0.054093232580750654,0.10149759241231993,0.005134392102241967,0.08436949041123647,0.1016435931794631,0.007962507510739583
2017-03,-0.10549296880533608,0.027731927285066547,-0.001158422606347201,0.0142586801969941,-0.011948143571216041,-0.005644953745029328,-0.007644362166103513,-0.011652340798994925,-0.005810462730738656,-0.029774383330685224,-0.04210676714496349,-0.04391883537950309,0.012249055352314084,-0.020940821216847417,0.03230696796393427,0.04275946122644285,0.006122990335009032,0.05175639250509955,0.022821785778817726,-0.03973639979048262,0.02940131541646626,0.019732472716696616,0.01533381619503216,-0.019823609679198,0.023248989335292947,0.003312580464155519,0.00589890548963656,-0.014644102284450781
2017-04,-0.031776911874848345,-0.019044081883601446,0.05132913858676119,0.02394757608099695,-0.004491747483474684,0.02243625067319269,0.017156243428769872,-0.0402655414629592,-0.008276315957510421,0.0016373760477594518,-0.045279814163529074,-0.03558545989140904,-0.04465023055868296,0.020267204317946274,-0.030125833166901046,-0.018959133428416503,-0.019805874808375753,-0.008982930824574558,0.003978757264872572,-0.04546380581729101,-0.003424601528287404,-0.005938255586640203,0.027838240954532235,-0.02755425933102578,0.020542131681257427,-0.03794620766513763,0.008052657011977823,-0.012305485242281347
2017-05,-0.06474201410864196,0.028891537981466476,-0.04355364349754448,-0.014310901305134781,-0.002415544283321632,0.0679234490470559,0.006485554966479583,-0.03257028520222616,-0.03605750125461406,0.03184796304805838,-0.05600033658729867,0.005168112095119285,0.0036667761544485894,0.002790071878755012,0.033749164170638495,0.04012607300368934,-0.026977032959679986,0.043802855041265513,0.04146132450455915,-0.037642590627319596,0.10730345794347064,-0.04885503809570631,0.018278493239419914,0.03411983477033249,0.05866787361549074,-0.035192244987246706,-0.03530532967735703,-0.0009723954641809693
2017-06,0.005014897731343987,-0.013327630854706595,-0.001892844406645807,0.03858258284921158,0.015155170901699289,-0.005307622331662334,0.0362414583490091,0.07092489627682953,0.06356229770272231,0.006727874717375007,0.05462471565794129,-0.007317148606365969,-0.024062093451600115,0.033495234693968076,-0.09672779076551323,-0.055377264293141694,-0.017205025298420537,0.025422790737145536,-0.00794841311074778,0.015678779460748853,-0.08596527917611729,-0.027096226371198275,0.035285170124131265,-0.012168170650842554,0.007560992432348677,-0.01227745880553556,0.05050836051530664,-0.039604882764091465
2017-07,0.0136923877640902,0.0480352494720743,-0.034242388953551146,-0.036014666094812214,0.018782018037738712,-0.0229613966964966,0.012370117288767794,0.008867830545925295,0.034029566644839866,0.015026603728461306,0.019631242868630702,-0.02855826784985211,0.007709352024398916,0.11510506869116233,0.01673984805699916,0.028433538732298296,0.027071445557152535,-0.010202830581645636,-0.01611491082551485,0.01923156058923758,0.03899942603740461,0.009388890390683982,0.018467721319452766,-0.04602210813880848,0.020137519069692876,0.01558385291580899,-0.0025915259561694343,0.030068852186391205
2017-08,-0.012891930070794172,0.032241513875373815,-0.02622364648507377,1.93321541030833e-06,0.017778731287492824,0.028305776547279757,0.0013936217496630283,-0.0024239078230963358,0.030480948289107964,-0.06012245920081166,-0.02632309616109856,-0.012205284521329537,0.010579226241570068,-0.01461412069760073,-0.04138479534573774,0.010422862531792136,0.015537252607183858,-0.0069896724541243585,-0.008557801776834895,-0.010500062352810138,0.013529290567981132,-0.015911408271369387,-0.015315701722171709,-0.011042774209066231,-0.011983439242613395,0.029848626997134267,-0.035092016825793194,-0.0007924064752311841
2017-09,0.019092163073157607,-0.0056889301448570465,0.03616597856368457,0.03679049194097032,0.02412075509437404,-0.03839901767625278,-0.03266428381026216,0.025951583153556296,0.05083094612071676,-0.01953279683029684,0.028924809530356088,-0.0002886186324700776,0.011600335935352427,0.03170973583879286,-0.059433896730449624,-0.06004704573233379,-0.009580037436019406,-0.022874928489528528,0.03467634017229728,0.07211961957420994,-0.026280429802814195,-0.046651859777120594,0.009706194868207754,0.007285974146393105,0.00012694462866018064,0.050797109867076494,0.004806314890253705,0.028596843877933438
2017-10,0.006279700983243919,0.01539194861327382,-0.0007420460599829565,0.03955465547487578,0.022473765799771225,0.056653228279134264,0.06698245470680489,0.05510076320596683,-0.019749132264662055,0.06367653681547791,0.03363202729161614,-0.03298608551635495,-0.023777333231535476,0.01710164193275027,0.02188841526060134,0.06454824271519578,-0.035439521817706376,0.061258227663548395,0.04004030785246499,0.008412051427202208,0.064465194620826,-0.006258298822852827,0.08901295018944781,-0.10471991373356743,0.017709762915588775,0.010540510557460225,0.08948907412365223,-0.04480622896219202
2017-11,0.013435504815895739,0.018219088872296445,0.07123851655460771,0.023000058919217414,0.029332215867581904,0.04246860716192389,0.06890845936265327,0.009168541725012172,0.015468617679693285,0.013128996409849705,0.04299714012147913,-0.01943163655463588,0.07996542706271025,0.05216030106370503,0.04701250937891987,-0.010842651850271492,0.020922463425247544,0.002335258987897639,0.06749977805420654,0.039101963296831015,-0.09939019934037306,0.05444338892452534,0.05539364795935094,0.014491670488915065,0.007697496707294501,0.03538335640430019,0.14111103063621064,0.06517952537763767
2017-12,-0.04395310693986726,-0.018128786011535992,0.028836716223638936,-0.005495929308979681,0.04012681996765205,-0.03838235147248246,-0.07303967911830375,-0.043042927256660306,-0.04406232612941463,-0.037864421550764374,-0.04035615104984229,-0.048140019456905686,-0.05364371861862381,-0.058322365424834315,-0.03396826637669864,0.01991703223951639,-0.018031465075694385,-0.04680179847096478,-0.06560928733251298,0.027283673829458354,-0.04540135221324021,-0.014729115748699735,-0.03976522054782159,-0.004913952232412522,-0.012546646392438644,-0.0023850654967880656,0.05054884310932081,0.01156482757774446
2018-01,0.018328176325889442,0.025831042139832415,0.027894601719853068,0.010224604254038032,-0.05215503998042451,-0.030515620441416494,0.05435364881816453,-0.0012231620922097052,0.026196335038724254,0.025337135546801552,0.06864161644719255,0.004264630811645542,0.006253267888656157,0.0964792511294816,0.1318758791251849,-0.001779998039799893,-0.03273943825588672,-0.02698419250864617,0.036314946874683236,0.007474480964929994,0.15095512474890968,-0.028777245905201903,0.03162627256436217,-0.02139623200383023,0.039956160729446195,0.06434849956195544,0.056574675880830726,-0.00396738830770228
2018-02,0.004052119456205857,-0.013536882598424279,-0.0837556283647717,-0.04226684627148489,-0.02433929019497432,-0.04541419764512161,0.012852785475655546,0.002344948718134252,-0.021658227957558986,-0.040149212931623594,-0.004075388184683817,-0.031886895685853046,-0.04003591003243577,0.0445826914616776,-0.061437635797552737,0.040709022438872644,-0.09702715656587664,-0.03782694722065828,-0.042157183830747604,-0.10310445442227092,-0.07006385598066646,-0.05096134501926319,-0.0812644918959561,-0.06790016365753479,-0.10394798672916682,-0.010374308136299115,0.006064384256510872,-0.11950835801843702
2018-03,-0.07125002490226995,-0.07322231588731266,-0.050765913031968944,-0.0427733767027584,-0.0567930675884642,-0.006554375065021035,-0.07084425846641468,-0.07312881686060338,-0.07070771276801312,-0.04287506066355785,-0.07630774940857706,-0.04045944996871814,-0.06584251201972283,-0.08832108004468704,-0.021788408285063798,-0.06492806080514442,-0.006073348427967973,-0.03688265824724168,-0.09953343412370641,-0.015513397216871117,-0.07163215442617138,-0.05711228094049585,-0.004468724681899077,-0.02683559587537219,-0.0013822622635400995,-0.06772506746344026,-0.048949261049629565,-0.033380095597834454
2018-04,-0.09371217820077724,-0.06667576303667165,0.012827046586302467,-0.060782699916591125,-0.08342814762677288,0.0018643569472515055,0.0012713216277836724,-0.01514064493640756,-0.008092709179371167,-0.025893136029377407,-0.05749442873307244,-0.05119509481502786,-0.04021558363050631,-0.03330218805393286,-0.0988711854179711,0.007860071105796639,-0.054697417150957696,-0.01704755088849189,-0.07956934687621792,0.06013445334664925,-0.09925950599314863,-0.048415141658271994,-0.01542931204191963,-0.02204478989854747,-0.015897148490488216,-0.01935522413121883,0.009842014713031436,-0.0019872754394149473
2018-05,-0.027899513932190964,0.08352457111864371,0.012948193229926012,0.05738873717943454,0.06440496103294659,-0.04238079914192445,0.0308257184643811,0.02335109329384877,0.04191676388569752,-0.005372592397368805,0.002781244938477916,0.002953191125603877,0.0358364885109014,0.060683700876697236,0.06318731060986871,0.07437098134349114,-0.019552379256358363,-0.04353558304751086,0.040485464721017876,0.0365659720949386,0.11653141659039389,-0.009302416125848251,-0.01671409391951666,0.021805728436106515,-0.012333347140638475,0.0509591144413447,0.061869991074192124,-0.044426428888920795
2018-06,-0.04112369587175059,-0.021397105573593363,0.04451636890752615,0.07129931350244526,-0.1052884792050546,-0.008403663677109055,8.884965402206731e-05,-0.04291084896702102,0.03769425516759307,-0.04790439641541536,-0.0668552164394447,-0.023277877711082133,-0.032104123030590584,-0.055278972679095276,-0.002708446308298105,-0.011111619131215512,0.06451868524317116,0.0015675778919534706,-0.012794785762191492,-0.03843632069582616,-0.05873039689329911,0.08155159977240847,0.03821632745328348,0.00869529573092901,0.03034568259236542,0.018660277098059477,0.029660686500846377,0.024988710872347275
2018-07,0.04461524605527104,0.013072485976523437,-0.010860016235056025,0.08250626475293804,0.02030853571092689,0.018565139564803056,0.009876177776047433,0.03033982169542002,0.04509394647105251,0.04049490788182184,0.06759512170551632,0.008864363295639019,0.10017476061410385,0.035536861958517116,-0.017323574718936408,0.013172747403115685,0.09371257929802099,0.04751845218281808,0.0905934607197966,0.0032892242614802622,0.034059904811339164,0.0723553067685308,0.0338975345151424,0.08083297010898075,0.03498335533329441,-0.015634369175366786,0.000946417865207138,0.0031780828720281017
2018-08,-0.000621177486081376,0.049791803773486736,0.003997103602142823,0.022959744212562402,-0.04578876278734254,0.04292596080306581,0.02828051426678641,0.0693352046123182,0.05018105893479584,0.009222619166573123,0.0035202506785071814,0.021019687743316806,-0.0013910491577073995,-0.042861374588352395,0.07477984330808986,0.0982084742164472,0.03444856758290031,0.017004307000826165,0.0009057959852597603,-0.06913236988630245,0.1604206424032595,-0.022829833178136267,-0.008631618274016683,0.04949249409467281,-0.04750208245861337,0.0889377172234575,0.05101698135361526,0.03959994229740925
2018-09,-0.07758648683392182,0.02772277696131172,0.000843482903373683,0.004112703298035171,0.0919779517990303,0.011720378818667348,-0.011529576817635608,-0.021060575081410002,0.030785509266902236,-0.02015996721545015,-0.04105573640957549,-0.0007022985147733944,0.03087834812270706,0.059909183581190587,-0.029633900322203546,-0.021511166988097966,0.015879959399412835,0.013647158872035436,-0.021821472018181593,-0.001695019152041719,-0.0007277070545620014,0.014440066269706387,-0.011220746397712582,0.01563065580183759,0.030091858194184203,0.02521951203085302,0.041271866608060086,-0.01957831232179858
2018-10,-0.03903678179721049,-0.1175416002977205,-0.16623492454763814,-0.08855024504969204,-0.20203410000420383,-0.002746000455819497,-0.06764163094548868,-0.08596676187444278,-0.07494443626022079,-0.031109460429022146,-0.058581897459699515,-0.15219219808012027,-0.12809355602882908,-0.0579594022094366,-0.19877057711463414,-0.036696118087003404,0.057527557038271504,0.02991785872234518,-0.07578500519218409,-0.11009853880946988,-0.25437086591722724,-0.04171220308619681,0.05456110328423511,0.055954989343685105,0.043560129402795605,-0.09945399247871296,-0.15944547343213294,0.02096103409908946
2018-11,-0.12000536244566198,0.007951592893080759,0.03573637555191146,0.12918772167609216,0.09631743571619736,0.0486173648450886,0.020023535319767007,0.09572749453150958,0.06619693442290582,0.04447250778212897,0.009694553798309356,0.08717822802877669,0.012555575676530897,0.0033918824566917835,0.04194817340966695,-0.06477222218080314,0.09247904453062178,0.05844081891280019,0.0850540460649303,0.041468450869107346,-0.052546046786158804,-0.031915527047510064,-0.015057645039528547,0.06111947696117862,0.06371466735432943,-0.004661737748798321,0.004717043232340675,0.03939647604206083
2018-12,-0.11112323019435395,-0.10595966493532112,-0.06583921365538013,-0.10733612917780183,-0.0970602975387885,-0.06032445542839128,-0.07121043506443127,-0.13903320774768343,-0.07123184341135022,-0.06809435304897546,-0.11691224844299336,-0.08098702877599578,-0.10791111440340491,-0.11217882004319006,-0.14557747110339178,-0.10502749929590406,-0.04333410688286944,-0.07264693674586495,-0.1066275256213404,-0.07700629719361454,-0.1966768931737447,-0.064286974543386,-0.027322783633196367,-0.02145406787722017,-0.06993307498227862,-0.12374821502613137,-0.09647869142854318,-0.04190696282662872
2019-01,0.19312059504774606,0.03769497966047884,0.1253575796883855,0.15456116533841657,0.12815364622185618,0.00975015420488715,0.0472011213577569,0.09807693038892165,-0.003330086539397137,0.06358476500697322,0.11166362358074435,0.10606959693065716,0.07579605762902811,0.09709775090918969,0.10790910996726197,0.07826321690253585,0.022318640646114246,0.054359184365567755,0.07760204103021025,0.040230980158781474,0.1959376910111391,0.023397947152786983,0.043146449045932456,-0.015405470563467269,0.029201567953227286,0.09503761460260379,0.10897096508380771,-0.0018149078026445439
2019-02,-0.001055564491573554,0.07630712287674037,0.023081199824104677,0.02647477482078361,0.06959682733416339,0.0013809847001437637,-0.09415172475455894,0.04382403054776546,0.01266207354192792,0.04524550721218279,0.000894595672635586,0.023312261346880275,0.0291940705106437,0.10144469176820275,0.009669322248673813,0.038018408553563504,0.04027878181854122,0.030103990576898172,0.024864628076179368,0.029044223020191454,-0.014005822109281774,-0.016512109349547176,0.004467550508129877,0.06632347071274027,-0.017506712288027224,0.0760525591292969,0.06985281792561264,0.02167417521875383
2019-03,-0.04588973494270853,0.02268822439400869,0.0026161956200273324,-0.02788475959635241,-0.047930168425280174,0.008588764337145068,-0.03730335145785105,-0.013509364825412774,-0.0294583939539522,-0.0015454260495252289,-0.043957422764939816,-0.012261171613663415,0.008915916382474949,0.034399611842017334,0.03363136364321281,0.010371751453549353,0.041528914108533446,0.01053764780906683,-0.022357854293410674,0.009237354778322769,0.046460085318084966,-0.025986530747013337,-0.012468418183422715,-0.010383816812715734,0.025516686313072336,0.01703211591837832,-0.05256881243954259,0.02811296137159236
2019-04,0.05602896546794875,0.032986537580928274,0.06269981381031081,0.05240156079472171,-0.0005881424273751454,0.006348547253558079,-0.1469363196411725,0.03213915536089728,-0.0882379393908385,-0.002244543395121125,0.11312149897568939,0.03474862074731987,0.051617120318966224,0.020270458193563167,0.029690051149762607,0.07139463429706226,0.04260672090560881,-0.01610458586199531,-0.006576287957452212,-0.05211188965438008,0.0026011940620345756,0.03681343591863336,0.08241814139788563,-0.07613918006769442,0.020411961178738544,0.03740031424755948,0.01224389623218775,-0.023566324418716453
2019-05,0.009394055384686302,0.027791724695495977,0.03497680509846328,0.00656408024799834,-0.020310244930813626,0.05020159024482718,0.11385132198543103,0.05953788343563594,0.008712416119182028,0.07014246583778526,0.025560489832799307,-0.014459884560610778,0.03736710920030185,0.0010321318137117889,-0.027301843634601843,0.037392364324522934,0.005285659466527348,-0.020644836455904373,-0.09588969867061192,-0.02985650077130374,-0.11349227366783896,0.0032032126685073016,0.017031560960376738,0.07184182289335801,0.024929256955110158,0.010476330816133613,-0.027627707537606176,-0.006635625103126513
2019-06,0.056285866023598405,-0.00683909666006907,0.04300796457522301,0.03774117839162894,0.03851871494500234,0.005087406439749154,-0.035770139981300283,0.008938003247200323,0.02267736110476247,0.02187838644541495,-0.007765505372710893,0.029906383042074585,-0.00790290749242745,0.03153185654846155,-0.00527729799748727,0.03368287245961386,0.02013975238863741,0.007928539185017021,0.01035146042107053,0.026652222629125002,0.02908059212620779,-0.0070578129051034446,0.04968260333423834,0.011455714760324994,0.01337976124821417,-0.021982330796492984,-0.0075582206542511065,0.002012442096889804
2019-07,0.07954562808972644,-0.032063165925989165,0.04109484561088127,0.07888850077303841,0.02197080334014081,-0.012676557151757481,0.006153981250288242,0.00438020668886343,-0.005990835037847891,-0.0049755508750750225,0.04229782988204939,0.05326590294722231,-0.03735177666561734,-0.0322900787237378,0.01074536096583946,0.018588962738777876,0.058582327088809116,-0.06935547175502012,-0.017876301724540515,-0.017817150301288977,-0.03387425556806,-0.0035157223202515104,-0.015344623667200196,-0.04122040419652379,-0.013426966331997529,-0.009307397268431184,0.01651983230020405,-0.04166673015648395
2019-08,-0.05041787989638778,-0.02053177137880657,0.03540381993693859,0.01134144890621988,-0.10469342676247097,-0.00034318514359752393,-0.0665389222976672,-0.028220611398258308,0.10665259890322938,-0.01668654311268135,-0.025400047887803527,-0.09443338221465408,-0.06527475587326209,0.04215747901329024,-0.06820383079955594,-0.030841993055102178,-0.017527419581432873,-0.028398108887103916,-0.09866273051385463,-0.03229132327671963,-0.06384281551911153,-0.012515085306377842,-0.05470814330636397,0.006295456719477567,0.021028193801211376,-0.12009027820444951,-0.009598859703769072,-7.334880239447488e-05
2019-09,-0.005012280551913641,-0.03432278394667948,0.0034309711145922295,0.0052463283272577614,0.04361969272095959,-0.04399847766585099,-0.09381890751535371,-0.04193485859770513,-0.061936963255576516,0.008046795093429489,0.04915340831526918,0.03348730607448912,0.004870091946840524,0.054680469648410224,-0.02911874739326167,0.024692117726824548,0.03107536649934831,-0.015413685159421342,-0.01805344039590256,-0.01579420190123977,0.03917670258396745,-0.04769958151661055,0.003949625698446891,-0.049324576360520414,-0.011967562028773663,-0.004357473835215275,0.009568924748601906,0.01066235423945659
2019-10,0.046443412001084726,-0.04782833581322176,-0.009152015348723466,0.0047657376091064275,0.08624266480554478,-0.06490218923438529,0.12326889481075178,-0.02786506616530651,0.086680947749138,-0.06503162003842504,0.02760510304303777,-0.017449159416394813,-0.0071032249667923085,-0.08076181692797287,0.043179222597980585,0.03536101867624302,-0.05159083065330056,-0.0755138691360705,0.011899397754345582,-0.03029879291823485,0.055571477949370965,-0.0532827597061913,-0.005077014927057094,0.01478712626281928,-0.02938723514312497,-0.06485246061693446,-0.03009720349579978,0.004909169948266501
2019-11,0.033935140129738764,0.033361858108512756,-0.0405812373446615,0.025110519533092276,0.05393495839352159,-0.0452307126526607,0.10709372319008195,0.011903840895762692,0.0754064072813693,0.03743108053619658,0.027052359357625785,-0.005849851659975726,0.009627623182516712,0.05123922043362936,-0.011700326184776028,0.06615488216825882,-0.03174774504989976,0.05133858131167531,0.006546525403994913,0.03175736264045417,0.04156306314461799,0.04700210582076108,-0.038458248484311244,-0.02958191570916115,-0.04329303479531514,-0.0017927306054381202,-0.032385589305585584,-0.005074968254278183
2019-12,-0.026451464568712366,0.027784776088637612,-0.00839910289922647,-0.013775318150510484,-0.028989080826631642,-0.0018028636687577335,-0.008311332073954283,-0.0012081482213514695,-0.0018463367382633364,-0.002306469358741956,0.028601060564090796,-0.030956097271667832,-0.032150521793757866,-0.08617351446743357,-0.005151888243987319,0.0890783852694639,0.02163352638258801,0.018684888028737967,0.020759897167609186,-0.006346935519311516,0.05832035761067683,-0.060526252088306504,-0.0204960784621104,0.006259535833991181,0.021592650750069036,-0.011030629769922522,0.036915576065223554,-0.0006792534543573795
2020-01,0.07121700685817982,0.005154773487637277,0.07553728987095484,-0.003144226602530107,-0.07043340753306264,0.09551638028055826,-0.014810474274492653,0.04018504558851347,-0.07061019616189541,0.027604404592744086,0.027070702037069315,0.03742121279725401,-0.011161399614487508,-0.015889417150119857,-0.018107799150154577,0.05363335790169655,0.01986080245365231,0.07093921226474162,-0.08462667937718048,-0.06887479668635375,0.009065856125975928,-0.020686654038823596,0.015568021626433368,-0.042230804994628474,0.04684665091868354,-0.019767412904443313,-4.946668093347837e-05,0.0028480572100197036
2020-02,-0.10546755887831229,0.021922816812729052,-0.03596489799527565,-0.015287530691618584,-0.030983848001976688,-0.057903857571795204,-0.012901617475882992,-0.10307469546265956,-0.09757471580203014,-0.07768069478869262,-0.06056023444209894,-0.03958717680669186,-0.013019103202840093,-0.07849265986943456,0.004671199028910405,0.06476350825703317,-0.04324566521273311,-0.05689354782889481,-0.14183462086841384,-0.05983899792311214,0.2189120954214677,-0.09235375738774002,-0.028142961291146767,-0.0743953125524953,-0.04730389863197867,-0.05269803653510298,-0.03632526250056047,-0.07928993027422108
2020-03,0.10492259875282595,0.07654020677328645,0.15641320562237454,0.0919436808479607,0.25297215494553144,0.13419528727465066,0.2482888090558913,0.05826133845223226,0.39655427355156236,0.15900772897638213,0.1470612004152488,0.08455574419773494,0.20367172531320857,-0.4065179520207539,0.11874457077141867,0.10875330142417353,0.25706187273625314,0.09938280008788118,0.0513045620433551,-0.023284826628026185,0.1465682556653335,-0.025858169197869645,0.21054610371562152,0.24445301726712326,-0.05400968790561772,0.23120389965218807,0.20084138461770631,0.2424354688246145
2020-04,0.07139159964529158,-0.0189900941126777,0.0981004898757845,0.04398347634252598,0.025407216093305072,0.08169719418886821,0.07796810955981766,-0.08616329196609068,0.13553300384773623,-0.004436056139201728,-0.07321538452769986,0.06825829183199775,-0.04708550935337206,-0.3186080361022904,0.1343094191445649,0.043826733355094065,0.10593066095644389,0.1149375173635299,0.010257300898979372,0.10195096441830805,-0.044103521702574776,-0.0401570669405419,0.160358562251233,0.02276821091682831,-0.06259609012362329,-0.01774010199448893,-0.029164397293389044,0.0568000323860366
2020-05,0.006968698680451298,0.009255768474806804,0.07179065656172559,0.06729905485583113,-0.05367926330985485,-0.08184753732773152,-0.04043606309930724,-0.05402373444907385,-0.03209853203931384,-0.031802434668445165,-0.08465178475573551,-0.04950954730311568,-0.05267869198782452,-0.12783546272827676,0.0266605811833216,0.07691712867339019,-0.06581278127126336,-0.052702402917480004,-0.018122765430249026,-0.10556910206043593,0.09925642154290179,0.02881100266662013,-0.0787763058878993,-0.03579458054390783,-0.09376776154784162,0.015013818093703508,0.051501843373331566,-0.0446336371557027
2020-06,-0.02652156664190589,0.08874389829233531,-0.02558835711952508,-0.09479991242913414,-0.0018630741158500517,-0.022536293944495408,-0.04968568635497631,-0.06478782277634568,0.004072810160700072,0.057293410895809985,-0.11374141954011462,-0.06776716655831513,-0.054951361270495165,0.10041883578807487,0.04692495103035902,0.08690939457613288,0.0010928010936666777,-0.08592856629977809,-0.02551509185215872,-0.04247925267381432,0.013858287370699105,-0.037298239613858294,-0.05210832203477787,-0.039277249647126165,-0.08712846002215247,-0.05708311056017672,-0.01152341887016024,-0.02394633310885019
2020-07,-0.06175843007612695,-0.0028167507437514066,0.018274378466367234,0.04979388555860775,0.01923100017047574,0.03876338464379891,0.0387297475195899,-0.008641887033038635,0.10482225019363439,-0.026584585301559768,-0.024905634737702322,-0.033118580120107495,0.021552622803636085,-0.1670802117546532,0.006534350383889853,0.03263708514562629,0.046319832390119386,-0.008580985056245027,-0.013866369627832964,-0.03745471217608849,0.04420499039106761,0.0748452778982208,0.05126159603832613,-0.011275785047769998,0.0049742017262801135,0.0028691646179230495,-0.008986003304345703,0.03686108137813529
2020-08,0.0058981886783190905,0.0583692148726393,0.011175839731791176,-0.006398886373727922,0.05624286768196016,0.0819254675499488,0.006014064595351525,0.05150100375021449,-0.0015461543774972159,-0.012333423731562097,-0.01644612949129923,-0.005650343973189955,0.06181887795545092,0.01925226333591514,0.05026655867350301,0.06359506514501852,0.07919833208825117,0.03992049491724158,0.055691599109505364,-0.013999548698925546,0.1395076321459295,0.0885429903568696,0.05390485676390652,0.018348327321529103,0.032470767334027276,0.01807708754522855,0.10108023220242622,0.021663605990350072
2020-09,-0.05317571517378269,-0.0681044766564137,-0.03563907076560622,0.008364182999021863,0.0464091592238944,0.016188992253155055,-0.00243706534760907,0.006370048679773081,-0.020821328452143212,-0.07097960376133113,-0.048380323773410325,-0.012729754846316763,-0.016538680850808996,-0.016813330568988254,-0.11962558410048713,-0.1486746936354012,-0.015337671052062563,-0.07525458763246604,-0.03911353016075266,-0.10262985360856793,-0.06593314476580521,-0.02048783103969602,-0.04113635759151214,-0.035750251401145926,-0.01503750896096262,-0.028819779155368274,0.029972577996766406,-0.0018812902583645829
2020-10,-0.06932661102209328,-0.01708419705682581,-0.03285807573581564,-0.058019370748758826,0.07498901552401133,-0.021741861691536035,0.01897158650622102,-0.039660856456678606,-0.07562255510752569,0.13083214042777402,0.023169433435770645,-0.06021444085150926,0.03845580693657471,-0.17399189152450786,-0.07199237834948093,-0.052416062783015006,-0.007882460191327741,-0.06271738591076642,-0.005542230218392799,0.006494029682637817,-0.1199978004449217,-0.039975127037711236,-0.01726384715670961,-0.08757893343628342,-0.01258983224509087,-0.05407778475608096,-0.04841339308679612,-0.03012828648673342
2020-11,0.09395512176091417,-0.006318272928901951,-0.04692465919129339,0.01839118839793697,0.006474076840379342,-0.07048832559786536,-0.07065399021171795,0.054774018675504355,-0.12173680530271921,-0.04642222768628182,0.04818499560196633,0.042842234615630664,0.04150697983613287,0.08698821321673628,-0.03491492396504157,0.013465240437739074,-0.04212605461192787,-0.0522957698061967,-0.04829463574559453,0.049004085777969726,-0.04395253151793332,0.04778427827703428,0.03469387302278431,-0.09786472927457776,-0.04469957909528477,0.0027173935932188822,-0.048141486251244224,0.0083327143394444
2020-12,0.07020354444434426,0.03661773043540992,-0.0509627618973688,-0.06292478796745024,0.020601561837825515,-0.011660863271557496,0.02925510891093861,0.003011359076667509,0.013041991055886956,0.0640111911711008,-0.010747153095193784,0.007902846575529577,0.03108957886371191,-0.0620620510630268,-0.014651092903607985,0.027847716232767054,0.0009725714004981362,0.05800364869090915,0.006567500050291305,-0.050691868722121086,-0.05514621936671743,0.08299771127784285,-0.06416826474546033,-0.006631643618966809,0.05512363215580372,0.08180743298501142,-0.0479313845054176,-0.021554435975083903
2021-01,0.037107897090805815,0.004421279384517671,0.017564608187796267,-0.03645063183622951,0.01691325870728841,-0.015375363746695885,-0.02079650603696647,-0.046380310385942085,0.08814117166523469,-0.024796989926234084,-0.0008203602461887755,-0.0068297372928369324,-0.04465291139551435,-0.07155647344099512,-0.037064179557648756,-0.008104196857125342,-0.055264459130117315,0.02763857018082322,-0.010490833152700638,0.011177748648757181,-0.053084106924489775,-0.06020911179374803,-0.017923892645938636,-0.048666344421085896,-0.07556261657861588,0.06580898905814697,-0.04225325026519655,-0.007978967193762255
2021-02,0.15277466112738267,0.036494246755399626,-0.019156239901446055,-0.04072920925828285,0.10256442772449537,-0.022075402684141564,-0.01114503132211745,0.12073666321528612,-0.0469456774333152,0.03815023628855847,0.09740123230137664,0.010340978597808135,-0.005173946738894476,0.05299351193997379,-0.021844733813009023,-0.0698280569285434,-0.05202917434280623,-0.06483137029990228,-0.03286783637548048,0.05283810630604865,0.04209625889610543,0.06025086922523,-0.031979820845160906,-0.08415105965438854,-0.022908336880765066,0.05205615037284075,-0.03521213476996653,-0.028620598897510355
2021-03,-0.019164573355261286,-0.015463239178991029,0.16602276346520597,0.07645350687860347,0.07357893108555734,0.04325035120124999,0.09258860230594941,0.012387681294494888,0.09580400903694962,0.012986236429968049,0.0026919177430669407,0.09345175623708733,0.039716123364001404,-0.003512037455565575,-0.04704910607443842,-0.04064158432657895,0.09972608258806073,0.030537193868684004,0.09003612071388795,0.029021309980543194,-0.1199795362298832,-0.0884104479599202,0.04440210762535083,0.04015133614445771,0.06890604779075817,0.12124241721160638,0.01590406395474178,0.04448069482829466
2021-04,0.041106875709704144,0.07721300664882401,0.04385714461029719,0.0911677191103275,-0.044813213711849285,0.02640895460000472,0.044400133285480085,0.08624213135778921,0.029185598671331237,-0.0009491099273543009,0.035661279043756364,0.033294450275137735,-0.00035150791593870393,-0.04443601387700472,0.03139627873431887,0.024582036752565345,0.004386859753888728,0.05026377456900485,0.0624880888433498,-0.015171108343775393,0.11509108368464645,-0.03484713603737345,0.019948839632924126,-0.02455363441106038,0.008316783949228681,-0.00668651213096364,-0.012754251783973082,0.015956032011044317
2021-05,0.03865695159807127,-0.02319286249995594,-0.01070516932726567,0.021081642867314915,0.027094895814532113,-0.019905715375118538,0.012019152545016397,0.02187317313668939,-0.01797448329823612,0.022186210006259845,0.039231093799896144,0.023819596163181325,0.033679999001665135,0.03191264287961372,-0.08603596348999935,-0.03792438984085039,-0.00199631249324013,0.02509641267316959,0.015828902579432536,0.004915967883479975,0.0032517979859974103,-0.02089624084911595,-0.018374233399272463,0.012132949114372496,0.0011371663929038412,0.06716656198027135,-0.021691973062604078,-0.021538269448094633
2021-06,-0.032979327879623065,0.06046513189984237,-0.010691914432995237,-0.08105892511358301,-0.13568177619597727,-0.03590849114529077,-0.04201878167650912,0.01673177795749075,-0.02955087696641403,-0.07771517735254817,-0.059772238556302225,0.0041616665758259066,-0.07760160625596242,-0.08701607741106347,0.05172685765247941,0.08136875227372356,-0.02608990547191569,-0.0349747381106735,-0.03737894451275405,-0.039252034676820334,0.19508830237907976,-0.03052423009763493,0.0006077550531912993,0.027700398445715608,-0.03195145658692601,-0.0164549944540764,-0.013782432294643416,-0.023236816429327244
2021-07,0.022221538285278553,0.03744418773939005,0.029693676376194054,0.09063992558146058,-0.0006541809442484017,0.05488303133134191,0.015751792493955252,0.004623619074160282,-0.010446168952440259,0.02874115560452072,0.017679363525623264,-0.05747514130726152,0.09414517902183195,-0.028850166603784935,0.020233153723786864,0.08783759699304994,0.046896714158193575,0.05663926004123252,0.04164914614122713,-0.02655991862521062,-0.043048952055045435,0.017478383210432605,0.014343507759244532,0.005899272394727705,0.026116543439827503,0.022200850875621746,0.10515163839207643,-0.01577105426282314
2021-08,0.0857855411831687,0.05470905229431443,0.025747111752825097,0.04069313384146959,-0.008434615771584168,-0.024184232823117564,0.005713249183668912,-0.0012133285936431432,-0.044276544269631554,0.053154669300244255,0.04628516776683509,0.006176402362171235,0.0022890981678325164,-0.014023588119645665,0.013371195554458442,0.04925737455907608,-0.00014081703206210073,0.0016365799826205838,-0.023455088902773594,0.002765488395906287,0.06850294733735524,-0.005179031161905121,0.023429315769023268,-0.03622795372424137,-0.024256931766630876,0.08176224964547338,-0.006362259583212993,-0.015209898506677826
2021-09,-0.11306834362536951,-0.07465997913179324,-0.018770647671879637,-0.007878386443124137,-0.08894875176720349,-0.006640872269360212,-0.05045494764609924,-0.031806106961750985,-0.0632403975029627,-0.05500126945522287,-0.03156042333268569,-0.04169686054304633,-0.10347161411386108,-0.04295152298393452,-0.032195795073152796,-0.09323528503132114,-0.02397307504438369,-0.07340788182753155,-0.09252617356705822,-0.024520871143565,-0.05466358212082211,-0.0773064459698433,-0.04951208201099556,-0.03808620699389656,-0.06202734991384593,-0.08440151684379402,-0.08340106191382587,-0.015682952984031568
2021-10,0.006147431241744536,0.123267546285725,0.10726432965075532,0.10195114947989375,0.012664976239999886,-0.009089196736018625,0.09192490614611329,-0.03866444374605108,-0.06216912681708879,0.019804492688901783,0.007606356279049315,-0.03723340970212354,0.03435529432074505,-0.0759924685712291,0.036223535013780464,0.08846119354789621,0.041588818181258015,-0.0025184951207819595,0.018831351243329034,0.05039111303437952,0.12895039768661898,-0.008827466575080245,0.025617509673871768,-0.0227322551352,0.027078157688405317,0.00402766142576734,0.10607510153362751,-0.023975029865555778
2021-11,-0.046448494449583926,-0.010175013546070422,0.03193478450810905,0.050761825158116884,-0.0927001525107576,0.010569548289937674,-0.04215980654203195,-0.11249041337922085,-0.05396262486622882,-0.08406730453494106,-0.05728894134148032,-0.03269864841181517,-0.05286509393563416,-0.055975503725909995,-0.004128026399394982,0.09014366383468218,0.023316443630203625,-0.03783039287202128,-0.05046140230635519,0.03437152236434807,0.023880802031622236,-0.08226434809138264,-0.05254822260102722,-0.00039481008987270476,-0.04562755325307238,0.06100831646760259,0.048204785397963405,-0.04501563892269124
2021-12,-0.044318371773082094,0.0004416685941087992,0.0041248532572142295,0.027891982797016684,0.013785174642864951,0.04801666066985903,0.07664296403927254,-0.01471611615321482,0.08433796202356356,0.011505178162468743,-0.06888886287185507,0.11477936535442336,-0.012800392866182458,0.02851559510626352,-0.055310568521968084,0.053599535699918974,0.12129397883486888,0.1023069272242579,-0.004237874808710992,-0.00991759443724244,-0.12535259181139077,0.05224981306191549,0.039045111495726495,0.02353108904348565,0.0918592867510654,0.12159352521784927,-0.08375698574216263,0.02361185174557849
2022-01,-0.04478944748904697,-0.12428986934633716,-0.08801487501132309,-0.0926120841416495,0.00983123445167782,-0.04309144591619733,-0.03803165096615765,0.0355531975773553,0.04910191039677385,-0.011496805687411868,-0.05394246110126012,0.04483786575872507,-0.012186181687741904,-0.03744334152228754,-0.08414435830885071,-0.040666608531327905,0.028277866796788363,0.02604722096840213,-0.06079946506321189,0.13777012428645286,-0.1386281191401439,-0.024679702770968454,-0.0007843854056147114,0.11564432689891287,0.07001870077633081,-0.01898978280592486,-0.10868146442793682,0.012065497596583267
2022-02,0.03127695132265781,0.01205788892328393,-0.06980521833763687,-0.059641656568851384,-0.007764707272365055,-0.02738221389335537,0.04017450874856078,0.1385599777655539,-0.004604810403622055,0.08153001197624689,0.010605632288310197,-0.04119243671248223,-0.007363294648400619,0.0855656166761307,0.00837592985734442,0.02551719602802122,-0.03352515908677251,0.001199706950886489,-0.055572401600322466,0.08775688249777584,0.062380790434650744,0.015236117926739982,-0.02194201751245991,-0.04788292458828867,0.06547700270228447,0.02592342799425357,-0.05778682427767336,0.011185481455546835
2022-03,-0.07449446616437919,0.013353151004059842,-0.04669281599257569,-0.09621798191828598,0.14214399693297455,-0.027180075244121207,0.07047754656189352,-0.13479163105937456,0.015192072187626839,0.024184887854554804,-0.0678526552462519,0.028929184648703414,-0.0072699972391867314,-0.07224426539153833,-0.03471122822492804,0.07104220553029739,-0.04989076915743015,0.05993542741301551,-0.02699492728246335,0.29054844651585626,0.07774139263204627,-0.08791968823642093,0.10997333817351568,0.048387722655423314,-0.038557786045100115,-0.02263057072758393,-0.14542169115496864,-0.08440546091252754
2022-04,-0.06596854426904893,-0.11704124734356754,0.028079560229726536,-0.0008271975540210763,-0.020609377792080465,0.03171580575722082,-0.001245325030462596,-0.04472419176013226,0.023659679004579832,-0.0755780688427246,-0.04212624156313992,-0.0245593953333502,-0.04912240814902555,-0.18688782369401388,-0.15172248529909596,-0.07738724277379294,0.02713760417687363,0.017538468749630713,-0.025031458277401296,-0.053832043136315885,-0.2935931696888459,-0.1166135172255977,0.01603103373538838,0.05552925786810158,0.023284870367922858,-0.09793165999590187,-0.04851283398576692,-0.045804579352166475
2022-05,0.051349491725539716,-0.004784570280968995,0.034445726943212705,-0.010091829211073652,-0.022192434281854318,0.0004962415043609357,0.029975857408724972,-0.0528792789207172,0.08488258272837938,0.02672239917349109,0.07186560530282363,0.06579965079962251,-0.0025757688883485327,-0.11352714757474865,0.03497740888727373,0.017170214200907224,-0.06564111317324568,0.014089998400479016,0.019504091935458278,0.014969424100367076,0.09081720985900056,-0.027346530346204788,-0.05878609059936635,0.07199441989522874,-0.0213480884292973,0.012208013279699502,0.01557867292616269,0.12576683463731442
2022-06,-0.04685537193531326,0.02507550226501343,-0.009895888092788834,-0.0768495813144407,-0.11924364288946661,0.006520238786825277,0.08789689778652776,-0.1189444483570202,-0.049362174068493025,-0.020576215471446346,-0.10246057749795055,0.03650811006846768,-0.06021951784399127,0.1435329129053347,-0.04346538569205325,-0.021771603913926237,-0.006595116996956181,-0.00808084336173431,-0.0974456474585288,-0.15923568691090134,-0.09958434273835223,-0.12422095623135539,0.012628701126539413,0.0017839528567391838,0.02217758437044497,-0.02817151306068086,0.006604360284745302,0.0075832985725345315
2022-07,0.11355069897004612,0.069722297701653,0.1186971160899742,0.2427132205880923,0.07490283383984794,0.09192737925298021,0.03783242511563259,0.08107994450179805,0.015254147366998816,-0.05426684860749124,0.05131635313915933,-0.005972638734992198,0.07957758086728962,0.18888686152306824,0.18661507305785618,0.18468821709340325,0.0440596765581853,-0.0006532929627629792,0.03968972716099213,0.07740126150088186,0.22209409713441292,0.15505494055702074,0.2031914924874625,-0.0219046392700431,0.03231648046172392,0.09908260607211813,0.12430965730174937,-0.002604600160597286
2022-08,0.0243259733652776,-0.03755834433808371,-0.028403113985143173,-0.04236153358091086,-0.007284642183926694,-0.04116098302642907,-0.03980100586949464,-0.028749727432712185,-0.026721996108932417,0.0018014188958973094,-0.016210193939888255,-0.002562804419375459,-0.0012920878838657262,-0.02572543456631979,-0.07261835418414057,-0.01129692136179792,0.009506101887738198,-0.07503684645482618,-0.08852219371686018,0.015838198889485403,0.0536912749549884,-0.032049136534039215,-0.042437061177190816,-0.028286844701335405,-0.037562058958775874,-0.07854308693994388,-0.042281237276140214,-0.07176844315583104
2022-09,-0.059090138968459625,-0.06739199917363677,-0.0407326286702735,-0.07887588760284407,-0.09086793902113044,-0.055701103990349665,-0.020434762815708826,-0.06561777371368512,-0.046135373801598344,-0.042650695150215544,-0.05643722113682221,-0.04620931219137827,-0.09957066921646937,-0.1346652627308584,0.004225833573500438,-0.04038101280383904,-0.08483908586194709,0.017311797774360604,-0.075457292311611,-0.07734217119419814,-0.04639141704613671,-0.08728435170684506,-0.015243998293328757,-0.014915970452055822,-0.10034125657975175,-0.0956751887346545,-0.010824744442318134,-0.07187987782661563
2022-10,0.09000249323352874,0.09301554276005991,0.050813304145079057,0.03138113205596598,0.2317545061702135,0.10762320820913153,0.03937444773940716,0.05718550650104855,0.1413351796687721,0.1633146698287536,0.11022473284649308,0.09046891214343149,0.14885847233719798,0.1136634285160128,0.0674614387753692,0.13926778501499448,0.012522912183316992,0.07014653794378244,0.14731669347592433,0.17355381536966383,0.10537796649488904,0.07941828133258472,0.06208224529674449,0.11340811121022974,-0.004200229436434179,0.06641880963030218,0.10670294314704341,-0.016091948030373403
2022-11,0.09975001698496916,0.025441935772508004,0.05773450085760993,0.04885884407482963,0.07177769282957602,-0.02270494092535485,-0.06493191512050052,-0.008561706470939392,0.06479171074821523,-0.017380219399203724,0.04556274230285622,0.07945295374680685,0.03251777657215335,0.2275875149744434,-0.18680561571204823,-0.031670316819966106,0.04978190754501167,0.006398423601356679,-0.03893601937376238,0.019344682046954033,0.11712600746222071,-0.14287401507639608,-0.008435670305780693,0.09294654077390246,0.01166400989455117,-0.015230241373029018,0.02029665785604569,0.010784162467057753
2022-12,-0.09435554378759026,-0.013807479122133945,0.01729418682159092,-0.019786973069382003,-0.002958558109426206,-0.03520176119371237,-0.06096839933259721,-0.04325657062963381,-0.07901401815101458,-0.025007503633692228,-0.0347425039957691,-0.039164723592865346,-0.03872586308301208,0.059476767873773685,-0.11838052169591311,-0.12060838191284622,0.043276243944602756,-0.016060630462086282,-0.03101670275834301,-0.07253068092693116,-0.05756325780004851,-0.06388795285359093,-0.04697552453266863,-0.006286339382516765,0.004793003109908214,-0.04974021821440991,-0.0024495037582903216,-0.00791485855134577
2023-01,0.1359669527958406,0.06583242108720512,0.03476330293141073,0.09665079827824569,0.039148262772968616,0.0385430891205647,-0.08754759696890659,0.10277201954994797,-0.06722447948174441,0.007098855014079196,0.08352404877310733,-0.019265792128757828,0.027487523039506627,0.2069446535510903,0.1760731969660554,0.09614830086255442,-0.04179119703123907,-0.06012347690738957,-0.01866570078504429,-0.03702118003116392,0.3530559496466472,0.19787645702361076,-0.03386113910627446,-0.005000120280909106,-0.04071669690405231,0.013862013016787234,0.09453033620745781,0.06573090141097793
2023-02,0.01754678300640438,-0.022980813911820122,0.040981750295878444,0.019362496777202087,-0.02051050888898123,0.018547654109153062,-0.04014395112822487,0.07001743442070767,-0.0826643233963713,-0.002854939431781324,0.08783320515839897,-0.006360491568610416,-0.012108687093531611,0.016641968176904456,0.019018471628068117,0.09770899814465167,0.02181406560688631,-0.01803463647968499,-0.02273378019840249,-0.05524167662503347,0.17332274215844856,-0.038332388854108945,0.025361941331216793,0.02585033814264439,-0.014787123743551714,-0.020705536558503688,0.02098469596752373,-0.0563061156588126
2023-03,-0.07122609702930177,0.08058799533152139,-0.013150500013152999,-0.009785893051619546,-0.03514139545817351,0.05297122542000949,-0.03652117668837033,-0.06290144952158525,-0.004217956859891468,-0.06401902024628077,-0.08917489574784855,-0.009613907352159707,-0.027001289379153186,0.07050945287646397,0.06073351656480758,0.07806193144336876,0.04980558398825443,-0.0116835127395183,-0.0906138422272713,0.08623802672232223,0.1305085399691882,-0.01977469189035205,0.010643945442991569,0.014458204228735897,0.02802700911539004,0.0406646970764782,0.028625973718952005,-0.0195517099779754
2023-04,0.09117027255934422,0.05105714452438214,0.022911520579134773,0.029427381126260494,-0.00305700401027649,0.03280962159205892,0.026187192703040686,0.021996416984780897,-0.006093543776094926,0.02611650898398424,0.04377026872897027,-0.03967744300469153,-0.0084740607963491,0.010571476665793554,-0.011684341209018881,0.07202148250360695,0.03216699396848111,0.020203870329879487,-0.018779292370883893,0.008044563204244388,0.0004679854238011554,0.033907806451125726,0.01644759688983486,0.054151314923450294,0.01584454942929005,-0.04345954904002824,0.044753154621568224,0.05186866091222259
2023-05,-0.05143657035586562,0.0248904371643815,-0.0303342424036503,-0.06396811292994482,-0.0911576768017703,-0.03823929880229415,0.010950762495571517,-0.039018380948808655,-0.07961393600885555,-0.0644935875454328,-0.0647654977098115,0.009562428120366744,-0.05948960261653979,-0.024409914994588937,0.0714532163853833,0.014109175417724771,-0.06418315403666795,-0.05315005680693851,-0.09961039237915065,-0.06990735001005677,0.08740713564921902,-0.07926839016955356,-0.03420376709386941,-0.02697617705520785,-0.05903091137926968,0.10037553778512073,-0.08013328476108977,-0.08457405810022443
2023-06,-0.017647196316904454,0.041289504450963,0.04902755595207867,0.1364912462068642,0.15068591555579877,0.03677753449604123,0.05322798044008692,0.09112946050307405,0.0008985075963703791,0.0026946011717316424,0.052514276829710764,0.053705762183089124,0.058967340948197625,0.019255464774968836,0.03156506513043448,0.07061608407057339,0.06105046894215124,0.0507360909922807,0.05790452029228195,0.033737587510905276,0.06730838795009973,-0.005436632811374581,0.06655592661543211,0.058873675037272984,0.000575587720235402,0.036682639401609936,0.047511328235520164,0.06783970423795946
2023-07,0.06998405841536134,-0.022987534527155826,0.05005625856637374,0.00135786743867786,0.07300663577739701,-0.02178877745887011,0.008298944603556683,0.014726007416757921,0.06395151389583685,0.0017960886157950442,0.06390462289552146,0.046318081843320494,-0.018121723779014845,0.08543654363218786,-0.021848207029716554,-0.009893730960489008,0.03411191908065141,0.0471635007168717,0.08271781303932581,0.01862247145439333,-0.025293208108955224,-0.005429938441130482,0.0012595034903514501,-0.03984349648965414,0.03387135850872658,0.06665195039094413,-0.016075074730846795,-0.10212416299180631
2023-08,-0.032636574583901914,-0.05545113737460195,0.005754457591680513,-0.017513107983743417,0.030114089280476587,-0.05144079581294504,-0.07357728082209737,-0.029229406201524345,0.022225405836694544,-0.06124339319404325,-0.031665056732072476,0.016302357300862325,-0.02917728376616411,-0.017760193970097673,-0.041152937645865736,-0.04052024651387829,-0.02320332920074553,0.004350033216554727,-0.08929990721529561,-0.029552138742009647,-0.03561036010301738,-0.0745362501618131,-0.006911862045887118,-0.040833471112518824,-0.043908460478102845,0.053176223065467806,-0.013344968276715836,0.020071252000335934
2023-09,-0.027235482883752878,-0.034929825697425636,-0.058011161549026656,-0.0608273613026299,-0.029075558415885997,-0.07247974326593543,0.026798392075542018,-0.06453589944293174,0.004459845604747626,-0.007199368617070487,-0.014748828822312631,-0.04271997530169729,-0.035775667953198635,-0.14248792026050938,-0.02815476827143635,-0.06332956811493307,-0.06312767100410002,-0.03756540730558066,-0.1197672509479468,-0.020891455380610446,-0.07632322793322785,-0.014343205450524622,-0.037059610872958657,-0.05973362695011239,-0.07202769011040999,-0.02524566923182238,-0.11660489587021299,-0.09249768179119097
2023-10,-0.050098571350805886,-0.0037333128618021,-0.046780653339448405,-0.07335115579979432,-0.12375048937062952,-0.05102603289090554,0.029954840716549174,0.010836643333010697,-0.03445019344890509,-0.010993761555646634,-0.030814316899831523,0.022660599578665522,-0.031055940601058894,-0.049072426026165315,0.018391963736937925,0.08429396579728007,0.001928305498452124,-0.03510033976069541,-0.045556125004754505,-0.11849425847022613,0.005738213592391939,0.013869200748500591,0.022423884161294177,0.006729437546470853,-0.03898761609966702,-0.01973625148358478,0.059854729536275,0.03644515012428678
2023-11,0.058238750843503356,0.07435886862802314,0.05876191393410011,0.10951840629802634,0.06396361611667055,0.04277298329170131,0.040688052182003456,0.08717168678162802,0.015560274455671293,0.044517563506018445,0.08108807431346501,0.070521340835288,0.019640991798502115,0.09230182011623027,0.08157653917773794,0.07426440952077447,0.01308892698166456,0.02617129109056671,0.032766718388525226,-0.012224415753802275,0.040047669014899236,0.03948768007595798,-0.006409351985865584,-0.027291422829450115,0.01666992263316334,0.02430998508034899,-0.002014349382381831,0.04341220218953546
2023-12,0.12717413291470783,0.02897073079419704,0.07961003172577022,0.08074090586079681,0.177340162309015,0.03974031052310971,-0.033301126129028295,0.07836021355468087,0.012341437905725504,0.05998049792253025,0.0939627195339631,0.03803054208863436,0.043814887906688554,0.14630199775078323,0.04182476054249383,0.01024975817200458,-0.021109117953491435,0.023335460794398286,0.09550232600144432,0.025443270551937923,0.03629148957086654,0.011344306297584884,0.018614060679310807,0.03492092850779865,0.009408117789928113,0.021068565821215343,0.10557936749255079,-0.004833368403633053
2024-01,0.031337402214870184,0.017949467744374604,0.002554392989636883,0.03335526299954503,0.04667133495634848,-0.005233310356495323,0.07242385862400383,0.08074371931164834,0.09262694843837932,0.031325041710653194,0.04696110701426269,0.03276444773140998,-0.019421400549312077,-0.04190204022261837,0.025552895057226254,0.015408816052515767,0.04287581580655953,0.011090474300342885,-0.07238892834000006,-0.03359116002368015,0.15503249163610658,0.0643174906601222,0.025299589085159915,0.0864059557663381,0.0006459538700354876,0.014673009776305862,-0.04122622960743372,0.09378480906053818
2024-02,0.04972445742400113,0.0161511976496517,0.12117788843322774,0.08996344212642671,0.03175129170713734,0.06581012228864454,-0.029725113700613297,0.09979528162101695,-0.10847740615051155,0.04675484439617018,0.0592238245882251,0.002900555191553564,0.017731707462349873,-0.01378162034503865,0.09275119616104394,0.012003047902658938,0.011139217962333883,0.034137788315158714,0.0036215612928765977,-0.005089466786350023,0.04134095255391709,0.15637937574597596,-0.011988058370842701,0.01361422337580596,0.022546195702509483,0.016056302817247268,0.05742346194004408,-0.03944562555464607
2024-03,0.025860891926693302,0.002851212619952005,-0.00560850754803597,0.011909730016113437,0.07443016824958659,-0.02573054093520699,-0.009481302553331914,-0.0003637474857248768,-0.023137881583867082,0.04688404109203951,0.0758319960900706,0.03248037785459252,-0.0014885997437335799,-0.03122436381124812,-0.010116164169774892,-0.010754052652878338,0.016457783373681256,-0.01953808389154582,0.07208352412350569,0.006370018849161182,0.015632432794017277,0.061619146366100004,0.016228656685962566,0.0009355808915923857,0.023429333845803174,0.013385318725328667,-0.05973297510386513,0.04177853761734918
2024-04,-0.023019881224148893,-0.0944669165592008,-0.11354304223391005,-0.1135261053089711,-0.02970850212945785,0.013759776128868785,-0.047888008811591415,0.009540070949061643,-0.04045977616488628,-0.02710670225263364,-0.023528486043399896,-0.07586034783440047,-0.08111248247621121,-0.13571614809322255,-0.06970040377868672,-0.00747558760631751,0.016142081914019363,-0.07256186434344476,0.010920451578178204,-0.011944700434758381,-0.09666768763262443,-0.038191523249561245,-0.03589131435261804,-0.07467695000906374,-0.0025198113131824295,-0.08976008753887058,-0.055043431781980325,-0.06371625889579595
2024-05,0.05329263279330502,0.030506423763330872,-0.0228999910268597,-0.04652816695799169,-0.036149186744475335,-0.0747181333144158,0.04851886662957707,-0.011164402121596967,-0.023320100047213254,-0.009396630871919186,0.035536696761463385,0.009541514908534367,0.028186054135413408,0.04702438273868327,-0.014281165474231661,-0.01742065692769795,0.015012868633700018,-0.028969033423063315,0.023408575459476194,0.0038611129239390562,0.07784327958402064,-0.004713787118788636,0.027205157724227574,-0.011645203708852732,0.013912397358825533,-0.03042889511361749,0.012016478137330722,0.030642192925067504
2024-06,0.01005357777283694,0.07107569528688423,0.02267399053335167,0.0031034599387556724,-0.011118789565354333,-0.0034145179846304372,0.0015032024255318154,-0.021555981428853434,0.03445660404691699,0.008948858126769545,0.025463424257931258,0.012102856427442951,0.052102585115005304,0.08374629392347226,0.06993564598081865,0.027872532559615755,0.033097796435557894,0.011593676468173917,0.033081031448091915,-0.04234590008803899,0.01172261176181543,-0.022103697115694584,0.031569998226556255,-0.005682328259946738,0.030632750997423453,0.03742251612185364,0.0062409082928193945,0.006201178468355248
2024-07,0.084186041775985,-0.03508028291866284,0.030683404921753605,0.08274066355620806,-0.002218601926165695,0.05206020340325152,0.09786873670413958,0.09106665144755671,0.04471387639522361,0.06211831371170878,0.054183903818153814,0.07090497080130623,-0.01525992421930083,-0.0003243531362224572,-0.09005189011353418,0.0018356648325032073,0.022551349776219375,0.07949907676024198,0.13575164433274126,0.00467125887006851,-0.1563286461415686,-0.018833364341590064,0.0035798657849464544,-0.10062236972775943,0.029540277419087137,0.023994825197366777,-0.017008738380883057,0.0218862551308705
2024-08,-0.004228420946374062,-0.03400092740593831,-0.0052533504389707985,0.0341826531566063,0.01809898331855055,0.05962073256730718,-0.011313463896485597,0.008186255134561027,-0.004876438835551754,0.004483270158050753,0.043099306164114275,0.0515032466225581,-0.026323793797507936,-0.044504938172447224,-0.006925444026999393,0.09862316690109652,0.04910544441744214,0.03907424825313074,0.1307992549411183,-0.052018488999808855,0.06823324829525645,-0.006504737197337744,0.025380733885045963,0.016620515690459213,0.06511644438524114,-0.05035786611970048,0.087388528801677,0.02025411372000779
2024-09,-0.06329478322031487,-0.02756789850041225,0.03515133937324555,0.010540679151958351,0.0017654336622788974,0.02425904176250041,-0.004317188132303484,-0.010307086916248579,-0.051300013315778145,-0.011043392643307616,-0.0800368703461186,0.04799527172221347,-0.04705221234682137,-0.10477902633525542,-0.008364735195245873,0.0028781477053378387,0.04179192383889733,-0.022675477660300442,0.014790522009683121,-0.02205890334787052,-0.007938388199000628,0.02136656356386983,0.0438917872888741,-0.01920159931700192,0.004673451469734733,0.04159882770595229,-0.05665637152582827,0.06757249613330643
2024-10,-0.03479920145514615,-0.07165074486649516,0.015718489993740044,-0.029928867785724775,0.026378626028583006,-0.008842036216870143,0.02972464348142064,0.0075912688221454775,0.010744694202145971,-0.05822044419775921,0.021714436396988494,0.016430343787167487,0.03438768553942556,0.027931305062926213,-0.020562944181898538,-0.010283923392714618,0.0008228912005410387,0.007150930955545343,-0.08378841138785652,0.01909261830863535,-0.009464097991097008,0.010722071875605362,0.01894460274499221,-0.05288488872903185,-0.023154872411234505,0.03095412667293723,-0.06374485257701157,0.007667190850527044
2024-11,0.04153943178027512,0.06496799372027111,0.0571326874352307,-0.011064762026304234,0.024678219279862763,0.0034176520791787427,0.00401515208074771,0.05090979420230695,-0.006608556538475381,0.011358079047936906,0.011893149295643585,0.06481752647398761,0.020755896737261956,-0.03789671641740186,0.06059626384940695,0.1001142124398862,0.060312772774103476,-0.018983777808210315,0.003627909014659771,-0.0014327003027756876,-0.061676004575590686,0.1715410997135032,0.022349179134593698,-0.046356457715742726,-0.036949157650535074,0.07955820980985487,0.01971511872834395,0.02949123327709624
2024-12,-0.07608370236109362,0.029436089578478063,-0.0721489401564721,-0.11645139426117214,-0.10132919998003706,0.018023884657992602,-0.14667828520769405,-0.044206793209439335,-0.05835849040918154,-0.06458328161037213,-0.050492140070350994,-0.027466807753911082,-0.04603932782869117,0.11173556718885785,0.02861234166584648,0.0878856115455223,-0.0327208009197517,-0.034317035363215995,0.0033962902378293896,-0.12435453254660672,-0.034849793040763875,4.7740373373758716e-05,-0.023830073234463126,-0.028848158072484236,-0.02160906463273159,0.03365626895104725,0.024962791923814603,-0.0778034515218024
2025-01,0.045593201001658604,0.005882054597770126,-0.025402843330981667,0.001961836129393014,0.022277761947810424,-0.027016180550873063,0.046204741039759564,0.0033316776945885203,0.07171630968159963,-0.047668150711724866,0.06340803845584876,0.0603624637846826,-0.0213189608898364,-0.0758049599126447,0.00678200736894304,-0.040398566506176126,-0.03464953097517158,0.0717058285664584,0.11964765407652143,-0.0028865418970432277,-0.10655669149879043,-0.033597407179814236,0.03991988943103814,-0.039620078220900884,-0.010276656262432016,-0.018865850357957417,-0.013078082851188954,-0.06868964850069409
2025-02,-0.04004035840579593,-0.021523292215641414,-0.03625747026805998,-0.002182586639758672,-0.13459826470934685,0.04710259983559258,0.069857777551457,-0.06742146315774389,0.06814164659266299,0.024210633172132484,-0.029216725261906103,0.02105315948791434,-0.03026177010275743,-0.03917471506201635,-0.0637470397615473,0.09604347216021915,0.062180529092568666,0.11172783413963243,0.060647508030955755,0.04659772495896111,-0.02613944950036424,0.00909726966540696,0.060442472186317146,0.08957692464190085,0.07099708137799977,-0.038959722709548894,0.019687485429593837,0.07670312777989297
2025-03,-0.06749250683557266,0.021811370101253214,-0.05172269790329334,-0.023737871612655816,-0.0034533393941424246,0.01961957898344088,0.10243192255968547,-0.05420476653595771,0.02829527858697519,0.0017134425819224396,-0.03513439994050868,0.040206526415067514,0.006824855203128865,-0.016839677906213397,-0.03172880588870984,-0.029125192121950718,-0.013888012353227886,0.016208038644522617,0.017800107770615886,0.04880457322577926,-0.06677529852531905,-0.07070426252917957,-0.029899854363960723,-0.011521406982398593,0.04120948569475856,-0.04061115097679762,-0.10708648123235436,0.15143551592943272
2025-04,0.18280601845571753,0.1141788767902642,0.06775671817008687,0.01856901552453378,0.04705880448900325,0.0391695410816492,-0.13702444966772587,0.12734531256214746,-0.003707216202095361,0.0034487561347343134,0.13892896024760432,0.0999737852806199,0.012003428955424581,0.1559522547782412,0.16023825946870843,0.16391114403245458,-0.04423759309581772,-0.04258919963565976,0.004393646413348321,-0.10245728384708301,0.21264279378643547,-0.009200866255404054,0.1772396811333797,-0.08043506502858404,0.03725782068783257,-0.00017736127884725438,0.06884445501635907,0.003975923398808589
2025-05,0.08696433379636105,0.048880823269686575,-0.006865776419371638,0.0014479301537331617,0.03705933613437068,0.019979328285014242,-0.07842403839674619,0.04220066578993072,0.010525056012087274,0.035719272411259224,0.053294850516630576,0.0585911383266023,0.047685036393011714,0.10861022478011627,0.0177600199495398,-0.01867121871065307,0.08545539276420971,0.021619389517388968,0.065056690973647,-0.007515080541447533,0.0843170570376379,0.12282678926964878,0.05705331721254163,-0.07295076403837485,-0.004059416679190674,0.01843067469036477,8.165350809835102e-05,0.0005428963251054516
