Date,AAF.L,AAL.L,ABF.L,ADM.L,AHT.L,ALW.L,ANTO.L,AUTO.L,AZN.L,BAB.L,BARC.L,BATS.L,BEZ.L,BKG.L,BNZL.L,BTRW.L,CCEP.L,CCH.L,CNA.L,CPG.L,DCC.L,DPLM.L,EDV.L,ENT.L,EXPN.L,EZJ.L,FCIT.L,FRES.L,GAW.L,GSK.L,HIK.L,HLMA.L,HSBA.L,HSX.L,HWDN.L,ICG.L,IHG.L,III.L,IMI.L,INF.L,ITRK.L,KGF.L,LAND.L,LGEN.L,LLOY.L,LMP.L,LSEG.L,MKS.L,MNDI.L,MRO.L,NWG.L,NXT.L,PCT.L,PHNX.L,PRU.L,PSH.L,PSN.L,PSON.L,REL.L,RIO.L,RKT.L,RMV.L,RTO.L,SBRY.L,SDR.L,SGE.L,SGRO.L,SHEL.L,SMIN.L,SMT.L,SPX.L,SSE.L,STAN.L,STJ.L,SVT.L,TSCO.L,ULVR.L,UTG.L,VOD.L,WEIR.L,WTB.L
2019-06,-0.1194804798473011,0.014234108258765792,-0.0048484848484848615,0.01610676484123333,-0.007048458149779631,0.005050505050505098,0.018628096049515194,-0.0021858145847563955,0.009407337723424258,-0.0019603439000639563,-0.0013333129882813297,-0.005066956207021326,0.01285583103764917,0.036388893651209786,-0.017037387600568017,0.010232865063305637,0.0006172839506173129,0.010197144799456116,0.018329488248165257,0.0023904382470119204,0.006307339449541328,-0.001954397394136926,0.0,0.01939312309265136,0.016631130063965858,0.04334504999925853,0.010086455331412203,-0.00616715798249389,-0.007792207792207677,-0.0032873309249274057,0.003496503496503486,-0.0059055118110236645,0.006897608570817501,0.013173652694610738,0.005952380952380993,0.010980966325036534,-0.015232292460015258,0.004963898916967475,0.0,0.0106511591175862,-0.01291711517761028,-0.0009298568170891067,0.015602129951313295,0.001858736059479613,-0.01031829572296256,0.01932367149758451,0.0032918800292611513,0.0028557393017445503,0.009588243795384763,0.011182540463135054,0.0031946908675336582,-0.014270424545130184,0.006015060539532425,0.01692482442106547,0.016286599462769058,-0.0014409221902017186,0.025154004106776238,0.012104803759452177,-0.0049504950495049636,0.011083488709343376,-0.002247912652537026,-0.0007474554235745194,0.011193064940644414,0.01898072718959843,-0.0026160608430802115,0.0045068060542168805,0.01276007240919733,0.0,0.010003226847370147,0.003784295175023572,0.011563876651982429,0.010355695632597962,0.01104188494251336,0.012448132780082869,0.0,-0.0052654319166978965,0.002047292455727305,0.02256033578174194,0.003414047367598607,0.01243862520458258,0.008936315966161625
2019-07,-0.07477843405167352,-0.04306039242241613,-0.031036896419697903,-0.019575940564281722,-0.01019869845183964,0.05675450048726162,-0.03407687593410189,-0.039683641648145515,0.037442773178923985,0.06394451064908298,0.006020956605038388,0.07041689210756129,0.03527302518553177,0.06542869811319241,0.007945461187015498,0.05560148039595338,0.04371197481571928,0.00845736281784801,-0.08501124079586138,0.06305188696708017,-0.08517305761024636,0.04191644130198702,0.0,-0.19682215267828893,0.12505770168391728,-0.007219493971599165,-0.0056409303847040895,-0.31054824567362094,-0.09547361471673275,0.06793013223922283,0.07445670913204705,-0.018947826350201494,-0.013866586005117662,-0.0035067745618822944,0.02641162943511294,-0.04537768610094175,0.10306542048918532,-0.03261888706693204,-0.040045263845444524,0.01930303844047509,0.045293712181854816,0.023135775633011023,-0.057074179856345844,-0.067471752763246,-0.0396421968561346,-0.06998219828945314,0.10531584853327863,-0.024071876878772658,-0.013922262849801728,0.019370096355249427,-0.008400965347943882,0.05187809520415745,0.036098307756118615,-0.056926496099501886,-0.06214942382932388,-0.030516057202202483,-0.013067855498204104,0.0017520220659368623,0.0520981725060865,-0.016477809941725062,0.0851300692784632,-0.11338921007065214,0.09097710479409105,0.003829716450406852,0.008005300492651305,-0.055180703962935486,-0.018478331028373155,-0.014180029493325405,0.039176653218704664,0.001852806340320729,-0.05041204359655285,-0.021468195759887225,-0.05379943369824293,-0.1045380329396281,0.01626545954909759,-0.02985774538347801,-0.015341387420202123,-0.016828888683623665,0.04587713563396257,0.024045486794326654,0.004906728127269118
2019-08,-0.1283400170716359,-0.07002292378051388,-0.07005821147106094,-0.04863563486951401,0.0021480260375151715,-0.08261149969537587,-0.004598254370135957,-0.005575656238677075,0.03215401085344233,0.06844276082425786,-0.1139063548864572,-0.05516524957384737,0.025669768635536442,0.04701358108013347,-0.09890482896138712,-0.012235086277328305,0.012115840681470296,-0.037234521724902915,-0.04743476135821921,-0.01946957500394115,0.022253554847684417,-0.025931516162185777,0.01292037629285234,-0.0028983920080403146,0.0033049195501244836,0.014376345606512221,-0.0632575823249007,0.23286428368110265,-0.009915614851124436,0.004677320052912366,0.1195017045667945,-0.03821816234899044,-0.0953597883518463,-0.09189589915816573,-0.023833960010016798,-0.06055396134293375,-0.09713908545531637,-0.04203169684339908,-0.05448990907149564,-0.015707954496961257,-0.032525683181508086,-0.09441605213049942,-0.056221641342386525,-0.1525069369062281,0.015111217300355377,-0.03810791351427143,-0.017989875136013966,-0.081831723587918,-0.09524660422062843,-0.008972522855407193,-0.05181236426288301,-0.035853750618462514,-0.08802393618581109,-0.06197061185198843,-0.17145621737154906,-0.07227326125301026,-0.025313845807611358,-0.05407744420996966,0.018045132985476876,-0.01143895584570352,0.026309133631765184,0.03335371060296829,0.062050519560832615,0.06206072181403269,-0.13113084910746822,-0.02451267398648714,-0.013978801320303616,-0.09427810374281488,0.02022758415562169,-0.08133997969160357,-0.08854260669028004,0.055638216037846376,-0.055493814145779655,-0.0353027320954729,0.06778631500144443,0.002611355798587311,0.03176244002514249,-0.0667078069280161,0.0073222602029559105,-0.009725088327194403,-0.024797488202133542
2019-09,-0.41992353422430345,0.017980809735060287,0.007905934714935378,0.031448447930684444,0.0008905080108816716,-0.01847511410232656,0.09346325338144944,-0.038462261951043,-0.040408285204800276,0.09761139419397996,0.05423693620902357,0.08805630172524756,0.1481247355667861,0.040853050846034585,0.048791851752962044,0.030797328606472416,-0.008772456422692036,-0.017909780081849593,-0.00204034142199143,0.02481126867069304,0.011280880928963755,0.0865850116041928,4.981847568182557e-05,0.15328873030925216,0.02041075105147523,0.2731685795766182,-0.027338306357922126,-0.08758641815964442,0.054597230036583004,0.02035272659397425,0.13407600562011618,0.021935694771998252,0.04950852486514875,0.036153472695299,0.08424653568178078,0.08113527034302012,0.028302156855610335,0.05650999201207062,-0.019064927832396317,-0.03330576284200851,0.024628148166067707,0.1170369531743459,0.08632987724940969,0.1068628752798041,0.13670127600070273,0.054864408385502876,0.040717900486580375,-0.032825948417582324,-0.037550557465597593,0.11034951328418259,0.12933343429810956,0.07014382812279539,0.0014850092741804247,0.06585532060114292,0.01761755637441382,-0.0174221591896696,0.07425842218861511,0.04591246867692942,-0.021341317828639763,0.0130605918826432,-0.011844840855095292,0.035735184511001765,0.01634217363743225,0.050398146844282045,0.12669984740697166,-0.024542766096546816,0.011536678961517156,0.01594666820845966,-0.05702428743201755,-0.10955035804170965,-0.042248783625738084,0.05795420987761627,0.1183030461364317,0.07790981896120285,0.046596344500422014,0.11802038922206202,-0.050765593867259845,0.039034788874738637,0.05065757082523032,-0.008569075409588647,0.012053995576928638
2019-10,0.17130965304697618,0.062416330063669874,-0.060782491585609194,-0.014775760129213437,0.04459728476010539,-0.0623668040394116,-0.048610035373537246,0.11799602971385421,0.03650266861966809,0.016845844008088015,0.12636091008183434,-0.10830614770657014,-0.052894561806645056,0.09895479644714363,-0.040154386757219725,0.0425960492868196,-0.04912286962287709,-0.10360985802645167,-0.09464398115505754,-0.05050256763618165,-0.01442211830653533,-0.08563449167349373,-0.047621118601987776,0.09786423497541746,-0.08314363947251192,0.16067431692099446,-0.061505596737607075,0.07768758821452684,-0.12437918588698066,0.02061900637717722,-0.047621912522668404,-0.05147153546456421,-0.034596412628906906,-0.14327859784054944,0.09026267558652708,0.019392765363523808,-0.07768583130714851,-0.0253981224920941,0.024288531365096327,-0.0431319789382921,-0.016714726724731788,0.025686845589880578,0.11511092658654526,0.03817067213795085,0.09824702996345165,0.08450301896822629,-0.04196862401427888,0.012002653884955949,0.03918795184889176,0.05785753378865963,0.048304235421845435,0.1441883409137238,0.010336248576164034,-0.0010725637459531112,0.050708829446029384,-0.048395728099145566,0.07159663123676141,-0.03918437574141219,-0.04887562342194825,-0.016023245843023688,-0.002992816993896818,0.08549186731633449,-0.055666899178818584,-0.05280526034824757,0.008338995840556635,0.033690610902805944,0.053199407817529826,-0.0583490063773804,0.027448710407367433,-0.049801426587047455,0.04457715635628938,0.0358850621512131,0.06886360466383681,0.03573512196995403,0.05566022484382083,0.015142615541245488,-0.068641150024079,0.038859244800892846,-0.01774180401771145,-0.06815700762866173,-0.025320315428443485
2019-11,0.027313358575796108,0.002744657970393314,0.06023886401685476,0.052416284337283764,0.034698073802029265,-0.0007194516610748604,-0.009915250841871004,-0.0804711006794144,-0.018703877543607042,0.031817747930716234,0.015537103512657241,0.11446692451291504,-0.1588211221268639,0.09861398562482933,0.06215573360654698,0.04265214896823801,-0.05595155696506437,0.099568894948283,0.05228686890809086,-0.03890216511694164,-0.07214448684016705,0.3130878608982294,-0.0010666696310470756,-0.022197480382740567,0.034171498326571355,0.10720650388212188,0.09536749115384721,-0.1651072919093654,0.1962095703436507,-2.2834277148971157e-05,-0.05655538073556406,0.0862591639754889,-0.0018764439683936012,-0.129318828071353,0.09652693818941001,-0.03510149759152944,0.05241378940043073,0.01317865803379359,0.03550444513102257,0.030377236148962778,-0.04035817571356537,0.15340496661423272,0.03866859717857489,0.03572748390525365,0.0368590174408305,0.0006350597684312208,-0.0651475833858439,0.025847358746522067,0.0687208334618845,0.099693619020576,0.030565313195794527,0.010654046705959534,0.046052620466804424,0.022741526998276515,0.014831478564483695,0.004960944616295336,0.10361596006032302,-0.047330689237391824,0.018348098893663557,-0.0031002519983204906,0.0037649044973753864,0.012861338409832924,-0.031280264322662774,0.11815899732896196,0.08183010393742467,0.0707038912821331,0.07541746383302658,0.009187938045158769,0.01273925470142311,0.032486136715993916,0.08842361925167966,-0.004121012409706861,0.0774427867933276,-0.010986078178598719,0.019085410321986792,-0.01945933713502867,-0.016650054731843816,0.13619570997061461,-0.023673329234340665,0.06808706982853625,0.09858474273770008
2019-12,0.13087352693750967,0.07496926828534972,-0.06452661474720682,0.004008357853650688,0.07333238313461904,0.004850687637567454,0.0057524844026319915,-0.05674798239898347,0.02723721317691988,-0.05885916660809819,-0.012783925913010877,0.10813275716070019,0.0193405918833458,0.05857918387819323,-0.06239259528053391,0.04667826432803004,-0.044570923657149104,-0.015589262868220398,-0.04273032296190784,0.01143503087639255,-0.02735264029402996,0.052689555975090174,0.0038131593726032547,-0.012388415183947397,0.005762848246239401,-0.04503362339338096,0.12157550294889426,0.04326336214736588,0.0757823876278883,0.060908931748641544,0.02847670955514245,-0.04029597218920558,0.01349674135703737,0.052252484072327014,0.004171813239954743,0.036506283937777204,0.012196011933722144,0.03219630976018723,0.017368553539590686,0.0627862372528996,0.0442320475693121,-0.014599026286549204,-0.00561571525828172,-0.029825096021681513,-0.08925457165905619,0.006866689598452206,0.08565448083788502,-0.021607673083527023,0.07491115290345328,-0.05993840271429838,-0.029480666046261827,0.06792062073670649,0.10228758258749535,-0.037641393690185744,0.009158922288571377,0.0022527896598583206,-0.08630132091075343,-0.021318314058113096,0.02283170498255154,0.05766936387830623,0.007912393672839555,-0.045508876176087454,-0.002147979527331461,0.0170214130484585,-0.018088704800706942,0.00025284861978655526,-0.03709758592413388,0.03953423845070992,-0.02402872670328604,0.04500594426094597,-0.048923904989595535,0.07043660269198819,0.06859020319240684,0.014661335128381768,0.04341561504330474,0.025845802709576742,0.0014295864760605884,-0.09315796173966283,-0.020344495528115177,0.05482253823674238,-0.03152610849927198
2020-01,-0.059133275921434525,-0.044562236508788815,-0.0074526976458561935,0.019064945139009696,0.006930851308507298,-0.08344564688660083,-0.04786241256774753,-0.0909698085196693,0.016376045549751313,-0.12353851399670546,-0.058700887598620057,0.05088795959057183,-0.1662571945336077,0.02894148291981262,-0.0455365184823731,0.05348876523012687,0.20933076411555843,0.09333472009090717,-0.04910846157179491,0.006122844091298972,-0.08336011796117423,-0.09360701774732191,0.0,0.004978473296623753,0.01229828437460264,-0.11009894548949137,-0.009790051193260962,-0.08249540681026912,-0.040445509227271095,0.04096485359106693,-0.017947563595268556,-0.0015506517769834545,-0.04147414326533987,-0.15540477058487892,0.028171536184940563,-0.01856684408881878,-0.09798165209214522,-0.021847365218815005,-0.032759134500294926,-0.06880355908076217,0.003793038134431661,-0.0426698237030504,-0.108317495811834,-0.011102587421215324,-0.1122153812583857,-0.03947826872694569,-0.015877712072956903,-0.15584210545376034,-0.0575992516167769,0.0009290299283556457,-0.07944952205738413,0.0019558606279820893,-0.018997231536248493,0.025393045340878478,-0.053696974440690624,-0.053188674613089626,0.08876220837652385,0.028647828017066806,0.05639934008398203,-0.07131635026439045,0.010273447253594758,0.0389719823754321,0.08444580947879667,-0.08172339290406574,0.04656609926229541,-0.056246763522086615,0.02250211175198109,-0.12034975709323678,-0.02325970406215419,-0.03710575788879576,0.08585337125910933,0.06040855676721931,-0.07639972189691982,-0.0022543684139607768,0.01685527351552876,-0.013247151226102543,0.004670699775802425,0.06487354743806052,-0.01723724335556395,-0.15354672720645549,-0.050959887834309076
2020-02,-0.17455923605662915,-0.03250677335942802,-0.10781198956550915,-0.03608975089332763,0.0662283306144787,-0.11031144972798765,-0.002463739998744084,-0.025581088129959562,-0.017750346602669824,-0.2502536798989312,-0.010793270728277887,-0.06147049421327789,-0.012747785961997894,-0.03853403927695522,-0.06241619367577917,-0.01741453739689049,0.09582707569591062,-0.061581895025025146,-0.007336835312718259,-0.06333210752765296,-0.05667287214770812,0.02832218771698199,0.011481164608865928,-0.07535828528597435,0.013964235491054003,-0.0012597718310998973,-0.030240319570930183,-0.11287477804739421,-0.03680935853712119,-0.06616933813175631,0.04710730562398097,-0.04782875137891831,-0.04195141053140982,0.027344006589028035,-0.00983874861221224,-0.10102983556465284,0.04034890294088439,-0.013884372360723532,-0.07870163435995164,-0.0031269794796017964,-0.008022839308791177,-0.009072346746344582,-0.06896053533971275,-0.06740032601632326,-0.07507931842016241,-0.07837224903143983,-0.018886075161270836,-0.07881039467719947,0.10335089121616066,0.014982448076514368,-0.12762704508523456,-0.04988717390781973,-0.023593596922295654,-0.027434505101224145,-0.0037652673962391557,-0.0822185371924182,-0.04008367946302747,0.029743738443548048,-0.011659759980740413,-0.043419755359503376,-0.02392624287705571,0.01069686859793212,0.056422839068628106,-0.006444932966332493,-0.03754875446702856,0.02906541556876532,-0.06133631058295881,-0.11206571474474258,-0.013260057020559523,0.03051570834111777,-0.020954995179126825,0.07610448235957304,-0.11982953206911581,-0.074054532050729,-0.006568091212492956,-0.017266757467026064,-0.036494739008996316,-0.11433595246935664,-0.10405790147791356,-0.12640842762792337,-0.08094511753728381
2020-03,-0.5657705817123068,0.04118062586833132,-0.18364377582849517,0.01368296688959969,-0.08159309727756572,-0.1282316576217353,0.2402311059810369,0.17883525229803368,0.03212170617193008,-0.07656794890754705,-0.28830785173013374,-0.1904918158991355,-0.2998385706254999,-0.14828674295924804,0.23240952054143843,-0.393982085960626,-0.32366843210931123,-0.29371263724808405,-0.3665829691557764,-0.01039851940412511,-0.025904270360865372,-0.17587808118085593,-0.004164614846406633,-0.06606583473896342,0.33570483988520433,-0.47821812082471393,-0.02681050992146784,0.3019383282505142,-0.2588155896598641,-0.013302757820853934,0.24341772353681956,0.11471885316635066,-0.031592691040846735,-0.1422269047885035,-0.10971979239263488,-0.47351280583620486,0.023036998131269748,-0.287440082597999,-0.2719267600844365,-0.19291404964607867,0.03501166940724157,0.136295977385101,-0.31125712701471864,-0.2780843523694981,-0.12894112733538243,-0.2061534803447706,-0.008829925045717068,-0.32682219653809963,0.0018181365360985162,-0.6081971362160559,-0.34085778325726895,-0.19267450180901416,0.07745915098617791,-0.1310436416833039,-0.23433840834898456,-0.04782189884394435,-0.16196410256545038,0.024157632738371668,0.06269981466979327,0.014474819372824873,0.019536705046298373,-0.13307130493163935,-0.11404081923973647,0.03617470194902287,0.627383523702488,-0.11454384041019623,-0.04636856813760764,-0.1437791803635745,-0.12100068600889044,0.14055698887084675,0.06374326333977871,-0.21802545107711008,-0.20533830828355198,-0.15059727669944561,0.06095551147177476,-0.03820414425892477,-0.01823833340624225,-0.3411176398809709,-0.21574421395539953,0.12408278445604645,-0.10639999064503734
2020-04,-0.2842898390982549,-0.020964574274009478,0.03332727415356393,0.0008733017030562334,0.15442429171792357,0.060653308320224836,0.05807357873757434,-0.07467747252686724,0.012750653587146844,0.04412106251858607,0.022058727624166687,0.038553809358262366,-0.04042009605214198,0.035832023999031626,0.05390406533833115,0.049523717269005424,-0.10468577270724087,0.05064698046113993,0.04317806446319238,0.028782682563246415,0.08148171305348846,-0.08503868592312018,-0.01662091333420877,0.1481047381158452,-0.018632358980023436,-0.16850924721493382,0.23282254102186245,0.10521388940034267,0.2573031642418138,0.010836617676566868,0.1340344182790416,0.022403479472585117,-0.031073768215728804,-0.24190312998492944,0.01612640387979937,0.1042133033724209,-0.05518823127651621,-0.09134654806533375,0.10318167393956827,-0.03248197050979863,-0.026767595035817406,-0.002269601285789037,0.09445588960216636,0.04198642527874017,0.08126959285920028,0.037781769973340644,-0.0612836971403092,-0.17119114166147917,0.027237752532538958,-0.048587809238413944,-0.1490600239405544,0.08432315214626174,-0.0016205509664468077,-0.09093394279337888,-0.004848891077251176,0.07318166358539081,0.04795745970494071,-0.17931545444266303,0.059601463898491455,0.009604412848044247,0.008861733353572092,-0.0051917170656848805,0.04471395745732804,-0.0930888601468447,-0.007280264737101257,0.07520318458818064,-0.05141956162423564,-0.12491833793577573,0.017260418632484075,0.00887813428415205,-0.005028987902910528,-0.06043448217719669,-0.2015497257212149,0.049336703419388214,0.0008718276731430649,0.07302226963554484,0.03309617791159408,0.04711456880583711,-0.08454060380388606,0.2175654742076521,-0.1313866234417314
2020-05,-0.23669235851230336,0.18354542072281801,-0.09230412345208644,0.00778568273653259,0.07509637957098587,0.038635825380479466,0.10023586236507753,0.18397360354750006,-0.03651881144454608,-0.16892138438226534,0.09092328533040502,0.04110093427731491,-0.0595238374219074,-0.07366940804229871,0.09997646302476815,-0.08928737259380397,-0.23377979780817695,-0.04045737969034549,-0.058908755685272346,-0.0732952065089476,0.14434452071750942,-0.03840427247925041,0.022608543544359337,-0.00466308844194956,0.13458362186122433,0.001086030168674184,0.06753365179146432,0.037043068351929206,0.22682178418199936,-0.0028807928615861783,-0.0364753288646923,0.09463908674333696,-0.045531674330618443,-0.006994748828451124,0.11454697389789147,0.15168213455663995,0.004772882243700441,0.07157881981044051,0.03258584372571773,-0.04499353879521803,0.08112817603406554,0.17390768151043676,-0.033425014097197926,-0.0473904282546797,-0.12181804274383493,0.09585201607997816,0.03569502460822964,-0.012553412693904724,0.04509905654873655,0.10088900577324765,-0.04635721174112699,0.03779036457796801,0.14402220803838367,-0.009175630166372566,-0.0747660789227319,0.057337137173275765,0.010304566718499764,-0.019240572938021346,0.048252929987266775,0.16383586889061869,0.10097505609377268,0.08094245048124189,0.013494360300695804,-0.013228398298544622,0.1109286728354378,0.01932549550671951,-0.03496894223384697,-0.14939957838187326,0.09135167705593175,0.08262199744448044,0.10194572487360908,0.012642721104757705,-0.04797913871502706,0.12040544895377292,-0.044590343771462176,0.011223627495891477,0.08723230074617291,-0.04441489017058724,0.12413584895646448,0.023194837437501597,0.030577134652906575
2020-06,0.9305659533238132,0.08476248344264338,0.031015954851282862,0.037029098180048584,0.06585236900225577,0.12192729685050853,0.04776052372524621,-0.043188174862335324,-0.04977550638223004,-0.28958899318826936,-0.0297120030674148,0.011434363112703474,0.16897670834613687,0.03858618599347967,0.03577114120896073,-0.004030353859909778,-0.29491840257024543,0.076373991137338,0.08322588597415145,-0.034749854931401675,-0.05403707859725861,-0.029192087270053253,-0.054751939054828044,-0.021989578999014787,-0.00407926092414979,-0.09219705160963235,0.04590035866191463,-0.02224447322479699,-0.010620182884986585,0.0023854238159632226,-0.1262653736417195,0.0015878315669222726,0.06018890648193371,0.050499242967914235,-0.05289191962551939,-0.00033355707896423235,-0.07048058443763623,0.04001130740222091,0.0767837423105417,-0.029404701770407438,-0.017092566549629123,0.12377125184715589,-0.09042271757008206,0.1013915105219444,0.04931757573355252,-0.04535601125402261,0.032895017248340326,0.0031164681702554676,0.0374489194566544,0.022000723858766412,0.1231471836655559,0.05259310823551792,-0.03482685277486455,0.0015766443011084944,0.17333382710606038,-0.02425821117243025,-0.0008585355644901053,0.17467560470111157,0.03943840720900268,0.06971399740963319,0.08780913679812531,-0.015793114672428277,0.021291300060301697,0.1583077167119013,0.03749810557000156,-0.033667772152897464,0.06614994406578058,0.0020337096103808312,0.06965195875892757,0.08051588872829574,0.012305391829466336,0.09925871666773266,0.2084118628261428,0.03063470137883579,0.05831533430656466,0.07413745015078674,0.07737870987057273,0.03377573934703715,0.022194174349393782,0.0689823242553267,-0.11556145448713273
2020-07,-0.20181995363264776,-0.05312122826790182,-0.1363567181493902,-0.03408584966918147,-0.09316002993902524,-0.01351839237112282,0.069562553662347,0.015519887625946822,-0.07279238563574225,-0.11638256217185103,-0.15954559754700645,-0.2054249735393676,-0.09359947779416815,0.03552217171916692,0.0005280471521320642,-0.0250401397070937,-0.12660773555969057,-0.01029311219665524,-0.012818440815986402,-0.07005418146622185,-0.028828370692889304,-0.009659699072227551,-0.00950354909162514,-0.0339046666689827,-0.08148315710449404,-0.3386545071452691,-0.08379977413134357,0.28967518469551534,0.0090293021523557,-0.047046531183000236,-0.06670491317255223,-0.03951671518241905,-0.016839149702473553,-0.0929638699075355,-0.17687533769358846,0.0013075229829614332,-0.031317098201048915,0.0034665767992785013,-0.06966813621521055,-0.21186125663654654,-0.006336295795369962,-0.002021227128901264,-0.02592073333483725,-0.10908254546804556,-0.11053167198188937,0.045531333345713555,-0.021144465308989807,-0.1027657363817118,-0.10072874139857581,-0.2054917948101123,-0.1531172757773843,0.021717697897479127,-0.18979607446426594,-0.13903000431960022,-0.10584621683528837,-0.04247574848968518,-0.05603757424223931,-0.04917515293929752,-0.10031637565213329,-0.016152452189589408,0.024769775262409487,-0.049556954969649916,-0.017043819944063884,-0.11312742401380818,-0.05830575803305483,0.060523669429089426,0.038142544085621004,-0.1435574073340935,-0.07745497356341814,-0.033962196605388593,-0.01638305681071707,0.037951996601993415,-0.10717352208418915,-0.06427410500779027,-0.05793277829079181,-0.04967265896247853,0.014681753712493703,-0.12273456361027978,-0.13303884078478898,0.08768208455531168,-0.06888651762624874
2020-08,0.06627515475640047,0.010429423815187246,0.15873629080805948,0.08592386000414716,0.057828698466528966,0.0840867574389991,0.051185931521538004,0.032904327348835374,-0.02724990798076721,-0.054827222887015574,0.11984510675001177,-0.039784201560885434,0.10226941666906321,0.0412335207491281,0.07077899369459968,0.0004912026879310951,-0.032414602553472706,-0.048563844252080185,-0.04224736720378323,0.1434085533887201,-0.005921761726453019,0.05925241085096756,-0.015666553322804404,0.14793183770537044,0.03701335067607169,0.14495869653877197,0.01790610104605792,0.05901564806382433,-0.03793572628959164,-0.03393671381111907,0.02768348910581655,0.009403564716185019,0.030777800221429206,-0.0034300386113699723,0.0643631777647919,0.011663605750103946,0.20684911535006342,0.03978874770131067,0.00010970591295325546,0.15651002852272503,0.151860653311647,0.21360425138658043,-0.035366417528293906,0.059108049878612304,0.1155360651710642,-0.021993552863340284,-0.006642808687069737,0.1712887264401414,0.028877877472772585,0.158844017071888,0.05939786429141484,0.16284084551150166,0.05169016736342789,0.06621608435409743,0.10141155432430043,0.02126532308014867,0.07538369550166212,0.08106695332892166,0.0757657927652231,0.06784096383363036,0.00981807367401776,0.1279103425936453,-0.012891037205864844,0.004894187411796331,0.033370092951193,0.0015758194595216959,-0.004104558370892222,-0.022437081004574932,0.007696918615760727,0.03240358898429642,-0.051770334821472905,-0.044913690997478176,0.014757129098091728,0.031276663577692335,-0.07241314309811622,0.01596027729756449,0.002121468173464182,0.09301514927218549,-0.03819050941458644,0.16141497498692908,0.09624966015701363
2020-09,-0.1691014604913576,-0.004084556301941814,-0.12131229180894687,-0.030175317021980418,0.06936529889687272,-0.030360197865552874,-0.058675461769605586,-0.011239427349413786,-0.031071168342276093,-0.03363712893171153,-0.08327262491848754,0.09986370884131669,-0.28233414875809426,-0.1015368412996294,0.019667880120965358,-0.07539873316842899,0.02496743788275401,-0.0571023074625458,-0.11959564959843866,-0.009029858382541445,-0.06569433962128719,0.01989022686129382,0.013897751000328263,0.2713858841578511,-0.008969050889250456,-0.1609380249958694,-0.06606005810193402,-0.07927449468898394,-0.08542778187096885,-0.017733339929588535,0.1244292649957667,0.05152099660840309,-0.09530759030888383,0.0997733748819987,0.027333245924187347,-0.20652103570450855,-0.0594732794828975,0.0309499747365962,-0.04277203420322257,-0.10561077747330701,0.09741411572961646,0.1027043606428149,-0.12627181245053962,-0.14981492505448823,-0.024937515940467895,-0.09716682018535308,0.010325547809282954,-0.07509578185118171,0.10609759710289707,0.04470435040910335,-0.061845661182438415,0.05658101978976205,-0.15260384033279614,-0.11885989484819338,-0.08559857303068015,-0.008304503170140375,-0.04881742488488911,-0.026129436625018,0.028993495251844414,0.036463872573324035,-0.019757135797198455,-0.022231841118402373,-0.04701759229763479,0.00785993754704193,-0.12601262508245667,-0.05259554218898844,-0.0541753185464522,-0.11934523197338401,-0.0014410784402716884,-0.011563292806993714,0.04587365259926562,-0.05339769549836757,-0.08741884015183159,-0.12007014407222516,-0.02737796220208251,-0.026211507705037607,0.06599998594854463,-0.12783187147686734,-0.13145346965235039,-0.014924243861642194,-0.1556117098847435
2020-10,-0.044135885261236164,0.011614571458568071,-0.06489577152368865,0.043265186342458996,0.02501610009634829,0.04352718006247904,-0.015137274549816915,0.09966927582391182,-0.05602421905250811,-0.07888265136946686,0.008405434139918707,-0.09198375052749527,-0.019057155851243967,0.01615265602679428,-0.06461199930351355,0.06713294061041669,-0.16710460764074936,-0.08113782555172841,-0.0085235261080619,-0.05966130210608997,-0.138701701366391,0.10213886725552027,0.008767827389644333,-0.00719079464592564,-0.055930531990760514,0.10813280020822162,0.03359111839663255,-0.02415372531086323,-0.003214458968802871,-0.09211346744695895,-0.021099809509214314,0.029403901558793997,0.031189892339179716,-0.10137559588054222,0.12395832692589441,0.04937851517768275,0.050198911080019414,0.007886691948682467,-0.04669665253331444,0.1725010907469099,-0.12584709323133225,0.023076745624280175,0.02686674823693144,-0.0030410977600425436,0.026228954611114956,-0.04157953918796087,-0.04871342001404792,-0.0637982500867517,-0.04928420202640023,0.1767112551881304,0.1281429697270866,0.003633413728005091,-0.015472432544757895,0.0024367327681353327,-0.1218871846283055,-0.0019301371256671973,-0.01971873703565518,-0.06943546817994747,-0.05096251030679054,-0.008462866536423254,-0.13251332445471242,0.04674430022685261,-0.013840510894825747,0.10562615682118638,0.08714717389282121,-0.04047109200569725,-0.01785170670480645,-0.030081626863163086,0.03225637151921616,-0.03775025112070915,0.046022813569419,-0.02970343355461218,-0.041787496212292455,0.08211485702462012,0.023909963705620357,-0.04609104657545659,-0.04052658802541557,-0.0064928301194907365,-0.03673158572522578,-0.016148531892797552,0.08293684914129078
2020-11,0.1549200643638194,0.2704153014093587,0.3636312627127715,0.05530002560338395,0.09983091510234318,0.1547446466777942,0.13039444577226852,-0.0066925790062693415,-0.0704159019449716,0.4404759098615622,0.2642366533766509,0.08837029750171996,0.1981635806543652,0.13033689750350733,-0.05900280569905609,0.35144213228998117,0.2834372534418972,0.26836735607048734,0.12710416691228577,0.3242479420418561,0.01693938205829851,-0.016320195886957458,-0.005368818748349295,0.019984858678634327,-0.12546154191390776,0.47325794713200153,0.13833126588588246,-0.1289644212377656,-0.12507314174698192,0.05767858565561745,-0.0010537907960810346,-0.09766329748081792,0.20523688259175427,0.1986127443899886,-0.06444243561864496,0.3839270672860165,0.2431520774107675,0.17175484491251808,0.09046454345382635,0.29692028845235496,-0.0041824775741664,-0.04263788766672417,0.367019668295438,0.40701855752992394,0.280074555597756,0.035258597571076696,-0.04644810859552525,0.39603738567151825,0.1475584831419489,0.23131025084264153,0.2982804171855114,0.20394509309883685,-0.06402830983844497,-0.005126217497135411,0.32135483946542165,0.1370516736534491,0.17098114554937022,0.18894150107276375,0.15838082305457826,0.08747372439839898,-0.039492130533661095,0.00016235124471446078,-0.06323005573809094,0.09872081607585168,0.261978867845067,0.052359496948168806,-0.018642860714663718,0.2872324038972079,0.10796847788825598,0.021442183003828254,-0.03274311173451919,0.042091693353823983,0.2837977846154695,0.10730189797875586,-0.007927394041838558,0.1272115125019221,0.06487838651991147,0.18338464413323446,0.1608008966446866,0.13134704850192033,0.3470598013256934
2020-12,0.01427635590907885,0.0713678476722936,0.12343925817941838,0.01913196596011459,0.032021182188723366,0.04571268281812085,0.07538799093663019,0.043724170618975974,-0.11075946441523613,-0.21975899343036107,0.13302204955835434,0.016742465458610627,0.032038073099107986,0.0012927661898536884,0.0142073006844825,0.0650126170816709,-0.06643393431336769,0.19032272379143408,0.061667918303481534,0.01916488785739082,-0.07118573881788547,0.025222179373915337,0.01591063565319902,0.07572556348120282,-0.012215836292457913,0.013445059306572547,0.02095674867115478,0.024039710025018708,0.06691578798475428,-0.043775135308241384,-0.05101964039119138,0.05781242314493759,0.06537032572757567,-0.022494714555635734,-0.014268390427015751,0.1417733082302695,0.03216426059204564,0.08788475367611688,0.07368954741148369,0.039800929971869146,0.0005138424956063283,-0.00637009069797714,0.07982130396798783,0.0751060471795935,0.03270661141934155,0.16107134067210777,0.06851486201508106,0.07765506165269541,0.04305270586906601,0.22711500057969541,0.11790256048947834,0.09213073839495386,0.014760819574336295,-0.046308739752529735,0.16906370043414168,-0.029005219420053664,-0.026449535028545332,0.11526300238613382,0.03045534802821429,0.07650163415493674,-0.04606811568903231,0.06631595723776676,0.01579319029630671,0.11309002390738596,0.0583732282859323,-0.047354170059406404,0.03517607829413165,0.06674974120681057,0.05420895104008666,0.037389922028539344,0.038269238907330874,0.10523262315350994,0.10703545972999909,0.1612774155778655,-0.007464109112544937,0.002172438018022819,-0.09221671960236046,0.03209768096067944,0.010531391376087463,0.22588417303067496,0.023848001734957866
2021-01,-0.03277247495097925,0.014924936599020867,-0.060663697789583026,-0.04206311634326334,-0.00013806339580754143,-0.08877654188229056,0.0380983418600901,-0.0492804653200067,0.0560772714049615,-0.07663113217517016,-0.07326269341822214,-0.026153432121916495,-0.23923001224689758,-0.14108063085246725,-0.019450816824701414,-0.08602569564779328,-0.02349225733080953,-0.07070172178156114,0.09279248997489606,-0.04829983363681098,0.017826277503815668,0.051034538622499376,0.05269370347567743,-0.16088708490051395,-0.08012843889820233,-0.15853086194040455,-0.07022543006850171,-0.16360891253918308,-0.1595353810966107,0.018970710217357765,-0.01451718224225989,-0.009754181628581458,0.02578225067665711,-0.08945692797451954,-0.0850850115738141,-0.061555433103737275,-0.05745878075245966,-0.04916738810317269,-0.028886633031777836,-0.10215745923460472,-0.07218775670393401,-0.024119701858620134,-0.12117052746073942,-0.08090255123672567,-0.11977582208935664,-0.029272409941551173,-0.04749341399977308,-0.05383231112609291,0.0029455640176493554,-0.09575090624279328,-0.12865194905948468,0.009627135204622843,-0.0503263350590066,-0.09098226715700485,-0.1209127919836366,-0.10494816467428214,-0.12625658285120522,0.19826288077817344,0.015145017715166766,0.06134321010636009,-0.048665891641573714,-0.07427136563813816,-0.06739133351210658,0.01975272457322273,-0.04910969269574425,-0.0643850242116903,-0.017500355724809936,0.05469095883699559,-0.08934094484591865,0.01689877153033741,-0.059204405629639634,-0.04609757132149033,-0.046781193059009796,-0.016063354706348364,-0.03600585374216682,-0.017224181509428997,-0.0047046661522066645,-0.05503035898795498,-0.006617311419408607,-0.07110594099021691,-0.10335635712999126
2021-02,-0.05076706521216361,-0.05518660662747256,0.1365213594283878,0.0696867282561384,0.052282197371507376,0.020025983911209966,0.13028240775336242,-0.019660202311815818,-0.06562152138087463,0.06477392371846682,0.18303621298446887,-0.04777038345719261,-0.02353417161899815,-0.027266497760188857,-0.06570881623245363,0.07861151622522246,0.11175451930995549,0.05672997486519464,0.02576104199903761,0.10452918905339692,-0.02797617998543635,0.009278401535418947,0.026542305513436254,0.05198981812638752,-0.12301729121405666,0.18738195697346913,-0.0032263235639030706,-0.1463194677425553,-0.14945878382679165,-0.09376173526720188,-0.05223677085003282,-0.0979684525291672,0.10071354939034824,-0.010999089103806075,0.060346209287350065,0.012041730714021797,0.1454038731253859,0.022182187548854468,0.03340475453339047,0.11623521069179009,-0.03257201414887798,-0.04167740428690373,0.06190286392858023,0.03580542745534542,-0.009606108473874131,-0.04427366011379506,0.05877730787417103,-0.016416597838329446,-0.019447607351723854,-0.011743323141930422,0.20450332673278554,-0.014785506905653965,-0.1313615986521239,0.07861781975590598,0.16030668427584782,0.0353016739921486,-0.02514512076837674,-0.046082407561371386,-0.07005310708189069,-0.041385169060535076,-0.1087665372058703,-0.08037355668812675,-0.04185010874744329,-0.07843337871250601,0.045947380310891385,-0.04938719460827119,-0.0793557223576507,0.014910156888255463,9.864968259376222e-05,-0.15348910973786895,-0.018559131653889133,-0.14092771921352104,0.04901249619095895,0.0029789975697201592,-0.04037463613334444,-0.10796453298945886,-0.11238773406677377,0.005158200699691507,-0.06233254519928781,-0.03666092836705196,0.2021914793812719
2021-03,-0.1881299579283107,0.08724838093838769,0.04057031170689075,-0.02109876326206078,0.16307308993252637,0.10981157246694008,-0.0007119948816923052,0.03523186702680384,0.035827820331653944,-0.13179445838799164,0.19992022199678353,0.08770347380556157,0.04892462920794374,0.18012408439998492,-0.005197937631849548,0.16770505998695648,0.0570337267760198,0.04027408694162863,-0.003964694663823081,0.019039488799579764,0.09627974663015074,0.06439138541334402,-0.017749142284659247,0.08875531688033927,0.10200104790640303,-0.012430060276675037,0.08079121361899456,-0.045488968194533054,0.022182480903611163,0.06207832949133328,0.023970145636915983,0.017867919326302915,0.055167244740082395,-0.044216026531065676,0.015514260029308337,0.12642196311162598,0.06462258388891884,0.07544392286070864,0.010197457261967064,0.0648090608912806,0.05240818518052467,0.2327606480532954,0.0683738816639634,0.12664065215333106,0.08223601598124862,-0.002935212857167235,-0.2547707835423331,0.06624929613848239,0.06300511825529599,0.005490043738577416,0.0604166081468577,0.09087558917725858,0.007079447149559366,0.03965810549921871,0.16551161876276121,-0.06486368263062887,0.2293459130448466,0.06876317535968288,0.06665069186865713,-0.033367797860619344,0.028205860172955118,-0.021417338373881118,0.010763974203517285,0.06010380386734767,0.05833283422003469,0.057100239651831516,0.02846302688303144,0.006379053560284919,0.046521506488930886,0.02031226139935796,0.04626394100917086,0.057672771780959094,0.12387109624952237,0.12395834377296322,0.05413832119770216,-0.0028560739758346507,0.0724925401708278,-0.02199331131117727,0.07859534967261582,-0.09599268512729733,-0.004193773755356074
2021-04,-0.04847246279396222,-0.020315957275858876,-0.012726713463435556,-0.029698255697778234,0.051979970834211874,0.05580774944258725,0.023104483858454754,0.0038620478103807677,0.08288089765489301,-0.10352509352839373,-0.008341822237162785,0.033354857021901496,-0.12104765022399211,-0.003633130945523986,0.02349537269226515,0.014795205407841879,0.09887146805377366,0.06107084627916522,-0.04031965878018494,0.01766475655121123,0.027495358239002336,0.07537408017261993,-0.0041749254269556465,0.09122061569734907,0.04379046407207076,-0.029848362906195556,0.07598143565053128,-0.10690145856809813,0.06501177502735965,0.05684032775305649,0.006594689250732001,0.022681497336852523,0.09489253963844335,-0.07735165087829589,0.052076191499699234,0.14055211349422708,0.005468293613055427,0.09377789016468374,0.17897372846805332,-0.05892354748732411,0.06757163599772137,0.06260117722164099,-0.020567947624231354,-0.037103998611545494,-0.03204023990592863,-0.00603546492680976,0.029632643818640312,-0.05808895579233682,0.04224919047444335,-0.10984082344388438,-0.013619871233537197,-0.05066231341320502,-0.008310348386011808,-0.06562433075809213,-0.04388956337321948,0.02128293250706086,-0.028472256789529582,0.0582020204626696,0.03386307596556023,-0.028276913259213603,-0.012681613264221157,0.013112800207932299,0.03495482721930318,-0.07269048774776943,0.006492197634124615,0.009172624146125798,0.045781827143670406,-0.0879239511978564,0.016278550273339014,0.006134356925427846,0.045749453973582474,-0.05328335225538239,0.02721294159846112,0.029723155639617794,0.03667601697518884,-0.01785583530126308,0.05777402297178076,-0.0257226513061282,0.020581777421918992,0.0318687336231602,-0.11779701976286858
2021-05,-0.09713809143348849,-0.0794558007988278,-0.017054074335258206,-0.04714597938997161,0.09391178350557426,-0.030556512839745593,-0.22616601185100968,-0.02902077061440193,0.04420116493248636,0.011874534965021421,-0.022511851638361637,-0.004318513976485811,-0.12706577600430433,-0.02328345579944863,-0.01025471256925193,-0.05830012566400149,-0.020653440656650084,0.0005303177407223031,-0.017697016430426385,-0.06011680940994523,-0.05027313713855165,0.04729454933491035,0.010246419044253824,-0.06050537246508533,-0.06291576569520661,-0.0741991185559689,-0.033950455558265195,0.0014815116111824532,0.0811097771976374,0.035068811464417156,-0.022943982623983655,-0.027311658546777667,0.07003013350043459,-0.07671484188391296,-0.06120594467085523,-0.0573062595980123,-0.0682134314021761,-0.02549925682762214,0.0126736469065431,-0.02860673807461196,-0.1013064191076413,-0.04346367908010605,-0.01647377549734499,0.008037812182367765,0.05851743615678502,0.01033830086011949,-0.01911621091129119,-0.05794303684704355,-0.03239069171144437,-0.07750729546958608,0.03366580605320708,-0.019369757820988657,-0.12271996142761944,0.005579261494568932,-0.04032982942762368,-0.05282929283021905,-0.06404376972784795,-0.05065956021312461,-0.01812079069786883,-0.03686808847974882,-0.022143641201653737,-0.04420767653665816,-0.07280765683611416,0.09386787890697118,-0.03746931890436538,0.010894244989249516,0.002737301044018433,-0.025705526327147638,-0.06696563370944465,-0.09077969754918505,0.0027839374684297527,-0.0024033947114183427,0.026589124023583863,-0.011651693130338522,-0.029830871146520194,0.007407958022641728,0.006708723806444437,-0.06701791591947555,-0.041892219937943904,-0.04823497478653208,-0.11048920054480697
2021-06,-0.1744528400371662,-0.07408513690985825,-0.06599926750444506,0.055426566780880475,0.039745910569877314,0.02277521021902869,-0.08243476926132418,0.10117145306153338,0.07623911049214828,-0.06917599388588722,-0.09418136645139176,-0.0025556182646872226,0.09150963806757018,-0.002874796612548763,0.004434205472861505,-0.08611388651356197,-0.0573592373045812,0.01955607189131209,-0.012115257272433701,-0.06917940222963026,-0.0332372824267414,0.13164445079956172,-0.09952003071360126,0.06360678467762375,0.04774970079047108,-0.19116603878770144,-0.02990994442660975,-0.16249774947434092,-0.08203820296461033,0.0597805158031807,-0.019058380510212712,0.02015754023011091,-0.03871963339335159,0.171713880971207,-0.026818079786965123,-0.006028875941332602,-0.06087879050235439,-0.04834289642168823,0.03488473924374693,-0.10291142320810774,0.0026379665578050195,0.04580547521262686,-0.03863032209468967,-0.10571211797327061,-0.07226156055724271,-0.02600277267727235,0.03254442672652063,-0.12340079545364925,-0.008949869027248133,-0.13677690144869914,-0.013244988281344615,-0.04070005472951874,-0.01564308309982597,-0.05687130792863266,-0.08121070069117166,-0.039243821996395194,-0.057605860939003745,-0.006422628370603926,0.04126351013386694,-0.026965979297545482,-0.007068936011581887,0.09456315416791378,0.0417184496625914,-0.0004544937332551954,-0.03337739278426684,0.10453507251124637,0.013829994269091836,0.06168249831717669,-0.010649623291547224,0.05928484859382493,0.044752352877022,-0.04889251021853632,-0.08341300135658561,0.03473651927945357,0.0008624826537334117,-0.03056540524322328,-0.0038370419986648355,0.009785465181574327,-0.03858283831385568,-0.028474286948035263,-0.038867841501462386
2021-07,-0.07204017217172014,0.06766360917870885,-0.10660713981359356,0.04207733466791715,0.029408154344741994,-0.010028256874023419,-0.022716834327764585,0.06702284912914133,0.0040670366583859625,-0.1169440428340792,-0.04737065401302289,-0.005139882503709841,0.09982842525918006,0.04751729110899987,0.09556177110885641,-0.017749670492381533,0.0047458144070416835,0.055881785154978866,-0.16900321397560705,-0.052590367819367774,-0.008944694647324784,-0.005320255060800998,-0.017917040971349284,0.056679295693775895,0.11119641880967815,-0.11309471001345622,-0.019096594291814466,-0.04590024903423311,-0.022519392181180955,0.00530134125573901,0.07771948548311304,0.08311531123213266,-0.0386079956056331,0.10138338428005729,0.06294791853029262,0.014780060723901315,-0.05340414954867329,0.06327814852744398,0.016587950297746283,-0.021411794290368987,-0.05063756161274066,0.012740523511835262,0.06942387465030621,0.005808872694851978,-0.041394890689280386,0.06254006490130078,-0.07778874550462593,-0.10429721128671986,0.03220683264680062,0.006800016143922984,-0.003926241810078587,-0.06155979673657051,-0.0006739334949540144,-0.04397651594525874,-0.029696192243861136,-0.06456565610710273,-0.005667617525660081,0.07697818669265565,0.09798040798132071,0.009891126836874594,-0.06227507324396833,0.09964736767460365,0.1039461487302955,0.015003838099158808,0.12323004173234041,0.02914880442898807,0.10398587416029134,-0.00950273486729978,-0.03435241040463928,-0.040070220269018554,0.10559301939004116,-0.031052582132692335,-0.0637119425303102,0.0861146547887472,0.10059685886876796,0.030991460199197816,0.02810262670135379,-0.018615343683412815,-0.07381141343473853,-0.008857227867220825,-0.05440802457611793
2021-08,-0.10660583276583761,0.03356087872973161,-0.02629234256827293,0.06592528148162917,0.07863427605861423,0.0522880083864016,-0.00131775873755329,-0.058234629409131586,0.026246181458175494,0.27663850615954366,0.08507172682685955,0.010782730559583164,0.042974487864679285,-0.006881432349453789,0.01692054080566885,0.04167422044808236,-0.007315770994039004,-0.02634985781389632,0.13717961798016992,-0.023475126188544,-0.01095263915190678,-0.06931031727887664,-0.12407176024865102,0.1061713096428115,-0.004258869868116121,-0.05194088850809707,0.055295190912119346,0.06432951869561072,0.07113573490458298,0.0530550161460104,-0.05170790963864968,0.028659075634408674,0.03994678475896491,0.01577102606053258,0.04116743090209057,0.005205906546961203,-0.08534336925852842,0.03953651561964065,0.04555883887028551,0.07446729332820531,-0.010747820379890005,-0.015569784367830053,0.019657011508650388,0.03186711481267369,0.02093699627439869,0.03444944513881724,0.05710477411464356,0.20047699571766972,0.03675117430038671,-0.0009930938427478273,0.13315126535015526,0.019025150060979684,-3.364309921013267e-05,-0.08535493742917491,0.10018563469729762,0.13843268973362918,0.011943576711619629,-0.15324792334399343,0.028850201775265445,-0.052917855416420335,0.04488105881012969,-0.012996361816359318,0.011343202094736476,0.06136523164104751,0.05706951231669596,0.07133565479370986,0.0335409020103209,0.03740166745366461,-0.09552840805602318,-0.025442580432723894,0.04334030657255775,0.12249071022020823,0.15264948138285117,0.0018936253030078795,-0.02448631237679701,0.07197290164202569,-0.02422499085127429,-0.04232056257388796,0.05136893603634448,-0.017279728240056684,0.02959995173356613
2021-09,-0.15254832184825984,-0.16593998329242596,-0.10462994026232589,-0.11883399935637841,-0.0781548180356884,0.02250747975148123,-0.1131669323513377,-0.0790225762026654,-0.041096358840591,0.044233615869406585,0.030640389470530112,-0.04574914721169407,-0.05410596368816956,-0.11916724018313907,-0.10497311407188972,-0.09133680287414529,0.02267840089128297,-0.08620958685635487,0.01870820709683026,-0.045443502792779616,-0.04024246246004794,-0.09949795623971644,0.01300162844193419,-0.01553213268396462,-0.059085992950674335,0.11571006043659637,-0.057671425980689695,-0.09294296442013214,-0.11052268979537498,-0.06622143372188956,-0.08359043363137471,-0.0946217440033003,-0.005755956919334122,-0.11780274238462228,-0.05696224148905967,-0.09840389998742717,-0.029260872153622795,-0.07344071783940634,-0.12648646646215678,0.024054568753103148,-0.06191653432233428,-0.07489884942338638,-0.05036475921457434,-0.015993239950156904,0.03214641881542168,-0.12588662373597895,-0.08340486753644427,-0.02623584031736598,-0.10293217643049345,-0.062417776168998435,0.02600208359482148,-0.023916903737410764,-0.11530877080625188,0.013355311401808052,-0.03334900133315062,-0.011295359305587704,-0.13585134437037044,-0.10609309949309645,-0.02418885367857433,-0.10813928273212557,0.021423192678741928,-0.08255522906734737,-0.07359636643200947,-0.053950261849196025,-0.07508755370464727,-0.035331947120502104,-0.10791954454368216,0.11464290468243607,-0.0689261341521567,-0.04379766512488214,-0.08372135761015963,-0.07093445671367044,-0.04955675400972345,-0.09855696995412867,-0.06796794369229607,-0.047053597745612984,-0.012869759270745008,-0.1215515587242791,-0.09514592130297354,-0.08060844645464488,-0.012497910935114584
2021-10,-0.15697969064290332,0.05295155904484274,-0.012277564842929823,0.00857611208414362,0.15836068309696363,0.02807944788598085,0.08029391697074192,0.029612256932750235,0.05276943117007506,-0.14325045190646868,0.046300431635179475,-0.02752816885017036,-0.023747476513942958,-0.009830357876641651,0.09328399061543022,0.04568346912641062,0.501679440871369,0.07153765745415355,0.08317135616360602,0.04074843156124778,-0.02450764567016293,0.04047004762662911,0.09791731430853225,-0.0032412612748961064,0.06203476407967887,-0.0897276787535272,0.0534120395158682,0.10057192652782891,-0.13331728959746633,0.0460960255391603,-0.0383097655667949,0.06005926492878248,0.14906693220306222,0.10992226228138785,0.06888988461577221,0.1341737941293611,0.09042332339954112,0.09097368183499357,0.07248956196292905,0.005466303205217777,-0.004082484975490263,0.01656845705090992,0.017253717850133254,0.05013497447450538,0.05644404284196749,0.13324828294652566,-0.0465112629346999,-0.012143085119962253,0.014084639632967978,-0.007401353366628973,0.0019946896830637995,0.003575588084091269,0.07473414989163575,0.03792131974870451,0.09918097461266193,0.10543155570051677,0.036586674691391236,-0.13795248148341666,0.05173830807915281,-0.03014187750104206,0.0007403972510292378,0.022108343794032086,0.03383491225768753,0.04255279377821977,0.053416135371869816,0.004170288835518261,0.09591595909268914,0.036079264496418934,-0.013284114316136904,0.047170216182828455,0.08335468938850335,0.0372615896884852,0.14224895385020775,0.05161361005093922,0.06040283946727528,0.02751749593618889,-0.03173822215297694,0.1363051445446382,-0.0032667021153572552,0.04669030576640208,0.024027637152228908
2021-11,0.2745549599997175,-0.027721462598069218,0.10208109276277369,0.04124749956910081,0.014747848015870197,0.0073508344183400845,0.020476197073256,0.21300966217346637,-0.031784995082920826,0.01803564095684145,-0.025654388613438665,0.01215285496859279,0.0807543635187737,-0.013640393984348484,0.10870935862508879,0.06592674140629803,-0.048497432945614684,-0.06438402013243556,0.08050390700954829,0.018028997899239705,-0.07543141047586896,-0.016214142156535587,-0.1352158650954659,-0.0809039763606123,0.043646439985316726,-0.048754912100029885,-0.009693394430273512,0.0353585468048908,-0.05839009225112565,0.04870765112793821,-0.05538046424415845,0.0015514769079039306,0.003101266143020101,-0.04407605179203103,-0.06587318981213817,-0.03787101610233678,-0.06431956063340205,0.017044431342294174,-0.11294363070324923,-0.014769604980905892,0.1082611502429164,0.05916124780818939,0.08816990114580177,0.03745926103771706,-0.04581928714506043,0.06287029613658256,-0.08339528942905429,0.13590266900751066,-0.050747739736740606,-0.03002963502400255,0.01047222560904676,0.04262776170120025,0.05937871897438164,0.015954675103565418,-0.053455504080557804,-0.019608694626700073,0.012080935818730548,-0.012193427111520555,0.09056115118677334,-0.05488225134199038,0.09544782282036887,0.12196074486178125,0.049362380546053644,-0.052103930600145516,-0.037033165688839374,0.14336864839408917,0.13879945577041583,0.04796781286429147,0.0525833518755684,-0.030991756205243835,0.05581480314722637,0.0024324502263046526,-0.08052959933494784,0.022810508713780247,0.07369072396921757,0.03563825532779649,0.03138387817243397,-0.05857380648736966,0.004384515513595267,-0.04056063021046465,-0.07697737739728235
2021-12,0.09355820627246646,0.026929837761939582,0.04260802893343063,0.03873152110821525,-0.05975739203659294,-0.03818200342002656,-0.06633842042239305,-0.03318591403615862,0.0007141371852183592,0.06029170692512657,-0.003356438595831611,0.061985235724933176,0.0829271861614568,-0.008647669917888536,0.010718942396841671,0.02639278519326733,-0.00872493057577277,0.09711674942351038,0.061180271946307554,0.07769709841711663,0.020361276898305528,0.07961276048203927,-0.16650766977476567,-0.06999420872039305,0.03418711548816312,-0.010752618675625334,-0.018582016993774042,-0.04730375898041873,0.08263374524296951,0.03970911844610664,-0.0351329570538477,0.05717084516546605,0.08426920061712045,0.10150664849009536,0.05424230900636798,-0.0025158040493521946,0.04883463400116084,0.022789008628311694,-0.08954645652374625,0.08894990395797422,0.020910648793849608,0.0439818597934501,0.03759635463577478,0.01893049891985281,-0.0072852339169207,0.021349009880952948,0.02709684603035344,-0.029243525191105672,0.01655456673349095,0.025373753291205454,0.04686444111207667,-0.003912487097178148,-0.013161990887071538,-0.012237810757607093,0.01575916202062021,-0.0021215005484975023,0.002017650205010978,-0.06745485102803803,-0.021169764936659997,0.004839266425074005,0.02327770669451675,0.03686787120994809,-0.07083272471494523,-0.015145413713053241,0.015276328343651458,0.05717027837176398,-0.01664234777766481,0.05175597965827974,0.046056894501164874,-0.1731728978602105,-0.03568096905164241,0.027357954499996808,0.06009659019889817,0.08115626965774841,0.012124962372118643,0.04169677114126065,0.0006594058656432733,0.02241501750680304,0.05468237450352104,-0.008516384702020239,0.011340267547437858
2022-01,0.03228011945053639,0.0752364620244539,-0.033074833585714135,0.00826324301913404,-0.07247162127451878,-0.0057802827326870745,-0.01975939157295721,-0.06794239703873607,0.022618102708213753,0.08385790282904347,0.020442970873928927,0.1175903721445094,0.11255143321801929,-0.11114091393756134,-0.008568632991558552,-0.15197942399797937,0.0576201700916091,-0.04573192131387974,-0.017740474793719298,0.05807148395622725,0.03372750283485458,-0.20390732672219355,-0.0806952294575594,-0.01637109061802414,-0.12051365882753287,0.025005689747984432,-0.055956736954834996,-0.2711393874998231,-0.21608173482212947,0.016469865952408815,-0.08499302757187913,-0.2231400618210096,0.20249025640326476,0.2358508410369534,-0.10686073671620344,-0.1122469071438646,-0.002496715958798504,-0.05959893403289857,0.037774586182822756,0.0980577926090592,-0.05106901750540535,-0.045718003121511586,0.045210560813918395,-0.017531704726596865,0.039961276830062016,-0.09571534615368425,0.006420684953571464,-0.08109587365175697,0.006475963125824179,-0.07295653711933617,0.08534893647438993,-0.08791534828941415,-0.1702132590060921,0.0339662970134765,-0.02913030199075045,-0.05203047313744342,-0.13684569295576904,-0.021106720747254094,0.014779931938956941,0.02116166068914423,-0.040679889823756706,-0.1586517219889347,-0.1186745455545046,0.007030222768440957,-0.0033751881933094903,-0.1377469632409422,-0.13026225816979395,0.1337167883964639,-0.004298426573725686,-0.1733093477016585,-0.12363035911258201,-0.02396111263236311,0.19785280636085573,-0.08593945136116662,-0.022638037323798668,0.041232578891417467,-0.008238983805031939,0.09081594164369738,0.11967660786016712,0.0655289761827328,0.04046912041978358
2022-02,-0.012814871639778482,0.06962482127308584,0.027473793541671735,-0.05540159320043583,-0.03477669874972314,0.012858125567202052,0.06555809912960034,0.0077723225574696415,0.0766920148483553,0.11006773531749899,0.026380350841050525,0.06487667036595497,-0.09571898296973667,0.006619544871497186,0.08913959161899777,0.023099822527686914,-0.025924807165000573,-0.1397063130541789,0.07781817342946282,0.0011705425079099661,-0.024963284848088435,-0.024071272691235206,0.09757037862074575,0.0809167790752308,-0.030722104864433934,0.0734749316875072,-0.016887125838232746,0.09038263160436076,-0.07012950823277746,-0.0005288707314289974,0.015204086620895514,0.001714417445522359,0.06508912019154404,-0.03171932380702459,0.030424994150899946,-0.05133444267686056,0.09783936492882005,0.020498920190621828,-0.11358917713848962,0.12693354523176514,0.03576237785015811,-0.04358365672103249,0.06613509925916566,0.007934731614646418,0.07103245024297458,0.01685455988305882,-0.09498705976450957,-0.18049325108604272,-0.11016891244894568,0.08959510435529915,0.05080639218133766,-0.060398455026558634,-0.013554937691227974,-0.029632086643535973,-0.060894455930931124,0.052579289158916555,0.026745661766805713,0.0029699186529623025,0.03910214564247972,0.05107618640516194,0.017497351613408745,0.05201329042596491,-0.04450364433428885,-0.04214554333637188,-0.07562692510027107,0.023130320661617108,-0.046853655427896275,0.05181991890694723,0.03346451528354505,-0.030284513288861253,-0.044920061706173416,0.08763880177647432,0.1947979049174025,-0.010857285427739116,0.008659467700580386,-0.019240712882666062,0.06337798711092175,-0.024811284409327825,0.09278706340010755,-0.08340868150572633,0.04078141807725407
2022-03,0.04632887726863588,-0.12858668471927198,-0.08392162166007297,-0.16233694252980121,0.013401485718871297,0.15940278404596794,-0.007216474153822594,-0.05666365774748085,0.09807637966538006,-0.0534985276047184,-0.09980790941373577,-0.017628587441220825,-0.1267702926461237,-0.06544593338148388,-0.033549256654331235,-0.17735826584321224,-0.19889917239428256,-0.11255200009237269,0.028374105814502795,-0.07746969634092714,-0.004562435948429567,0.079114740408853,-0.010192225361642698,-0.0017578669663172197,0.017747966751451016,-0.18882662360001873,0.03631101820564438,-0.0686406304222553,-0.023808560494618144,0.05410798138409872,0.006745107429927001,0.05766387955517728,-0.014292643248211414,0.03761502500991196,-0.14268557290287842,-0.023779906317504058,-0.017684132807117166,-0.0037607916023614943,-0.0851701356324197,-0.028436808399820473,-0.048375932903099314,-0.1506426119141684,0.003384269762356183,-0.062053731404421705,-0.06136723743336555,0.04358749325373197,0.06920598962204856,-0.135750903151631,-0.08748576532994246,-0.18140236517765593,-0.0982221018326862,-0.1676854242725938,-0.04059325125436387,0.009534715650683727,-0.0965294190056735,0.14161460018669608,-0.07816488908431139,0.10992317415976974,0.07715084908537974,-0.08041574258579516,-0.03187785474701163,-0.10945062145723249,0.03166415871335036,-0.07209156175393867,0.08656923231536007,0.01905509664249098,0.0304279875428426,0.05020945460268362,-0.11273173291241922,-0.10683692111346603,0.11108253382111848,-0.015548978374817108,-0.07546401715875269,0.015611207515048473,0.0519182382690947,-0.040523117342747564,-0.08586368859307782,0.08302499247282717,-0.050870799774948794,-0.050494828140220854,-0.06814663164659182
2022-04,0.07497101145984426,-0.05127899863423061,-0.013188697278213788,-0.03737357737270019,-0.15855108204365356,0.05995640043792192,-0.03273894321236663,-0.005103237217633184,0.08449002977008532,-0.08245153447409574,-0.09202199497631645,0.020209610088136692,0.0004211596452026272,0.05963373489357417,0.04780907129847766,-0.052708309426362676,0.007552600736216799,-0.01628028786163083,0.004634999007740196,0.05688928652590596,-0.004946193439529454,-0.0913633876803463,-0.051906708760641525,-0.04228937528922784,-0.03953649160672949,-0.006133891722523505,0.017943995999483264,0.03365832480738455,0.006334112357221973,0.10405695247909155,-0.07531598552615461,-0.000994512630560846,-0.022050259511640958,-0.008978092483162656,-0.02031087901077076,-0.1961608265097873,-0.015076384943642633,-0.08658768433607773,-0.008265041975808657,-0.02897229213308324,-0.031009121832814245,-0.055866647210066886,-0.08228625383972081,-0.05456481657795205,-0.0558023369581388,-0.04044137904904083,0.0022952460379791124,-0.1348456141104654,0.055724801513774416,-0.11999811480218622,-0.041218111521616835,0.03688547642342469,-0.10466642340899841,-0.01741550844866413,-0.12762489440460753,-0.09373649440692834,-0.055325537256262464,0.07949561579006803,0.042178980876971486,-0.07261028259333786,0.07903551397335676,-0.039333241728625894,0.03607201076738954,-0.05467341634286332,-0.09865059349494563,0.058764405555283596,-0.002590949004585339,0.0383761520046118,-0.014892192998697791,-0.1491296276638079,-0.0400026397832901,0.12643334469198503,-0.02392737514319349,-0.10450345299946691,0.02389808128077357,0.030102624913932275,0.06002804193592741,0.006181581212854448,-0.0015644505673815992,-0.04905973736802597,-0.04023115470242914
2022-05,0.06538772464760893,0.03269312285098082,0.06956175851961713,-0.08023007843731823,-0.0796082677326162,0.06527351713540584,-0.1030138724220035,-0.11313480999300021,-0.003060353220250172,0.08908338732923642,0.03855589996679647,0.05122227661395378,-0.008720798205634414,-0.002805096807884397,-0.1062479269825404,0.012347896263088114,0.022881944042724,-0.028628978628963707,0.01577782905978314,-0.05998532626774202,-0.029127400799382957,-0.03913061154297589,-0.0474521328979264,-0.0659811883731922,-0.02244191303738637,-0.11401414340818244,0.03684036971488704,0.04348843049828556,-0.045139628385870094,-0.012922168708176298,-0.010234748278496165,-0.10444056331223417,0.010267163080993102,-0.056070558272480225,-0.10221019054027612,-0.11437291061545855,-0.07380097497035923,-0.09158684935924982,-0.01627519427772156,-0.08340020527201018,-0.06461994573279564,0.008891800890438251,-0.031023277898584566,-0.036710761579935566,-0.07443340425691396,-0.07911387572173098,-0.07504715940185354,0.115035349948226,-0.1309607877129789,0.0944381184212787,-0.02033476055408445,0.05495319551803623,-0.0831266151060225,-0.014946546921781675,-0.06235447193274177,-0.04880647949680931,0.009043353492462056,-0.01436898668004314,-0.05821148974778401,-0.01317678178956784,-0.0380247676066024,-0.0343956357551053,-0.06758788240736066,-0.0010986213592398212,-0.016143372346813206,-0.11004210310188745,-0.1614500658433697,0.07933511935301073,0.02970522655228847,-0.17613116186393962,-0.15375720273776605,-0.03581953760819727,0.12134808744843849,-0.07255671367725836,-0.07144738719876764,-0.02643017947574113,0.0024434418932334245,-0.010241382590923831,0.04926518816718698,-0.005035173352619114,-0.10239873941441639
2022-06,-0.11470697820704615,-0.20537085693620466,-0.09471763203271076,0.033845417789037595,-0.23441371363236585,-0.028049362622862478,-0.2147976890457212,-0.025913635627747317,0.06977961829970786,-0.011324057308766462,-0.056358484355764814,0.019082508047366248,-0.024367940737603455,-0.09305886320519204,-0.025495292299852878,-0.09806757142202566,-0.02592397363854014,0.03192694738022276,-0.02872524507884134,-0.009174180016519472,-0.08916417529686207,-0.09091971486971528,-0.059308309186723834,-0.15475251570745524,-0.08222425040344686,-0.22863074600757452,0.016522965067431155,0.02177872431600119,-0.09520810131807254,0.0002353853097114321,-0.03500010075377285,-0.04459231787974932,-0.004999888603775,-0.05082083460313371,-0.10746731957848331,-0.15172643884821282,-0.12367415548108592,-0.10093983672107686,-0.18051923842741607,-0.10187549884685372,-0.046488782832453744,-1.4560273229669145e-05,-0.12313541546342366,-0.0836353615470712,-0.021630871615590817,-0.08858839037773171,0.04640556188015867,-0.1206669461873849,-0.045050364756584776,0.06503856865215493,-0.09903679686381375,-0.06885975211898054,-0.04572136047427665,-0.055431066600372975,-0.013245976987077124,-0.01813249329987022,-0.09366447828403501,0.015631667845331,0.00882897791200186,-0.15940492938203596,0.004331643369022913,-0.0029659843831276547,-0.04287316511981799,-0.08108763240360892,-0.11972870916979128,0.018229849923018637,-0.11493627846218436,-0.01977608398162203,-0.06535465592651311,-0.11496384715036763,-0.024140753237384394,-0.13448691270898958,0.010518970551538477,-0.13811071373706021,-0.046794295896923896,0.0014914186130506775,-0.039903678687698806,-0.13421091114659742,0.08888895862748974,-0.12513269258779225,-0.15209405230258596
2022-07,0.06921207578804114,0.05485015471430902,0.025884232766933017,-0.09726095820285824,0.324165872760074,0.1337101375181229,0.07891327295861586,0.10671104072460556,-0.017520600386514998,0.22684384189079193,0.02780076195769676,-0.06278567900712122,0.019459187069740765,0.09875283799089214,0.10856694595112112,0.08359736525609908,0.009580559878931102,0.06868419843107544,-0.0035428812727280167,0.07523161564980554,0.013555383478086097,0.18583943995322078,-0.018318206827250473,0.014478642270767395,0.1258540927747625,0.11671074587806193,0.09936347564220036,-0.03550439821191706,0.08066061513181802,-0.019597075197722923,0.1001876343240831,0.10054476665891238,-0.054117407110883545,-0.12775743646949023,0.11506230152057391,0.15295243203711942,0.09952059990732535,0.12148192905556728,0.06151425039570429,0.06781981851335737,0.1292235599203481,0.08453054654408958,0.08494903695124012,0.041441314211496494,-0.057665462070749164,0.23242803254167796,0.011062277010123937,0.12058230239258469,0.058215310607597194,0.10784779737024656,-0.0028149738332819848,0.16848761633391543,0.1695128317063158,0.07937622868156688,-0.02421022169720196,0.011052820256051386,0.046824578009727995,0.012145164511697778,0.0707635304430578,0.058715954030373954,-0.0031451710985476336,0.08554289089259448,0.08878470982333336,0.06423034632366197,0.10306081136443855,0.09069464134386356,0.1277306161541086,-0.0916210447467888,0.10713565831131165,0.04358981155602322,0.19113394806832673,0.08538640652437485,-0.0982492340921899,0.06722890154880286,0.15102041835072563,0.0007715800896326343,0.046639254759498504,0.044027846441844244,-0.03235643753215418,0.13799285064010763,0.03233687689057662
2022-08,-0.188520274979071,-0.04007101775448074,-0.09947627905772359,0.052735213594620536,-0.08154577865869077,0.02508969108180035,-0.06376648851139324,0.03980186260539037,0.021604194215870752,0.1197703782776302,0.02743415588903373,0.056677176599679045,0.12535969077706416,-0.1538644429875614,0.021567035427762896,-0.18866400298730468,0.004341886119049017,-0.07455569553998552,-0.18394108233830528,-0.01695763063402704,-0.12413902453459115,0.05219806429510458,0.0030228951587346433,0.09368340727471111,-0.08700777242510839,-0.16992405763235596,-0.02532152248400342,0.005438619698850049,-0.1472067882392545,-0.20633412671096601,-0.16316453090354763,-0.0622436918299662,0.012033443207381722,0.0017322981765899173,-0.15541240281281143,-0.11140538989195008,-0.0960229992823748,-0.08762640436528697,-0.08242828539572579,-0.05473278939219606,-0.08616364202025088,-0.05762995094901808,-0.14755209851240456,-0.07778354351592946,-0.040206889311749594,-0.14937688984763142,0.007111843539848,-0.11991870146537395,0.000726676382849593,-0.16894246983257027,-0.02631276314338135,-0.15596272357392044,-0.05311747034846019,-0.004170968646430285,-0.04153008918819479,-0.0607605705510588,-0.22776770816621308,0.15159494819797328,-0.0730486230888549,-0.02968577510196357,-0.0016069973127981242,-0.06967309285811156,-0.024572589360307918,-0.0805691664727908,-0.1673708056919942,-0.02442413593679435,-0.1389062782799357,0.03665408326914093,-0.028882653930578248,-0.11230874773954411,-0.15080951881998675,-0.06347737232236332,0.03930376653976358,-0.09706705843801543,-0.062098755517443316,-0.06380618239047484,0.0004645237197871831,-0.085211149974087,-0.07063770809080741,-0.11193983660183131,-0.06330675797525523
2022-09,-0.0067544288976307335,0.021890185132988578,-0.09959097752090662,-0.06997339317402429,-0.06424101216089882,-0.02089349954819787,0.027146738355064454,-0.1701347167114187,-0.031282754522186665,-0.16783176189961033,-0.06373512856458644,-0.012930286900491693,-0.0006816513457515214,-0.0372599123097268,0.015533684798374931,-0.05080141823606288,0.006956510610028368,-0.01270700640429678,-0.019605227862882737,-0.0013190916406690808,-0.03530790111410272,0.0317194191610075,0.01789552681677946,-0.08218592307331286,0.04321520612280481,-0.12087727919606117,0.03256818501403736,0.11669237265472229,-0.13169461120177248,-0.05784185804100269,0.032472973565062395,0.058101488367313034,-0.11062049560875026,0.12048542759248138,-0.08094159208473257,-0.2839865833791132,-0.010033758707233803,-0.0651608503057763,-0.06636850229855974,-0.031201760661868458,-0.05581141965893456,-0.054107267669315104,-0.11877101617502384,-0.1020770726754848,-0.013435639205571647,-0.15378366973429397,-0.003540091666600808,-0.15827398917538507,-0.02062261783430397,-0.150929170939233,-0.02072750165801111,-0.07561046128380085,-0.05940237138118182,-0.07787560406619735,0.01865519140872568,-0.01256274313178614,-0.09163446668733465,-0.0019351947680542744,-0.0015712527915040593,0.02677586184068528,-0.061717342695686114,-0.07338872224354565,-0.08670118862371647,-0.10121489165152647,-0.10183598806863747,0.006413947171148376,-0.1392344844275894,-0.006186468955724823,0.0649754836477836,0.01673313280786478,0.08052478476620958,-0.02177878597898159,-0.05323595702876991,-0.042355485349547674,-0.09571587174148097,-0.11914770418310687,0.004574995352576535,-0.13081188994501353,-0.13857303201572246,-0.005591557971162287,-0.04595707049488355
2022-10,-0.21119606559826257,0.05042022442435673,0.11035180395185529,0.04772880582735162,0.0893022626660975,0.12220371572067662,0.12349871845694337,0.07295229252527323,0.04815033914911299,-0.06040798460078243,0.05358418651752028,0.025577401053034306,0.10489304941426063,0.10536161056614418,0.031797309805130694,0.1717140672937064,0.07048242990857438,0.029819697910730893,0.093723467392051,0.0073840270501447135,0.055455678261090206,0.08639717474582981,-0.14187747004753368,0.1636864168254319,0.01455246741385274,0.13585478598495213,-0.032924653133012564,-0.061745680100378994,0.0941599221487166,0.08192872535901566,-0.07764828458400233,0.03247838280071229,0.0018731039384595367,-0.04821504675633924,0.004792368146606634,0.1258642139885339,0.07878782529633133,0.07732817912011569,0.15703837722913513,0.034898298337880544,-0.032563799643272086,0.038877522133924085,0.07217148184360306,0.07091493636375568,0.06314395161559982,0.07927038675659681,0.00923125903060037,0.10198240176342586,0.04133210912063513,0.1366737186667305,0.14098187630127443,0.05935927359517881,0.019449430257738008,0.048185071777913945,-0.004601092732116045,-0.05972189720568691,0.10108284515446131,0.08719159033971649,0.02547655446855174,-0.007497208631062308,-0.035510045810563495,0.09306117411021476,0.11114608153180644,0.08799638149401026,0.05622346912609764,0.03321683737325721,0.046924779981977145,0.10975280254082435,0.04950236840757056,-0.04811091120462028,0.05092078355260774,0.008573002470897168,-0.04509270723288085,0.07730641637892688,0.06845851045432252,0.06900092023434627,0.0009551532883578498,0.01741626842086986,-0.011212646936356745,0.10139075039889879,0.05998392356678778
2022-11,-0.014665825962780847,0.18124213334688963,0.10914615823762215,0.06218292398101154,0.10206721251987953,0.14054690103346196,0.10444649060137179,0.08984292972458904,0.07807122745923882,-0.10553746918583913,0.10208074967796084,0.0045715868134794686,0.08182831992511028,0.07383070612428284,0.06492549111129682,0.07174166944103638,0.00310948355207016,0.02674724683570646,0.1040172937061329,0.06323953037039935,-0.07395332786044202,0.1346151122314659,0.05666958672026499,0.05789621189686425,0.05770562629873064,0.13307036675004072,-0.039279398632261056,0.15125192332332105,0.15958479668237713,0.024759987239767033,0.18400515573491086,0.06656108295784136,0.1582843548547209,0.1493020262404989,0.10866420533152502,0.1103829450809735,0.025255079173747003,0.11673445300518707,0.05597308643181478,0.09734007003510857,0.15830911991502178,0.13543175448742306,0.10640054979019066,0.059862724814979486,0.0693216052171926,-0.02352877632989764,0.07955127312948057,0.13143874884533105,0.04918486462548661,0.08188649157503934,0.08339149373054507,0.19820299905069827,-0.0008073985210814256,0.06457546013197167,0.1965130572745236,-0.0186454372931831,0.09030045845769337,0.037474691015071906,0.008723344116255468,0.12073809928581507,0.0707289723547361,0.12436138786572634,0.0058012021577117075,0.1257322396870511,0.10750979851331016,0.1347159675630372,0.010900750484228111,0.040165856935475745,-0.009435747417793983,0.035073472316685214,0.0256010685307101,0.061622040263970904,0.16766205595724407,0.07032272469056096,0.004954380573240767,0.02198406779734863,0.04782850976299316,0.03359469421214927,-0.0033815989508311113,0.09396690183718673,0.004249666013550146
2022-12,-0.1182812977427309,0.009323743352491073,-0.02460023112436283,0.05791960822599173,-0.06709596953085917,-0.007329071422237293,0.07178144812050775,-0.08254646556455757,0.013924284288873797,0.09182731407582599,-0.017468401295488233,-0.028437897225583923,0.06406049269212684,-0.03681712036494084,-0.09098763159455804,-0.0343994372755941,-0.00912714680234785,-0.02388845505284882,0.012472004888775838,0.025858878655826447,-0.049803533469579817,-0.08282270216125384,-0.0389518702975964,-0.057313595791831366,-0.008702286122758716,-0.06892071662902456,-0.10457156729923849,0.022365748879139703,0.08501918407759611,-0.08435955261369044,0.04467530983239666,-0.07917634744463245,0.04698752389929043,0.004751266881404848,-0.04900954898494622,-0.06054241188533066,0.022440487120913948,-0.0014485859378975232,0.002865810110248832,0.010743684857073369,-0.023259280721651465,-0.04045862864347388,-0.012401344130886695,-0.011964336916305189,-0.03398871732154973,0.0713670040785987,-0.14081788796000275,0.05612153333189142,-0.0826175066588067,0.017779991953027173,0.020089820613325628,-0.038608623956681486,-0.09799076437570081,0.02124297821322413,0.09583407439329998,-0.09166829047830745,-0.03496699087985557,-0.026222810526918307,-0.024633678731677107,0.03923225679991508,0.011179543949691916,-0.09191887639166896,-0.06923834755293734,-0.03629139135663427,-0.03579572726205641,-0.06401717027457658,-0.0494173065038935,-0.007119049021965435,0.003922483469899862,-0.1309159191273313,-0.08443161505741448,0.005002022084528894,0.07126169026553406,-0.0920442136164904,-0.006136361412920097,-0.014662489591919608,0.005430249854948973,-0.05661627116188875,-0.07674854162191169,-0.05208904838971866,0.007492101822240849
2023-01,-0.03437793687497688,0.046626983842153746,0.10136880571594802,0.12427200621542948,0.0966361879661721,0.12357799240271534,0.07461133767370229,0.1602021506473488,-0.010226476114498763,0.016693343008013766,0.227187740588757,-0.05239114622606993,-0.025583550075606604,0.09253221509362324,0.06755578239942604,0.1221467025375584,-0.04025895853118227,0.007993883593887557,-0.02379935832779057,-0.026611261417545173,0.08543276490838062,-0.03852496243208306,0.024561696199607633,0.08196750315903542,0.0523323184897895,0.3904715705738697,-0.014530881883123653,-0.05714370917156361,0.04391571393725053,0.017646617531212095,0.05327370741806329,0.06828338849565486,0.13656881429791665,-0.019099769960959512,0.21601318570227726,0.19747516596766296,0.13559640719708066,0.11441877022963194,0.14919626523505747,0.029890063321489694,0.06179502827499813,0.15047685057920324,0.08280855285691123,-0.005311689117282005,0.12079375691990978,0.01204421416842344,0.010888555933115709,0.10699389288535617,0.06300812634603567,0.049435569860709336,0.16389156881665284,0.05882109763820754,0.09504961330979544,0.008216502432891596,0.13597983319367177,-0.06614196627032068,0.09805630544791923,-0.024179483301792138,0.0569525746269614,0.03340237527352809,-0.023681346655601607,0.10538998387152537,-0.025969049353827395,0.13034709659761326,0.06346506258814862,0.008870443041143903,0.013593736250144404,0.02112839755176559,0.06367971889444929,-0.02872983433497996,0.05880569547359923,-0.007263704856126174,0.16191598851531216,0.07472510136816343,0.008878160155170164,0.06416741539574951,-0.01681814411817372,0.015184161345940484,0.014494263787365017,0.06379186247737967,0.13752957697599955
2023-02,0.02441364189455041,-0.1070655857975333,0.06504851035047081,0.005591610935298391,0.02814649013735241,-0.010422794660324112,-0.08370485772303188,-0.049489206614231326,0.02379395156866378,0.0738236982567661,0.054528942214161484,0.004206767174066465,-0.009105158549546914,0.05090154915638483,-0.02511170695513389,0.020769729510245208,0.04094926892585771,0.032670257584355614,-0.01856729154918305,-0.03182744959667712,-0.00025520507320138413,-0.02252393274787744,-0.12548531145318498,-0.006710131267818344,-0.05325495026179411,-0.04716201952954343,-0.055933838246506766,-0.06600516263692395,-0.04719466600745302,0.01091755107048014,0.009827782580228865,0.001653542962643485,0.15131451063839205,-0.009445222045049776,0.025911982779924382,0.07258384793958221,-0.003677832297320227,0.033306853401511446,0.011139407163707102,-0.015475651223220881,-0.060440876144731426,0.03525952621842708,-0.021854854863643036,-0.01174983944136204,0.04886729042771638,-0.005748930378649317,0.013492782734281183,-0.041682742824003215,-0.037642164743209604,0.03015441339807106,0.07384002263145227,-8.843504468840245e-05,0.042040471737230925,-0.007487067998558605,-0.06028502834282312,-0.04464812280037089,0.01984094824011644,0.011919119814253948,0.04595929407816178,-0.10543865984194259,0.011417403251321966,-0.04183327221657358,0.030145785291853532,0.012007766335616366,0.04104645884156719,-0.01665265936229506,-0.0013808949892457913,0.023925640874483546,-0.009594981132703668,-0.09559145370339303,0.0021755406914815575,-0.0012389147817004392,0.270739820079145,0.040776575095844,-0.013543883889057234,0.01792530596879889,0.004720542794037935,-0.032582117944940564,0.03440236504979347,0.04917018805035187,-0.014832728528053759
2023-03,-0.1372051151530953,-0.15062733347323395,-0.03657355218154606,0.033944469449734845,-0.1334947574882005,-0.03065574447422942,-0.0369041185366249,0.018102392270633837,0.028918867549434627,-0.032653545992304064,-0.06754348793770612,-0.06756844743056142,-0.12712191150953775,0.017182916341037822,-0.013070320214357634,0.02410692432498236,-0.052348491696618725,0.05104593539124302,0.005379717646525316,0.049073183563660173,0.005471625303064789,0.020213036184256267,0.15945217804478148,-0.019307620790203695,-0.06919697392988691,0.014391971492646007,-0.06477681252295708,-0.09125670107936851,-0.030949341994664526,-0.013214350613823185,-0.011820365887034022,-0.0032424917082744006,-0.07925228538787325,-0.016880322647175622,-0.045343844926344454,-0.1632342260801826,-0.04836256907225867,-0.0030101606745075444,-0.05324709552549917,0.04812830746175651,-0.028948042022219345,-0.12509744086711802,-0.12265131909759053,-0.0896788522117894,-0.080798746434081,-0.039730860543380875,0.02545725397452381,0.022934634452773047,-0.0520968884143451,0.053297912984132126,-0.04387636551633643,0.036062433503569906,0.08455166174732177,-0.1110134790570765,-0.11190041993131522,-0.013018565110676969,-0.05702419395210331,-0.04936186853904526,0.03804945924903897,-0.07699215369506997,0.07891167281262128,0.015837551820398303,0.13794455478176484,-0.012234981002001363,-0.04259212470244924,0.05190386128244105,-0.04836661953338723,-0.11611051344241712,-0.052654011406041056,-0.09308882154895792,0.027742042459450788,0.020517729361984496,-0.21461344284687256,-0.09653910149446397,0.02319830759339627,-0.017814550283895118,0.023347070108588816,-0.06937314486558226,-0.0659536383118826,-0.08972016456328204,-0.028305542268542015
2023-04,0.04920637410825324,-0.12714186851301085,0.010642991224801019,0.11504505786672618,-0.05530490366959999,-0.010719674943881262,-0.04041081339068734,0.038601986828290684,0.03296132003972945,0.0033912727187596597,0.05339564325584198,0.0034521054529331532,-0.02837638634615553,0.04686517051066801,0.04378063159277447,0.04689552120693309,0.14364667632447656,0.0989010002139809,0.0648617041328308,0.029485907832460443,0.02807513129292916,-0.04137180504767306,0.041883588329415654,0.16857292258114812,0.06597039790698297,-0.0578266603963695,-0.10160241676541615,-0.04828444909324462,-0.010479144596637856,0.005144164148216769,0.07981770972332547,0.04963006038898976,0.014257471919449274,0.061797563240817276,-0.0023634061224685897,0.00033234156608628787,0.03742068470086615,0.035381417553181825,0.03982263442706044,0.06752116527691847,0.003417770426892935,-0.021812025082308884,0.05210207601536992,-0.0016255996501649528,0.014152909907704968,-0.017330506028299972,0.07893965735821981,0.029914433527357284,-0.06251087412111575,0.09943308668919149,-0.016497458432504997,-0.008471291793393154,0.01656303433760185,0.02891687162855678,0.027789213755316258,-0.0441837243054259,-0.029397520044965056,0.04222339872838157,0.05835132970527682,-0.10543783952222119,0.054619236450581136,0.04203957295873797,0.13522113629131774,-0.02100505022136688,0.013858226900178326,0.046979743242931964,0.05095109002544405,0.011833707651135108,-0.031228709820710916,-0.10139781007987075,-0.016680476965108687,0.00917893181748741,0.002395033254886375,0.009128772882808231,0.032599406445242785,0.027797876696253613,0.03262135853275841,0.01611565620071691,0.04247228386329188,0.02101289395880206,0.00023299729893202337
2023-05,0.00868361717056031,-0.10688377704766629,-0.06576117894462763,0.02045950608755028,0.04989006431258718,0.043254360581368355,-0.06301605692296687,-0.015938615116614995,-0.01677394952050307,-0.09339649923781826,-0.0714148816610906,-0.1531219592157344,-0.03269527562200945,-0.1141590897378855,0.009451929105195442,-0.07756692892051281,0.06392591450910974,-0.012596247488687477,0.005220779700034931,0.006058322109861512,-0.04699416070049417,0.106456646715857,0.08592851834370566,-0.04577550288384634,0.056070574706609734,-0.1060367248509962,-0.028541406181798887,-0.11950799218181356,-0.01713223164217069,-0.0457072522220709,-0.03436066931214953,0.04934298539808426,-0.014864637545627212,-0.04362417548254887,-0.08847595750655397,0.021774231045212686,-0.017868928498438345,0.08057312131220194,-0.06909745405946466,-0.03242405424311524,-0.0008660295945712025,-0.10492762614734756,-0.1154905637378453,-0.0744264859893061,-0.09207018386652689,-0.1400761562052989,0.04202937081882687,0.006415757835691729,-0.044346509118925265,0.053330805621746434,-0.03204766350057588,-0.08767828372551195,0.21190488896118226,-0.09638745994951502,-0.10260055935112397,-0.02052183443853335,-0.07963933196565595,-0.09267877589279581,-0.055194927711329035,-0.0623464237267725,-0.00747147964061653,-0.11033350900615799,-0.009798930683026327,-0.011282358055389506,-0.08153445679898781,-0.00955152092200949,-0.0290374300728748,-0.10242866543479992,-0.08720316417371617,-0.022164622389865295,0.07313143093237232,0.00750595622080683,-0.000341874886305166,-0.08414492931762806,-0.06285722643475501,-0.055611344830236324,-0.07267290287946178,-0.11331341648006862,-0.1586250177568975,-0.06343057961480017,0.01679127291067212
2023-06,-0.06489166538569298,-0.024516253988728125,0.10028920418581726,-0.05579643527379506,0.16410939193095203,0.03149197679022284,0.05171675808599335,-0.0020854485820972473,-0.02503442613807581,-0.06166740929114012,0.002682831037215512,-0.01468441660253629,-0.03572023638740861,0.06664344569978842,-0.008001931186007422,-0.07095438926057535,0.011818860285068298,-0.020970695389752873,0.027336157121351762,-0.0025280314075802955,-0.07557204709345319,0.06283523992273703,-0.03984159841395629,0.03672362284425131,0.10139805435183227,0.016350109954210268,-0.0320265642035135,-0.05434567128320504,0.09879539570940996,-0.006007909332782558,0.03963459126283899,0.06782494939529815,0.0253028737555724,-0.07911144523199463,-0.020151351262995304,-0.03727627069926165,0.060952300105707125,-0.006755618975293966,-0.018809227635818573,-0.012585229283050376,0.05582935292916053,0.006621408965616501,-0.02718886061188888,-0.010438850498690673,-0.011242689674136988,-0.06754142062943035,-0.01115637064244334,0.02457670851798347,-0.0509126463121374,0.07210771121654475,-0.056269525143839844,0.06057285619327389,0.03194354250972446,-0.04665715254193312,0.060396597513307344,-0.006976996957174308,-0.1334287270372353,0.044076481917134855,0.03340775898211931,-0.027232602408861693,-0.043723759264994666,0.03685071652628122,-0.021971396602450562,0.008862612253893157,-0.025914178827566536,0.05178254743078295,-0.09587619864681123,0.005848409295527367,0.05367154671319328,-0.053223123406560324,-0.05427157555499237,0.0022749885873781395,0.07255566227037846,-0.018155435174117215,-0.060373093507126475,-0.05292152297892711,0.019744348659379785,-0.019743801128646245,-0.024310300508867986,0.12236235638770192,-0.005658686842455101
2023-07,0.0173120430914935,0.09529066671015705,0.055521944003110245,0.034332579335566785,0.07584146329401198,0.04957208799010139,0.23966896846037364,0.10381454993289499,-0.001739022646585646,0.3950910362263115,0.11424214163812546,-0.009753076823753632,-0.130180692073681,0.12705365613771838,-0.020312187216566704,0.14119167847938938,-0.08373053580166855,-0.06382876403656906,0.056319740073242495,-0.035793415737924834,0.05461753342932974,0.05540623946577357,-0.007636430246939188,0.0845994192975505,0.03206043833858226,-0.043343900912413545,0.004598307089260142,0.015581319400440864,0.08164482888098237,0.0357977496661182,0.13121361025940725,0.014240879016140368,0.07011048270268044,-0.06462456913619305,0.1658720354817444,0.0564938015440582,0.054104318776180334,0.04290569300854897,0.0043895317415701615,0.03622022706701251,0.0531053134441832,0.0318250219940457,0.18462802488040697,0.02196436592719116,0.0776541184381373,0.09157983562958784,0.01785673239146348,0.10434104796016352,0.16362259284855646,0.06339089404084322,0.08121575903048683,0.05932430024390797,0.15660825544794638,-0.007813821004394157,0.016682049412744874,0.0357507676537201,0.12568009567620553,0.014319739309007864,0.0048554650773498095,0.041829784218621116,0.04147704126063923,0.1323516129008844,0.04320354971443733,0.05963253920883869,0.02216288786989038,0.046865999295614164,0.055959334431306545,0.04928956971505959,0.028327043615863724,0.13010969048790097,0.09482735821323636,-0.06987986396371833,0.10397315022932382,-0.04163355805190782,0.0015163004334416874,0.02841833267615245,-0.016662855505833185,0.11812456989021623,-0.03094107119151884,0.03331919058337378,0.04708756999813092
2023-08,-0.10512594388119482,-0.07961151141675196,-0.006871951099499524,0.18154341145486913,-0.031882892662757456,0.03956480334869018,-0.061530428341308285,-0.03411107454451145,-0.056320723163473946,-0.05383287506704478,-0.050981646077504,0.014788696565611216,0.020962741048240047,0.03253803654125753,-0.06639014107030651,0.021100904414988752,-0.0160093723370904,-0.018961524706931,0.09497761898304843,-0.00566733060265441,-0.033095951098288556,-0.020092969268340182,-0.14997999984196778,-0.13991669629681497,-0.08445467507448322,-0.06848150888667598,0.003425403661372604,-0.054106663284261364,-0.0674285205861968,-0.014651773362207757,-0.03191731478918483,-0.03694181413539737,-0.13904675607392605,-0.10240998371727823,0.042545403985912215,-0.1017060727140366,0.027264408255214933,0.018208911499332136,-0.11861466240802224,-0.02586786103885794,-0.05034143584879992,-0.02576983954469105,-0.05521235404675458,-0.050034058041954696,-0.044479171295375534,0.014372680014182976,0.018849286995341125,-0.021736551227157726,0.018266541678633928,-0.0369072539761086,-0.03970274332709719,-0.006580613214287886,-0.00024156225532375917,-0.08492899560394114,-0.10036036239081436,-0.04162174620440084,0.011499818597944599,-0.009409816358546211,0.0006829382070631798,-0.031936631068979676,0.00279466946921835,-0.008019449031555482,-0.028117383461232104,-0.01835606869891482,-0.060843952784852544,0.025842592340059485,0.010096679097369783,0.008746708146852463,-0.018212281282527658,-0.06683619906860003,-0.005873972204194704,-0.04691820260017478,-0.011943632706146358,-0.052996619505718164,-0.055842968126001355,0.01853093776914103,-0.02971064676855169,-0.00813622203347303,-0.03846103754488234,-0.05855296363643783,0.019939829528753523
2023-09,0.13687900792150026,0.06585012834229509,0.06774332505041877,-0.01811949013244876,-0.04587125629432614,0.04894108107763087,-0.000312145888880827,0.03275813716864666,0.01826767547825649,0.1345976574871543,0.10746305058726507,-0.0024747381146706204,0.11375200593884452,0.014725601754405028,0.03213153727653941,0.025996851131488696,0.026025396072668197,-0.014240342741956555,0.04620147516678251,-0.013452538362028015,0.05659951543404699,-0.13408689901153245,-0.02199470765479527,-0.1287270123060701,-0.01789490591195168,0.0834526403195754,0.042367110960134735,0.0017987208222594521,-0.12216006215202821,0.04795158541686452,-0.04219246085656359,-0.07688709686600849,0.08971283148109473,0.022123969846280428,-0.012305923829031085,-0.0011812106576935615,0.06359268505576965,0.03472519332561269,0.09446174364600295,0.043607621039937636,0.03285384589563254,0.03763733481403675,0.07064417332079469,0.040736435820122825,0.04878194862248502,-0.09329592563897356,0.022888640583995028,-0.026803436385280884,0.03463099658306796,-0.14377348223472033,0.04292879315862626,0.05097066634064706,0.07074257414762071,0.0025194715167097368,-0.051596843348205405,-0.030481062157780393,-0.026504882338706202,0.03902534354015774,0.06524289774597448,0.0835317671981221,0.023952173990643307,-0.02918102731448285,0.02730551944798429,-0.05938938951748296,0.03380301053026381,0.02453666837643801,0.04805356875394663,0.08334243970294011,0.0028205012903614168,0.01089596623724947,-0.037926790647337255,0.0033361095585452377,0.06076869140723487,-0.019697166301494196,0.012756167607807265,0.004089590736216126,-0.00017380520251325366,0.05828649872949305,0.03760879708670503,0.01715301710317228,0.0035749350808577966
2023-10,-0.12307860928068333,-0.05367322842307595,-0.029185521506632454,-0.007694981312888558,-0.06166206971170067,-0.0004116260818009375,-0.04326579792443246,0.01280442951179772,-0.07892153866675491,-0.09530193097078918,-0.059487897220026,-0.035255156425956787,-0.11458588249216295,-0.03462446999106794,0.05952202361470775,-0.03896035207918774,-0.054677158121983725,-0.04449982561270251,0.0004336390526952036,0.0096225518825431,-0.019118688698270173,-0.06481607107336805,0.04255862290107827,0.08114199969126792,-0.05259967664773094,0.014388259756125512,-0.06165043388795982,-0.05671757850771167,-0.15018490035957544,-0.050121533251387844,-0.09672126369676917,-0.032192141987879765,-0.06377292595161685,-0.049899868380853675,-0.14423221725923693,-0.04826671758035788,0.019255393590389837,-0.06628225700119104,-0.024208464249631103,-0.041107068748037316,-0.07918893585108579,0.01016497489706942,-0.0381599332182675,-0.07383484946882037,-0.06420060850454533,-0.01386488311222814,-0.0010761575096508848,-0.12154198419937359,-0.007957366884932732,-0.02542554132727534,-0.016839350502250185,-0.06486608783622232,0.054636786540888084,-0.07697840847994514,-0.008855623980711385,-0.09717343140705659,-0.0094501921008051,0.04589922872774104,0.0016173034394033749,-0.03004955483420831,-0.06111188817256376,-0.11301024850606342,-0.20768184961950287,-0.017727533721530228,-0.024940444341023833,-0.03369337336696042,0.003457555896224321,0.0023110628125486117,0.041464208226199444,0.01293803625159226,-0.09137242802774251,0.029675580313418406,0.030052421844156935,-0.10737295752594968,0.06014052289438852,-0.01146492059088212,-0.00789991053869557,-0.022210718372930396,-0.05288015317647334,-0.11110620979325697,-0.12092575677997122
2023-11,-0.07245654081253501,-0.028422763804533357,0.1422536765361126,0.050466727443168276,0.16662715721228633,0.05738567378039813,0.014798806431548744,0.11397708490508732,-0.05327439672692005,-0.15421873634200609,0.09256653587631669,-0.002445056238243883,0.012329553935779315,0.11833465798902298,0.00557907016203853,0.24033456877714876,0.05514313112894275,0.004504409232352771,-0.04389946621033089,-0.012133833994080285,0.1832651419664491,0.11251463387654159,0.028166124451376028,-0.0066439528625475705,0.16730849821961316,0.14099532749459398,-0.03038399245275611,-0.01394363770624021,-0.020704933195770322,-0.06302407371642745,-0.11164195100966302,0.15691574594105676,-0.0018599068353887273,0.13346701656219812,0.1603743542862766,0.12294547884439946,0.02755650229500846,0.13537260772669113,-0.030983435670623137,-0.02788641453510268,0.023702366864837943,0.10769188792843427,0.02708226732641515,0.0670528095634179,0.08725979213697062,0.11487470270235751,0.06531591346893191,0.01817332428615232,0.04520847963720365,0.0624702148090954,0.10224703602573554,0.10771887298792607,0.12958787352051737,-0.025127060713482224,0.08663584851689818,0.06834290649608779,0.2975240301217415,-0.029643544722761556,0.04258274363273247,-0.016364697682299537,-0.014040707549225324,0.06016764168301907,0.019779147724289577,0.07202251790094129,0.0859266382617917,0.1253543051428281,0.18397312102110933,-0.015806787889292406,0.018619631232011585,0.11436311113514364,0.15651254425656555,0.06269547760438347,0.054511493691555134,0.0019357773223953696,-0.0017727300644878076,0.0022716823484964254,-0.0421467666815612,0.048646119743095045,-0.042430869622755336,0.06655529507336,-0.07879143089552709
2023-12,0.11405486093162967,-0.10271062456006019,-0.013201854870592673,-0.02890750183662939,0.12635116325756793,0.07466923485508871,0.1489239279890202,-0.03864632240273088,0.0435868029449558,-0.06954945914793037,0.11591383402111849,-0.03474710115078174,-0.10620915969552994,-0.03664360822486356,0.05483099922989934,0.07270727835861394,0.018237732913303873,0.03276080909587117,-0.03308625391790317,0.052452919457964466,0.0339692579242559,-0.020918175468458006,-0.06484875007970509,0.16087483868967883,0.08907003578417803,0.12959827827860598,0.029776766995453223,-0.005530341694394088,-0.14704773996662088,0.0021462063459499786,-0.019549279011938016,0.08027686439727616,0.06965545949837999,0.007580092678070838,0.06222827927329744,0.057274015779312494,0.1556337593760936,0.04933538688971677,-0.0037890557834199456,0.01804060938588789,0.03325282138322802,0.06745353700239172,0.07433629475295053,0.07095037435406358,0.09799663596218092,-0.017206405736227847,0.031473069405128055,0.01322952643517359,0.08627720756468628,0.053158966103646524,0.04490541660815734,0.005307994803872026,0.07840337216696447,0.1260892725962883,0.030992687617322504,0.09153900027879751,0.03991763184878044,0.002958757796516001,-0.006686507767989133,0.02319987869815569,0.007836595224409108,0.028775810658637716,-0.04946944351522191,0.01645160276032957,0.025107351189266748,0.005950106631893737,0.01389133281877839,0.026498823772346178,0.026655904364835614,0.029006351045266957,0.11396585837888515,0.0020866974755014275,0.05375452893896658,-0.006231979572904518,-0.034192396401127464,-0.009481349184387757,0.016062142684848558,0.00826651488568658,-0.03857319813517983,-0.018407933344765134,0.16068428700189108
2024-01,-0.19053362360296267,-0.05953987980654475,-0.04101927380537838,-0.0690857382278032,-0.040108927919817135,0.06925464076538157,-0.010550498162605955,0.007929401776088885,0.03181099950863989,-0.014606124365562183,-0.04362008656546071,0.00028003302315526374,0.01570159383678807,0.057348505749379934,-0.0027944585444990406,-0.030032157676134336,0.05816979081844119,-0.004575052854870375,-0.031185593014035205,0.027071950440107663,0.015360190422561551,-0.08487789339933824,-0.15457661465248013,-0.060810979398367354,0.010795223574452277,0.0153525272376545,0.003107922914237212,-0.16046830043408467,0.003010670932777794,0.05044200144907706,0.11964191149998811,-0.03627135029756888,-0.019370304383880488,0.047198263321124756,-0.0375638471033992,-0.006821552036146066,0.07228982471319528,0.017700717134970994,-0.008429067347532553,-0.015709238196292507,0.03185785710281548,-0.07842020304000688,-0.07637869620277651,-0.007621003205632471,-0.08368658311520723,0.18545588117832038,-0.031753731406820085,-0.062042781905419855,-0.1144431233471225,0.026685721886548518,0.027153437240914815,0.024893630467718975,0.05152673814462086,-0.061117580650141785,-0.05015388818331943,0.03337895061244979,0.024063903576868613,-0.0006036709100372996,0.04538980114234521,-0.05654781412891159,0.027838944081555992,-0.03171082304635492,-0.0732510815614874,-0.06686725321664534,-0.049199931912256606,0.044708902204195114,-0.045073964010909774,-0.079437400824554,-0.11709170244162923,-0.07803748409098732,-0.07127072724924725,-0.07181323263553606,-0.06672421435131419,-0.03283426444382229,0.02242485066737932,-0.02954549705768257,0.007691929798649074,-0.0003374191317132906,-0.04562064212338277,-0.03194144468931662,-0.05253921354925227
2024-02,-0.1393901547985133,-0.136149441862839,-0.040301621980359255,0.04638702209391808,0.07018182937329097,0.024510319545792296,-0.012821165692406062,-0.005082759061745603,-0.08222778698285024,-0.004405246463004173,0.055042756733960696,-0.021989486621757485,0.09335150445690013,-0.057822430238365904,-0.009084235112102006,-0.12781651721919365,-0.04983490607545227,-0.005408103964795734,-0.11124994129002565,-0.044545353701330184,-0.04628974891120654,0.06939420693240973,-0.16722020186022427,-0.057206416559114084,0.004016729104695457,-0.06393911372493019,-0.021055447126945057,-0.141123641895743,-0.14790185766611288,0.01686860365769189,0.019364842941803472,0.04174312189016584,-0.024450236951681494,0.09838132162451421,-0.028293038893722006,0.036853679652566584,0.07672340851097229,-0.03164979154822154,-0.008271243480807475,0.010261345729482183,0.0014693099805198802,0.07334210695306628,-0.09668696720946597,-0.07232197409960225,0.11068080262772631,-0.1547511663985982,0.017164134024902484,-0.07284478426988228,-0.02312754850952566,0.019965483812172242,0.11623918183325223,-0.051971434387102715,0.07211212996471132,-0.06379939222382573,-0.0625409516080697,-0.021029820019219457,-0.1056747342479049,-0.062481788001089486,-0.0190271933374631,-0.12135342402675,-0.03183624171847631,-0.011124975004649826,0.014261966065046146,-0.0958939675368704,-0.08292019381510689,0.013604604283442184,-0.08367097772160034,0.005220889358870208,-0.03445199165723935,-0.01101356972214438,0.004851379946746858,-0.012247082077148103,0.007868600545385024,-0.07074385992934698,-0.05707648701842538,-0.07403028913261717,-0.016956226318119626,-0.08252272878988293,-0.036976700975986584,-0.0186169231774969,-0.09867101525096487
2024-03,0.05655934196442556,0.120917330037136,0.08028974209538854,0.014115309537826541,0.05634999494320726,0.0336914840388779,0.12265154494087108,-0.052898441439674766,0.06330116687106142,-0.03046413411204992,0.1450340635340598,0.01538107025109048,-0.004049351153692791,-0.0001697011261041175,-0.04034524013752855,0.00760792424814204,0.07190779120954956,-0.006228427456330917,-0.003437390626348251,0.043633728635434785,-0.02569827605573743,0.06757273848167938,0.18377780092839036,-0.09903621390343696,-0.013569152761889365,0.019193534488742392,-0.014068689327313906,-0.12528576462755633,0.0323775574908147,-0.005359708640921889,-0.05067218889894765,-0.021979946697618477,0.06302082344807396,0.11681076291425282,0.07276723326203595,0.05186338160168872,-0.02480355487192235,0.10586982987340395,0.02212954364978523,-0.002560833425460477,0.026451339771860326,0.07279381053874197,0.03766799637577703,0.08411904062692739,0.08145934257116168,0.12470336600476972,0.052509257172385,0.07930182553940744,0.022158549824664888,0.005374605620477594,0.15461447538596784,0.09670792866357339,0.05214832470004778,0.05194288377892506,-0.018644616941058217,-0.0051064451569364224,-0.03302828711475058,0.11323444968206674,-0.03931578340506197,0.0007844956444637898,-0.08013808051000545,-0.07123389183991048,-0.11906445042092807,0.03927254625439002,-0.015576286071007573,-0.004523751587665382,0.016446168969158775,0.062204052366182344,-0.003486644795315064,0.06879448310985577,-0.04540207542103723,-0.007247620400560503,0.07514345469393782,-0.05565688798771857,-0.0021411368363188476,0.05837061408312371,-0.01461975911903328,0.007975706760252124,-0.0001094239184195211,0.0963063017121299,-0.020538163456707267
2024-04,0.054778118118130534,0.1370789628866392,0.0109114529713168,-0.03660557719941743,0.012974893962836988,0.006535759265376151,-0.010929800477923612,0.002801258229859991,0.056001119116854445,-0.11423937433634337,0.13052908892546067,-0.05581171664941561,-0.04231352911710142,0.0023409676973570447,0.027247143607931634,-0.05372191016430528,0.01642858388908684,0.027103881879217993,-0.018660183451508168,-0.022911470710578582,-0.06133749317296881,-0.04028319202024384,0.1672912445204206,-0.014373395844040512,-0.020688966452763503,-0.09379434721745007,-0.017782584462646623,0.05223668918862461,-0.04792648829035812,0.03309986696627427,0.08775578103381623,-0.057602640018678514,0.09883123359648274,0.10338071675264712,-0.013176083202598771,0.03068119901290519,-0.022713971269746655,0.016182230446594677,-0.04455735456187211,-0.03856029999959993,-0.01567615961912854,-0.048790703784010896,-0.015406372193647351,-0.04860246821423411,0.08127606775881643,-0.04874176339348138,-0.048335934543499874,-0.06307332250531725,0.09776748112521731,-0.04436310570930242,0.09656821195613915,-0.04024839296281214,-0.04262337073309142,-0.05786604884182208,-0.04539393727671271,-0.0683624196213454,-0.01577618788955395,-0.059659923503296276,-0.020686391357349985,-0.02286255271398114,-0.047790937282202295,-0.06978670758949494,-0.09365433264415357,-0.020383130369267775,-0.053420374588513966,-0.07450213500108216,-0.05739018434980971,0.06385703149116394,-0.03299272189830032,-0.05015771196809702,-0.09704545934955956,-0.019550717231276774,-0.012209424935643007,-0.031932167841218224,-0.0010800292518735725,0.0017757643222982458,-0.013900895936216075,-0.019275507123139125,-0.0350087045273471,0.028264210755043265,-0.031358244229399
2024-05,0.04216924368778726,-0.07397523876612325,-0.020487840422350728,0.0032330130936293606,-0.016167764911295776,-0.03027111090207271,-0.0066739767959628485,0.1881249353061333,-0.0002895090921378741,0.23692189859938564,0.07747787821357004,0.030997827131886126,0.056185194172997104,0.10764142268524561,-0.04058598651360859,0.10140792754597266,0.023511203096583864,0.07293629473438475,0.06752792810736845,-0.031710337578457155,0.03990151660938034,0.030874971163683356,0.04543511175892786,-0.1347414832630563,0.07772556644898856,-0.09650870837571499,-0.00609001830177089,0.005670072607051014,0.006016968089607259,0.058859534854947645,-0.015990643959609318,0.025732410859028474,-0.0007295074289993831,-0.08765226451640348,-0.008454228032375066,0.05426286836171538,0.005001876565323559,0.02033309084674495,0.02326608973957018,0.030841793324841167,-0.08649282922070897,0.056419837290524744,-0.002589099552419401,0.040957521951501555,0.050359874160463745,0.015921772989372578,0.012342951466702973,0.05971513840885871,-0.001470581933275046,-0.03279940758222708,0.009893234114287617,0.024294381597753968,0.007715766288517162,0.011890832617945069,0.06730803092976141,0.002280878314495419,0.11895770263733817,-0.010160169491375774,0.0540014118447909,0.030809065521995575,0.0006824274525477841,0.05631881013923391,-0.012426299692003397,0.030887735474526057,0.07259999012059311,0.02081918717817155,0.07158488250227216,-0.044493449937987026,0.07724964025098599,0.05662980239195882,0.015236210157471217,0.051880671884365855,0.10709925548767223,0.14592911604659842,-0.006561322779578459,0.07262183826569028,0.06191429606452098,-0.04576708271132518,0.08207233492041895,0.03158907314644513,-0.0373610724234249
2024-06,-0.08104251461423513,0.046843970311776624,-0.0699021921529644,-0.1352975238576866,-0.035089019935955104,-0.013364241480102748,-0.07996835885357181,-0.06553151195714413,-0.020603900763955157,-0.10081286444457906,-0.0871776692484643,-0.01843859111857194,-0.03343532291176405,-0.16178604155478366,-0.004968068225109136,-0.11143904833591423,-0.015491765435192149,-0.03164080798590269,-0.06891611449186548,-0.04949712053278548,-0.07813104290118415,-0.01582827304246292,-0.005950264641709698,-0.10272094799258152,-0.0112031921950472,-0.005572189678344162,-0.05937802244995287,-0.1621318636840124,0.00693163926680646,-0.010852807689967771,-0.07819903952892295,0.15169138882361322,-0.043751237827971495,-0.01833358865712951,-0.07123311529102468,-0.09194287682029267,0.010088809610091308,0.05800578215274674,-0.08698558680655562,-0.04089842405831733,-0.05985759176850666,-0.095229173842234,-0.06037486020774511,-0.10021854407137032,-0.052363109018033704,-0.015474767727615557,-0.01184196402042101,-0.10806995210779162,-0.058087505489001476,-0.11529750737757244,-0.08253095382656435,-0.06141857563265599,0.08255376732530446,0.00647539027125451,-0.1346099000055071,-0.03402790755100326,-0.09324430952393915,0.008218148454745113,0.016182107616077294,-0.016359732391226747,-0.04613835324132127,-0.047161304935308956,-0.07658897857817197,-0.0880456674545822,-0.11821192832692211,0.012091590425170204,-0.019365508639893374,-0.009480049178904177,-0.04512170195006412,-0.037732984717319264,-0.08740080413568783,-0.02348040192962635,-0.10978410047793209,0.030124875599776203,-0.033979757065758676,-0.051625336659961385,-0.004760809067285651,-0.0745783795756597,-0.05059787656532882,-0.12984520390589804,-0.02295122522827108
2024-07,-0.08030494526777099,-0.0382536139947643,-0.012695072581267768,0.03487907619655837,0.0321396070684623,0.016476945753409782,-0.009747684418711553,0.015691990391255555,-0.011753312692971281,0.055646875424020165,0.1205318698600115,0.09995337003301423,-0.036917452086511295,0.08997404418431693,0.07236315364895571,0.09854416700247366,0.013465368957364488,0.06260585062902276,0.029163490998770008,0.06010711231677502,-0.07406763701566062,0.11251247444439363,0.008429287878453852,-0.07937670953805184,-0.025230334190834574,-0.009279043189884095,0.04392540351302482,0.060479409434210034,0.007991422044153408,0.005061542645799197,-0.003978602198011972,-0.023543164444249465,0.011582545967208601,0.18386648290526772,0.09357367907465892,0.022982169828912196,-0.05618732337736761,0.003952015237132563,0.06575109041587189,-0.005696409853749123,0.06119431073302068,0.08381757107088698,-0.017251166974853873,-0.0021850705914709303,0.12074249906095338,0.007733773252969903,-0.001366408374423845,0.12537761311511986,0.003984753024275605,0.02542903391078496,0.10374473581630232,-0.0035529564370148812,-0.09778946684842027,0.017491500624720175,-0.041562630301276444,-0.08839448512327433,0.15089850874342506,0.0658126465833918,-0.0020015806594863733,0.003105334662723658,-0.005949016135755892,0.027937454434379054,-0.07639743223348414,0.05871335816436078,-0.03778989256387189,0.04837400032720149,0.003221722376863502,-0.036742899908914904,0.08983729219806577,-0.016157428197232575,0.054044411447002505,0.06861764167192137,0.003249120655081093,0.025284562755580744,0.06296971724504392,0.06568949035187467,0.03600301479657342,0.03540132235984174,0.01252204304633902,0.05477708410437933,-0.0457207524586969
2024-08,0.01072590338666916,-0.05869053493356724,0.034329442223420874,-0.028465550511623947,-0.015148020290133974,0.0005625939027964788,-0.08484001503473718,0.054160917183088714,0.04503185410546803,0.04902801762734835,-0.036515653398402785,-0.005211806861778918,0.02103489258462221,-0.018720565224159734,0.00822486147069262,-0.04281132145113094,0.09705794016154423,0.000325891507827404,-0.0329296261691117,-0.018532759969133797,0.00026987774236998733,0.006362399892856497,-0.06497062823253735,-0.006152259706149161,0.013985368300338339,0.06366566986452867,-0.003471313716100385,-0.11663643849112695,0.044882694644577455,0.02826932604282709,-0.024315521556779376,-0.0077525861405678305,-0.04723240751757542,0.09562513525051376,0.03026045137544652,-0.002487564897948982,-0.0339955955134036,0.05042465499069609,-0.027729745797785428,-0.0314655558430344,-0.007107037176369622,0.07163394937343544,-0.025185953490469072,-0.031082734700897497,-0.03054582458439308,0.0398308008093123,0.038709370396697,0.07912269487156601,-0.04540844641923843,-0.11478582192123851,-0.06235703141205415,0.08502806702344717,-0.011402113107979912,0.014964018970136035,-0.07046950471380822,-0.10203860403854947,-0.003698361969020939,0.02320989018559532,-0.029424465148838747,-0.03512901615723292,0.09160980211907187,-0.025858188030165482,-0.025882553697923662,0.060683360743526774,-0.0660440836525712,-0.06330620531136072,-0.032876406181297446,-0.05301220992217136,0.0060388763929326295,0.018151460600311274,-0.08293707533859607,-0.020053500630105237,0.015043817572131118,0.11370983427246761,0.02308256678743569,0.07486670408131983,0.008968270815800785,-0.015459024212930488,0.06094920141954791,0.014478635759237671,-0.017293851905036753
2024-09,0.06729114078558328,-0.008626659565739466,-0.032821779410210396,-0.03100199092097005,-0.0029292161880626515,-0.016784462911003863,0.0030844165523714827,-0.00040044729554795233,-0.055741084719545406,-0.15205887643755786,-7.43306202317659e-05,-0.009825023847194506,0.0028925966085518048,-0.07194535065013317,-0.01980492119581627,-0.09237487325030598,-0.07052634199496689,-0.059310353123879785,-0.0999497904694476,-0.004016594237681623,-0.10044320749352591,-0.02874863107675153,0.05447628141088572,0.10840013219961236,0.049783161422614935,0.08142843908146115,-0.0059871460183731524,0.03102781466412083,-0.01433492443673546,-0.06009512939685994,-0.06191991812404644,0.009444066071433757,-0.024210763689212524,0.06658457040027721,-0.06798834398319475,0.052014545781957945,0.02813295758697531,0.03970385932298565,-0.037686521431892835,-0.022102337343895818,0.040870608263874446,0.056900418751191985,0.008104764107188104,-0.014777240741520883,-0.028554784662023457,-0.009502478025314958,-0.006390046831552075,0.06803058715187751,-0.0487280398204177,-0.05255498654524846,-0.012558147758088643,-0.07377689741622052,-0.017694550340166215,-0.0601998237636612,-0.0358189538380993,-0.11709139813036844,-0.02059981157734428,-0.02902762322291484,-0.008931190121372112,-0.026093073502622594,-0.004885829462805082,-0.09067431971538124,-0.13151295096463572,-0.014406931366061814,-0.04457598067562382,-0.011153647237066132,-0.028761706190144603,-0.08503995811987791,-0.05009751719983253,-0.017871769642312463,-0.06080366021743416,-0.01025323792687779,-0.015484881663773247,-0.005390968483716723,0.02466824745000536,0.007843320529884143,-0.02665135864276632,-0.005231368806343406,0.003474312215518907,0.04327220217182228,0.06343081372359823
2024-10,-0.16307714766413972,-0.02268967204976096,-0.045792557230424955,-0.06810110328964644,0.022898286278327625,0.04508378339660945,-0.161817811385404,-0.04790123563191075,-0.0680794939724988,0.02670948632173839,0.04718886506256232,0.03530365007928721,0.039242866810954014,-0.06888483157729525,-0.03481456857655683,-0.029436094137976102,0.029386084392438495,-0.010506291689782041,0.005483835607628702,0.061622178955815086,-0.08582713057859513,0.0018238511635355536,-0.014401725340696312,0.09332252043040641,-0.043368337634766364,-0.03656636253796938,-0.033360984699201617,0.16374826170168447,0.07149930560609226,-0.07067178461455993,-0.026901817002134017,-0.0366559648868149,0.04043957860875197,-0.036785553277966676,-0.05955200681877021,-0.07964910566323957,0.07826805379434595,-0.03665223172617322,-0.08958302092910207,-0.06993136236930761,-0.08048436258439358,-0.08368594229327055,-0.09399108734674382,-0.026218840023187775,-0.060822246513858605,-0.07524966555638125,0.025819832212009675,-0.032963178120916876,-0.05138724211849271,0.043983201382174666,0.05859922749694965,-0.007185873552770997,0.04155779880589262,-0.08442799698753266,0.00023119044156383504,-0.13611096428340777,-0.08676887853238245,0.09102113792716102,0.012666865300531727,-7.660221082915432e-05,0.02043560346249354,-0.06612811345344269,-0.004744969166971289,-0.07725568442123242,-0.024075744681556915,-0.05664101133344944,-0.10674901558800493,0.05703970918239138,-0.06833518855172513,0.06547930412011377,-0.1660702181950786,-0.08258564284193015,0.15567729321499674,0.1157860471482469,-0.027166621464210155,-0.04126098458194176,-0.02832544990897376,-0.1011684543260387,-0.03682381293780016,-0.06594651517539694,-0.03653615608858445
2024-11,0.018263835846603845,-0.027379257536348865,-0.06742060607176673,-0.019850655100807982,0.018297402516588176,0.04118244862974538,-0.041523598308767715,0.025480248967157955,-0.13045723372113965,-0.08638807555900424,0.12595328446985013,0.10168666038443101,-0.01402002594609419,-0.056363399285500264,0.03573769845395374,-0.054836151198540385,-0.006343893781915289,0.02528049170195932,0.07406643939433648,0.08887337870733605,0.030062956071053536,0.046192831426034996,-0.16633951404612934,0.08183617402320349,-0.01608097850171972,0.03975068702988858,0.016245349995757483,-0.0864892782326928,0.06863287287352698,-0.04344894541559435,0.018136984446123015,0.004133472512828321,0.01805087219082203,-0.09972906487306661,-0.01269337650395684,0.03563024019072246,0.07193626832863793,0.09706884778447365,0.04033306899568976,0.02611140533222861,0.01646745412925681,-0.08227996787676992,-0.016989864145505164,0.004757288560037311,-0.025113314654423832,-0.039695273247298796,0.0458998555121116,-0.04516362666780448,-0.07314280751306339,0.11384293539693864,0.07931340862365586,0.008857053741611099,0.05396818625754665,0.0037058640036623817,-0.007021392535392625,-0.028283565072199236,-0.13114573800103266,0.022489293155861106,0.02443444549672975,-0.0592155792932976,-0.05888214080971288,0.03933155020604059,-0.01396280502781318,-0.044625908435694625,-0.011865536680757885,0.11680046825102548,-0.0039795899176333005,-0.032034493496398676,-0.03743430341348143,0.03761471248919283,0.004037173016966313,0.0032111223621386882,0.10563782835238672,0.09293738708050119,0.052349479654150925,0.04242602958266781,0.005048127133625293,-0.012747185154378692,0.058575080874283515,0.026913751899417214,-0.052018516628917384
2024-12,0.16896546981596053,-0.013895698771974514,-0.02764896128813783,0.020263822235793816,-0.07882566181938475,-0.05968725992495076,-0.006018217925369301,-0.045104640700367654,0.011881390667915203,-0.06691347325452304,0.07268140385426028,0.01356756955399203,0.06285684661576896,-0.014052873136065907,0.0005496105882016167,0.07698693633391618,-0.11184525961757873,0.01615926252343299,0.04526300921344634,0.02403575524926937,-0.06386435531956101,0.002520084161900024,-0.06436386855758196,-0.05659184522174696,-0.023770872360572803,0.04793489269422697,-0.0265412965662683,0.012037859178481533,-0.033857286763352056,0.05208798558308178,0.022935140816016223,0.04089607439664538,0.055084014569257274,0.00723716417058687,-0.010414237450384901,0.02632294083610365,0.03874096568602954,-0.008220179948427409,0.01976576964729513,-0.04962209811526489,0.030919235367505574,0.04577145576849257,-0.026318105404380378,0.024385014596083145,0.046618256446236815,-0.024584393208094125,0.015980840229986627,0.015627968895708836,0.020060792614560955,0.028656052388828814,0.009721675310204098,-0.013680592135915296,0.07868687187968675,-0.0003043575327447834,0.027333849988033145,0.07060401893697867,0.018460815331202477,0.03679513179084438,0.0002939604472110762,-0.013774588409663804,0.03359153483770837,0.02437159456070657,0.048696424118651396,0.06687433765192836,0.06963385727154678,-0.001667065664795703,-0.05936502091583469,0.0014546451284055597,-0.015141619822340056,0.06394281947115721,0.018400946947825503,-0.04911932135871676,0.03230077389773305,-0.0021567563840204323,-0.011333815423235302,0.018604888329150422,-0.002464164168438708,-0.06311696930752067,-0.016090061284816423,-0.001490962107230427,0.09443143724583057
2025-01,0.22463498240742996,0.06947059951982214,-0.02406631283634577,0.046560879564588875,0.08185110123896115,0.024171351489049628,0.06478338619452798,-0.016932080084932688,0.07198883286233293,-0.008155290169534939,0.08646713196039443,0.11270129751205818,0.019436200086823008,-0.013417786731221107,0.03825374153810299,-0.038413237143883616,-0.12997783859158574,0.03575380805956082,0.04978054866040645,0.0522702002127347,0.06113162007243787,0.024470117959749817,0.08501790768842243,-0.08816044746832213,0.1393129915137249,-0.06035099705496232,0.041437218395604866,0.07587757035214472,0.038254747649989734,0.0360989574060405,0.11184747184871387,0.0888414553425767,0.07848127694712778,0.005702581382847686,0.029818088718080657,0.10316111227671133,0.07499892134003837,0.06026748233471402,0.088029350556512,0.06205625803874873,0.05379761001070603,-0.03562735045541213,-0.038938783888083035,0.032008908701665714,0.063458439911986,0.008218207820803389,0.02323903062586654,-0.05569825490949964,0.0647755825935349,0.08492226401587044,0.05671163387103617,-0.02437346867759798,0.10865772925939761,0.05060563052602352,0.1087736772430726,0.06227499091781682,-0.05198166236920814,0.05882341268893049,0.0727679347727883,0.018508048866570356,0.08134704741886807,0.04880945783501638,-0.03554914723368094,-0.05288580441876425,0.06971187927454066,0.0447793296603736,0.022863841866683096,0.07558421071174652,0.006656463236556153,0.11978641487027754,0.11980990337266796,-0.0008105773360783409,0.09156316292632026,0.1480997563254466,-0.04170752209964699,0.026871902726365336,0.03905860871804426,0.051715689023120896,0.021233492234573218,0.07704229958676559,-0.04552011899712552
2025-02,0.012948967688169742,-0.032555248064422684,0.0007610517306670244,0.08689140660581392,-0.060094048896257496,-0.0876949717862091,-0.013823613060452308,0.006840933456473295,0.07564277814952476,0.11305446699821156,0.10314328726763153,-0.004575770144926049,0.0720953363040217,-0.03656634291547807,-0.0028773504391969747,-0.08928762995452984,0.09522157652771931,0.15063601414561412,-0.04251416356934588,0.012986465245610425,-0.0390783246251255,0.010791989108971639,-0.015187615709216961,0.151984753238555,-0.029234251536120963,0.044878903234419266,-0.03493419488642118,0.08517393954156088,-0.023033447848976155,0.060652872283901475,0.0967659893997863,-0.01744426992206141,0.14345144588679226,0.044213791891553667,0.021970003659031734,-0.011206860693056951,-0.027156052764000745,0.013968031096259478,0.06713764564975112,0.023176543066758107,0.008376758184540034,0.02064754926168961,-0.027966918076411294,-0.06695218331739974,0.13964840300575657,0.031585292950321225,-0.04643440261775959,0.08115939380469946,0.04243870373891327,0.06131168707449516,0.09882973306231259,0.020705084115671585,-0.04067438453456034,-0.0005399970713530971,0.1296888426808712,0.03284015414394632,0.01238300193059218,0.0485083367462184,-0.04839971509261199,0.014707618046462471,0.04146711474293074,0.04283646424155242,0.055991468128231955,0.028220891821395797,0.07242968323021368,-0.04810975357675785,0.023956787419933134,0.032983099387205846,-0.006362015360673715,0.0925881223523763,-0.04923150913348956,-0.04880636280986761,0.23839536080803286,0.049021602910109714,0.006514429552560195,0.033322986596569806,0.06064055329471112,-0.024905132510078195,0.10693601050098701,0.047970524195289785,-0.020045647630913644
2025-03,0.12473507346295405,-0.08812081208735598,0.022713645587104436,-0.07929433238178539,-0.11691178935617262,-0.0881132242415134,-0.0753481359751808,-0.016741092723340043,-0.024186511264272882,-0.06431751000517877,-0.06944620339041173,0.08242259895958029,0.04259154828512199,0.024410257099471606,-0.1020652114972483,-0.02181701966586101,-0.07031685206958523,0.05765539408989955,0.012444578118635814,-0.025878667649782704,-0.06357746279499903,-0.14987194330068443,0.12942994015103731,-0.24886055099989998,-0.03323575022567818,-0.07375307229397486,-0.0709087955343694,0.2821564599756654,-0.023597733892302998,0.027446294426172534,-0.09475124486790731,-0.09056398999015802,-0.04541195443412965,0.003069978544164993,-0.05787162820819899,-0.14979477910954483,-0.1542464348742459,-0.050676167561109854,-0.06687741446682786,-0.1310061236744008,-0.09440713164125401,0.11524834829287617,-0.006288027829771571,0.024359725521549788,-0.026119466555951966,0.009308689856713513,-0.04071066075860959,-0.006850527679730446,-0.06179578274510373,-0.2868099300988399,-0.0018254603199462462,0.027453617699985923,-0.1321407869574238,0.04317109160287168,0.1520538772776237,-0.18451387703430858,-0.0408728946127616,-0.10091405137166885,0.011953305239066634,-0.05482910178134873,0.03474973226700347,0.02826540192256475,-0.07134567774056481,-0.10274167621403159,-0.05922428784023731,-0.02125325790638395,0.031738460571393956,0.03738454117721669,-0.07550899608289703,-0.06209377349510819,-0.16859795357396776,0.04137264867333323,-0.049949993047410865,-0.07747306414906462,0.04565317783878651,-0.12562909302033037,0.0432892210332215,-0.03901985005224833,0.07217362887504741,-0.06337082351412038,-0.03801964120425596
2025-04,-0.07023761295386027,-0.07033626491791792,0.12221806759914694,0.09544142676729601,-0.06488032344292502,-0.06234456725468447,-0.04632324537106033,0.08918488694043222,-0.03564725280245274,0.015098045899951005,-0.0856287822395412,-0.032837761538905316,-0.055071772090539116,0.13369737001842547,-0.02123947418131768,0.05855839699475121,-0.02472106637173215,0.03462905165466684,0.021242007556297317,-0.06413367596188972,-0.11478339192530407,0.0010021407613055062,0.16136573040458446,0.0012985592487384017,-0.044405614470503806,-0.0003321517271081499,-0.11111756946426506,0.09279718426185728,0.020598335587930568,-0.03989259160400124,-0.07741190933389375,0.09090030386379575,-0.02878715987234178,-0.07782333638788158,0.019065576257216537,-0.08297417847820854,-0.07911684568706562,0.1353175476096845,-0.08685047757719926,-0.13196375889100972,-0.1457998624981665,0.10075581941375478,0.03015736643344781,-0.01993103408366853,0.002146028248954231,0.0028242465337989364,-0.0023691759446807297,0.11223357019363962,-0.03311457510705778,-0.19497683322904674,0.03188613301437628,0.11135772045457523,-0.10143433384501857,0.05249928362373976,-0.053349157805644476,-0.17686342021083676,0.05795221983557417,-0.0429745600295921,0.011634748261904667,-0.031275793198329745,-0.056484449837822026,0.038446257081261044,-0.04787567245109415,0.10191320507106882,-0.07867543009828408,-0.005622447095171135,-0.047391053063460184,-0.09924732005231673,-0.0549779161277272,-0.07222571852745104,-0.04630595426422744,-0.00501378050311539,0.008208428913414287,-0.09065847995247198,0.093150850236835,0.132518143485742,0.03770972968288356,0.04870601001487571,0.033060761354371124,-0.06566966154856829,0.029331342270081627
2025-05,0.08111603164743911,0.034547080819851306,-0.011509494967523586,0.03516587063575001,0.042393559226216834,-0.007497628723853769,-0.026245261172138226,0.028612199882407482,0.03381538042444511,0.06509323481248659,0.0720140795460875,-0.05751184036331493,0.034498486666270166,-0.00542856649079135,-0.041366247024231896,0.0008187443845391396,0.006474681081094566,-0.023513594037967697,0.05072503037454192,0.04327945364676545,-0.04033759814412891,-0.00461620931533199,0.08878903970769432,0.06887578889698055,0.01778507873961129,0.11394224784256693,-0.049317487322280036,0.16633828948811494,-0.04263123165756846,0.06366314973865171,0.05446266599562869,0.041917344878965514,0.012613896795487503,0.11367630993182996,0.09084444203108764,-0.026715852932879466,0.040689996061576146,-0.06733304245510154,0.06532544296696935,0.023140110133753083,0.04294382206178449,-0.019050834134878566,0.054334256037550356,0.04094746849175273,0.04447335843621075,0.02248288457659676,-0.02915719899579406,-0.07285696034008776,0.024171063265156015,-0.007351897909196194,-0.001713081770122603,0.005701471010672862,0.0427623898133915,0.020298353845162907,0.07113718276727476,-0.007214612963342583,0.004703845838695141,-0.02223717614383945,-0.06724560199489567,-0.0693331022863932,0.020475680474258726,0.005144820694539918,-0.01806459344316074,0.034780394217745876,0.09889287380738547,-0.019261758288323005,-0.012216449364303546,-0.007230140405655988,0.06761524427794469,0.05900996564217514,-0.026459679344231133,0.02041171428488949,0.03699009834405348,0.12929614380533888,-0.05298036243099704,0.029715944087827458,-0.059431400254447944,-0.03922437459065006,0.0887168699839098,0.0297154584418287,0.04161753750161397
2025-06,0.1003985142383607,-0.019175100541263132,0.0056386133083316135,-0.023659067390255053,0.06448394667914889,0.03378403746188949,0.012359709804049,0.047920916177875965,-0.04580967697321733,0.12663557745707818,0.03377001280395335,0.06263935469471105,-0.023779698713373137,-0.05529186180238034,0.004986360090474341,-0.01367855286991916,-0.006286075450841543,-0.009718325061428319,0.035382268418603056,-0.032044136117441176,0.03104274569645058,0.05154129449264161,0.056755907433303866,0.14639465222559184,0.043124683268111245,-0.0571793126820137,0.04302267499194421,0.24355324076137827,0.04701114192808973,-0.03795294424890902,-0.07944608732204732,0.014672905513284432,-0.011264858260169491,-0.02743095040225502,-0.013956271976302946,0.03385341951879903,0.018549205183818453,0.02054705633782144,0.046069597913921505,0.07077657409507873,0.009773838774592316,0.02313676416200648,0.008212210244886536,0.019420587569569964,-0.009458967798899556,-0.010503956736419814,-0.04348384762884786,-0.02879820347321314,-0.01829320782319592,0.2075360708043321,-0.055183953384317475,-0.057431985061502794,0.0963319726398355,0.007300968638325005,0.028786784263405193,-0.047897340573371576,-0.017688353816717454,-0.049928328767678186,0.008671423744529692,-0.029536789518034824,-0.025805022940514268,0.05869016584198488,0.027959566548596434,0.04517934023266462,0.023316791902623903,0.04461330182021885,-0.043519540679770624,0.025226599213865362,0.05535167253982484,0.09222262730177633,0.05893140647407049,0.011425427553768349,-0.024945514605375682,0.08872622635433966,0.01646936816125034,0.006168299853296081,-0.0648118489642434,-0.02756538218885891,0.053082171772437056,0.02913812635347651,-0.033328960562408895
2025-07,0.0677424208510491,-0.03506760825865679,0.01994368973402552,0.003498420239625055,0.05470972059718151,0.00017305034446788556,-0.044729616293220566,-0.014407586716140239,0.0687476107573626,-0.09482830011620802,0.058165967469444524,0.15658448992727025,-0.04394439673374124,-0.06855862195373286,-0.0765348143729922,-0.1027337236464009,0.043196560460830626,0.021951208513272744,-0.027805798184236223,-0.029278878429455205,-0.0459500820225768,-0.0322385994595125,-0.05500711434786631,-0.01967376758650109,0.010967089610779883,-0.03638522434778215,0.04349107746296005,-0.10313731092507364,-0.0855579295331861,0.062380961421266465,-0.024085038262035632,0.018158742075698682,0.039767419253742727,-0.05917360329357879,-0.09226107515745488,0.015760659465539003,0.07191706822607373,-0.023519344022774336,0.007366182173206334,-0.03156688759161492,-0.0020505812228843595,-0.06161048182491695,-0.09678449367581891,-0.035275914053473155,-0.015083179503123453,-0.1203638393345249,-0.13475102766046146,-0.02949880480964516,-0.13394236325380565,-0.09168281576930669,-0.024761504050659182,-0.013534900547503836,0.0901533017713364,-0.049794358290752114,-2.5248966651695574e-05,0.07121273372000923,-0.13644226120431027,0.028245436768241063,-0.014902021374363578,-0.02055045206126426,-0.006646590129721302,0.07978603664674791,0.014001246753400776,-0.016585306552406934,-0.024521981552138607,-0.05266654470663811,-0.052839810568512474,0.01694561679638082,-0.027125318178708027,0.05838130352940025,0.01996647677147054,-0.0008057971561367815,0.005483106186192221,-0.07761217143426782,-0.032186219023631155,0.032892152513243865,-0.022810047654936345,-0.12757211561217482,0.035228192098705605,0.026466798795785583,0.05215471874536963
2025-08,0.0098328419863073,-0.02853133769878391,-0.002742230347349177,0.004120070629782225,-0.014670896114195083,-0.005696163901799842,-0.002411575562700965,-0.0033653699434720553,-0.0030658250676284943,-0.028901734104046242,-0.017543810136086073,0.010567707053330056,0.0022611644997173543,0.00441257584114727,-0.00267379679144385,0.0,0.0035821665888247285,0.008664627930682976,0.005785608805715374,-0.0024205403155591115,-0.003386960203217612,-0.0046641791044776115,0.035398230088495575,-0.0019792182088075212,-0.0042983565107458915,-0.010323426704825753,-0.0025817555938037868,0.015328043852972779,0.003708281829419036,0.011527377521613832,0.0,-0.0037267080745341614,-0.0027165055233733214,-0.0015772870662460567,-0.00632183908045977,-0.019462465245597776,-0.009697529438928654,0.00024189646831156264,0.014746543778801843,0.0009289221802477565,-0.010043668122270743,-0.0037133310261000664,0.0,-0.00039258282655920773,-0.017750748136368656,-0.0005302550385959973,0.00021376656690893543,0.0026041489600402523,0.023517883390494855,0.056692889356237695,-0.014116795577524485,0.001628001628001628,-0.007566204287515763,0.007593014426727411,-0.018703241420799974,-0.002421307506053269,0.007940008822232024,0.010628875110717449,-0.004845702626880897,-0.0073243813117301075,-0.0007067137809187279,-0.0044334674703663795,-0.03715582376290624,-0.01577915226144073,-0.012383947974616241,-0.014820913956360642,0.0022012962485259435,0.004430496584825549,-0.005136986301369863,-0.0051162790697674414,-0.009538950715421303,0.005424464334147003,-0.012867647058823529,0.010911925175370226,0.0034078000757288905,-0.0019462572345727088,0.01120322652924042,0.011509817197020988,0.004870846116734006,-0.03875379939209726,-0.0032948929159802307
