Date,0101.HK,1038.HK,1044.HK,1109.HK,0011.HK,0012.HK,0016.HK,0001.HK,0267.HK,0027.HK,0291.HK,0002.HK,0322.HK,0003.HK,0005.HK,0688.HK,0006.HK,0941.HK
2000-01,-0.1779472630071806,-0.07244877906296032,0.049531648895981904,-0.11102361779856736,-0.15945239391380064,-0.14133302361644906,-0.1733675469122883,-0.04804389481919536,-0.04053237373908537,0.1590678688270414,-0.10605852016584554,-0.04352861686337059,-0.019214508055270273,-0.061236091978440585,-0.1216138469997359,-0.03836987138754737,0.010241745724443014,-0.18922839865850075
2000-02,-0.15546768791376608,-0.2528675423140373,-0.0644233747647335,-0.29260988049579223,-0.09322947309341839,-0.23146573410418214,0.00918021167871014,0.04747786338887222,0.14960414308520711,0.18551466669777586,-0.3050214229515905,-0.006050816519751057,-0.0957747715778496,-0.11883313495976165,0.02258947226508564,-0.4363468101261248,-0.024466811788244846,-0.06388202278324831
2000-03,0.2937975661903574,0.10871350833516942,-0.11742031793785457,-0.09400156377413281,-0.05914286973370405,0.11678394329122738,-0.05221168567992679,0.013799051859630089,0.21641427061160665,0.15655046820590957,-0.032401650649594514,0.0208203066706064,0.594023631784951,-0.031653146360800515,-0.010061430722988995,-0.1402532182691845,-0.008360738954271498,-0.05468952208160227
2000-04,0.36186628224389017,-0.14155438620322658,-0.04668082796442781,0.06797669299156694,0.10367661953168868,0.00794249151463913,-0.0322119206505571,-0.1785975485260429,-0.2766263693562496,-0.06937058223602598,-0.09065696069094994,0.035977246215466094,0.05846036474292019,-0.09181788371896071,-0.11033489661235732,0.009624724864214895,0.08186530038215585,-0.09415500907079341
2000-05,-0.07287394266459445,0.10284107864010165,-0.04678946746424677,-0.02182036437154433,-0.04880746300025111,-0.09899711631957833,-0.27254298935797,-0.14549118677965703,0.044140479357037216,-0.14195488403807716,-0.1787549965502442,0.09559396898897864,0.12443523207051986,-0.07711690457863547,-0.02529687724157944,0.01941383524772966,0.17727561797001584,0.1299399168048135
2000-06,0.24286341675552295,-0.06572973361311002,0.011357833119893825,0.3378229710410632,0.12702637778457884,0.05134287764909264,0.14157894749162714,0.06823649955004285,0.07321872411957114,0.015541585111404653,0.03933736507421227,-0.04773316640934007,0.05643317716892099,-0.09277592707326261,0.0049522625955959205,0.09537184299671062,-0.0614848530045609,0.1545867890377053
2000-07,0.29678134801085165,-0.06080662505504503,0.08415066261140469,0.09196856127388522,0.02856117171958358,-0.03664230389978029,-0.059882332617499805,0.02858041469814204,-0.02302819512279462,0.02186316206058206,0.1591375351678706,-0.04681049477479509,0.494177015222334,0.022460812895031147,0.06358457380774526,0.010017572075642942,-0.040084079579634266,-0.13104203767423356
2000-08,0.041063408491737445,-0.03469344010497228,-0.04582081596919461,-0.07628208562456307,-0.03557354256642785,0.1735169697615539,0.14532561997714197,0.039785703111751704,-0.17786299040332773,0.169643461775132,-0.14743068301648576,-0.0580238378911021,0.31856597738655584,0.04888619698177719,0.008332036082058026,-0.05446955408691875,0.010365950815936718,-0.12755341859298264
2000-09,0.1121818899576976,-0.01497109782866991,-0.008314404130710103,0.08982056438426592,0.03368675990813587,-0.05061578777855778,0.005070030562759771,-0.03911495334134036,-0.08971910989057244,0.017981608427174202,-0.2380158542893938,0.018562429896092653,0.19990305272567802,0.05769063006951986,-0.052687019445542514,0.02646570046520346,-0.0102682679317453,-0.01387022719364142
2000-10,0.15721018237629186,-0.06435756917291167,0.011227817697680727,-0.07571226424194287,0.13276495691033233,-0.056266391107243144,-0.04122625450417699,-0.030241875949104817,-0.07390382610923127,0.18003071298232837,-0.05770955959018361,-0.022485865284333523,0.06100957527656226,0.032250853380709626,-0.04531232320742624,0.23643265649231865,0.04195876009898378,-0.022526075342442994
2000-11,-0.7529634828939481,-0.04721577416062647,0.02969479109002948,0.04505721617509888,0.033941580716813594,-0.039601583592981576,-0.0684165576557997,0.06907252418474248,-0.1065914877907658,0.1062815123278439,0.05923521023241711,-0.008308464411341535,0.03749422748699781,0.0476881514827673,0.012344715265514642,0.011948123751136401,0.05719517974302375,0.012174499703254533
2000-12,0.3204314537368227,0.08463428272070506,-0.11523077015832947,0.10934186158875502,0.20503552831939215,0.3319379165798175,0.2671774275020744,0.12290672068339975,-0.010901338035351938,0.10323189843750258,0.14125125306756836,0.06066928839768153,-0.05565498947702784,0.17410815204501925,0.13348213878941906,0.18675909127752863,0.09458341363905676,-0.07476513641277012
2001-01,0.062199701926079334,-0.03588689601346234,-0.09542707577275006,-0.005971261641527878,-0.06546745444404214,0.025043294979926925,-0.02086595849054198,0.007307840034392146,0.06366671399133347,0.059635559034745544,0.0629098843222987,-0.07713319104236534,-0.11066949463006567,-0.10000882724083221,-0.005489849671324455,0.03262237144322561,-0.053934803571936495,0.07739137822318885
2001-02,0.041771300813128236,0.13468293147147578,-0.06084440381777117,0.046859824150635894,-0.07595092996260454,0.19688110196792324,0.1095198122014024,-0.021842455795006693,-0.025045284339186905,0.11765120123091109,0.1759166608256825,0.13808663471614369,0.18072549079565622,0.09072899066419043,0.008896727493726095,-0.0369125190258182,0.06583584601578069,-0.04802343731732109
2001-03,-0.07029502968752697,-0.03078151985676498,-0.0914738422648123,-0.05627101908767439,0.07887208933662038,-0.08764802456679091,-0.07456364689985273,-0.008913272768538994,-0.1248485212783035,-0.08510431063409103,-0.06025082159139641,0.04348813113069916,0.475073689177736,0.013004605454336193,0.006738635580314642,0.0053373631680897985,-0.07019913074456645,-0.09280814440862001
2001-04,-0.16267066018428955,-0.006733960930079662,-0.03839136252013042,0.08616597133076848,-0.02042351409886509,-0.1808989846288663,-0.13786089444495364,0.004710104733899249,-0.040707265730384974,-0.06982500338428974,-0.014078873867578945,-0.060965957197761905,-0.050998346526560906,-0.10444087064230659,-0.007648812313414818,0.18771109604421074,-0.02313094469504377,-0.042250969982442564
2001-05,0.16924953417435065,-0.029265477390706507,0.014225361711214066,-0.11393575466952871,-0.07248415161082027,0.0006906311587842537,-0.013169103341115594,-0.007005642778583222,0.1298555156825319,0.052585738522729485,0.10365510631010799,-0.035886296799106425,-0.1112360309611232,-0.09060979316613099,-0.020627675031742652,0.263493373170844,-0.017151942296763017,0.08216163272160429
2001-06,0.09987257476219068,0.11684907444332425,-0.001190784577221054,-0.09191552480927857,-0.11284231056412439,-0.08328694178459493,-0.06387789501606264,-0.0340379760619478,0.0029309868611137615,0.07687986999390527,0.0956454736617544,-0.002798035718683818,0.02644926931221731,-0.06627913503931258,-0.06145526314351198,-0.14617699501782505,0.08189571375112331,0.1358331158565374
2001-07,0.08228519458491738,-0.005475785002653578,-0.028882690127864222,-0.13645723917429514,0.11968778458209456,0.055098801815507276,0.029724076130501428,-0.0656079483270123,-0.0886668570393061,0.019554702069348052,-0.08779492737001662,0.00013846589509895204,-0.18653604482363717,-0.09437599291385773,-0.03426462438289972,0.0341268260972962,-0.06303784868522863,-0.031036164393282318
2001-08,-0.045063608924357595,0.09804862195816538,-0.0056106433024893715,-0.14425528073892688,0.05525050661257392,-0.013335437385565184,0.056154247758255116,-0.03378311793851214,-0.12797171685908615,-0.16382494078508564,-0.1766603059026895,0.041652269733603454,-0.10812848835445846,-0.11134753776163912,-0.01895022973307399,0.01835258635259491,0.04766086210715717,-0.20014375099934245
2001-09,-0.07754109131141496,0.06771414329937475,0.010635255983403365,0.08805230006825067,0.04418461489758927,-0.19475396329774713,-0.22280637034848905,-0.05115787254955054,-0.04293534212879066,0.1538254856797583,-0.11263441486596493,0.06171687070723451,-0.07435546799345887,0.07549962373029326,0.00715917221773971,-0.2580255370600385,0.031144786608756237,0.20675922933214522
2001-10,0.17464700224355953,-0.06517063945647851,-0.0061338910262035366,0.046300008947611306,-0.04790317680794633,-0.06260510489882695,-0.0842192828446759,0.1289092083985283,0.03555263449294816,-0.11491595872745305,0.03570681971609012,-0.03470878054695598,0.05707839291785723,-0.04065535723630806,0.007685838749585877,0.17445259168984975,-0.05301554009521964,0.017665767479320516
2001-11,0.044418104623092085,-0.007292399516270759,0.19655079771357586,-0.22391894543616614,0.03763015877519327,0.05348207291539348,0.16235976385585052,0.05213931032966635,0.0015660506716265103,-0.024809660917681844,-0.05732286971063806,0.014950812083800048,0.09254553312044923,-0.015430709885997415,0.06010728282714828,0.0578404732841693,-0.06416702815775759,0.06775748348858536
2001-12,-0.05283505803497116,-0.02420903448941657,0.05993874643343048,-0.167042644638407,0.018227539159226334,0.17178873862412802,0.024427973318735186,0.04209943648543802,-0.04343225893734949,0.3313135917215331,-0.05264819438759723,-9.81698476728077e-06,0.03938199194512606,-0.0101258437060975,-0.010992613340134261,0.02558363399991637,-0.015784522953811893,0.008191060095214534
2002-01,0.08530122869230151,0.0087358812794883,0.19327444932026913,0.18314506893797128,0.050509736191617034,-0.01851689694221467,0.060700949388541814,0.0014565823296862868,-0.05602086152695817,-0.10463598703944801,0.05653882685334237,0.018744217118410317,-0.024066504055725507,0.05844332062398683,0.022162181587061538,0.04113114947856275,-0.04846611088051148,-0.1445643236467702
2002-02,-0.09456860412832244,0.0007074211987952751,0.03702262988755984,-0.0985936410349161,-0.04020342316808502,-0.08711981839315379,-0.14314440130387937,-0.1668439861936238,-0.03255589194459978,0.2507853520785891,-0.05352466811154194,0.009792329321412585,-0.03373200013942459,0.1181573887844716,0.03459761973354573,-0.010841608641338303,-0.007989078414674338,-0.017436846433951297
2002-03,-0.11816396538980836,-0.004034688480568596,0.027521509524273527,-0.05446562778138848,0.022856328056109564,0.057450691295315104,0.026420287810935375,0.02577571248608613,0.028177997160491408,-0.12556253532102746,-0.058961375945671204,-0.019127281849900646,0.2475164405579417,0.017830121323514938,0.030476481401926613,-0.06123791208519547,-0.07204583747255137,0.014447594336008014
2002-04,0.15392674247668692,-0.023686828377141766,0.11128573243883973,-0.1442751803613849,0.03746516043602459,0.1736482236137748,0.11864307522604786,0.07309866132635547,0.005073861391970066,0.07010640259443565,0.02664021352504959,-0.04600808656229261,0.19817840745966486,-0.01605826501128504,0.024895342922260276,0.0792986227372951,-0.0251819171370026,0.056194885451285585
2002-05,-0.07919750351862252,-0.004214541025776211,0.12368859859617079,-0.05298103908092558,-0.08698269128359477,-0.16604473637713565,-0.16677098113218303,-0.10161591579182766,0.04338383404067497,-0.0008470895434213255,0.12670325335582425,0.022169807584133262,0.3628523310871977,0.03753421060928669,0.011916559463499636,0.011277023337377469,-0.04450328983396834,-0.0934467370596985
2002-06,-0.03846412851054761,-0.0106663389611978,-0.18439434003574,-0.12393226622590868,-0.03769942621689295,-0.01483507117839661,-0.02027520248179193,-0.09498422043682954,-0.07493201883998793,0.06763311668100304,0.005425797202143518,-0.07260208576204348,0.20976272086753847,-0.009065263081098184,-0.016048185895842768,-0.08450268385289376,-0.06660960534377555,-0.026504471183874268
2002-07,-0.03964355404884149,-0.0034827103131821954,-0.3083559537215433,-0.2554929895635963,-1.3525556332727145e-05,-0.009621481495128672,0.03848393432802179,-0.059667825261408014,0.07792366492748228,0.09267105962959842,-0.04833038493642761,0.006550193710625544,-0.00950443494880232,0.020062827140972114,0.08611653922031974,-0.10857126149901948,-0.0539087637330201,-0.030119655079485733
2002-08,-0.1052510654531244,0.08205722798471196,-0.05306845559991762,-0.2661747107479854,0.03532322234100631,-0.14957120591898926,-0.10636856409740238,-0.13003871459851407,0.06757018497615785,0.25355559095392066,0.0753986248849957,0.10379717510931728,-0.2274112970119354,0.01984591089720726,-0.01697937511998997,0.12765008722770038,-0.04586355398041571,0.014167724373838907
2002-09,-0.1523917773318274,0.003830035665763575,0.002799904136718885,-0.19393384993443163,-0.012041552981280844,-0.014895109663339004,-0.014750918290638643,-0.033098893596320844,-0.002425447198001717,-0.07905492729981707,-0.11782010434633931,0.044275445368276795,0.03293793682883891,0.04327042333205872,-9.454526893146263e-05,0.12277565542729765,0.11142871172161549,-0.041393040552247365
2002-10,0.15761907696763952,-0.014810315199387112,-0.031149556941300942,-0.2002186214873785,0.03487757094976312,-0.005652248000262053,-0.0111671985025467,0.013840575695599789,-0.017367551580210434,0.005223940076795957,0.0009124880145147395,-0.036668797751616695,0.03599444198101955,-0.004766026983525142,0.0046272954281504465,0.17194295703798515,-0.0356537415464975,0.019966296728625123
2002-11,0.03448967197942189,-0.0252208292384221,-0.11824913051869163,-0.04413398631786099,-0.03699377659250518,0.11815163453737945,0.0026627870747345296,0.02799863943763191,-0.06414207011382661,0.10999730727370999,-0.04157072381307209,-0.04928848327672712,-0.1659183698534443,0.013666164641310664,0.0035581090603483885,0.21276284397715117,-0.05907990697999295,0.05499747429773603
2002-12,0.03346752664702794,0.018488444716432552,-0.023122525301660847,-0.18778246624164177,-0.04590958130530466,-0.04685797551830274,-0.09230524239873188,-0.06924404737867507,-0.09160725280829086,0.18468933887472772,-0.0930847203864681,0.003174428953461235,0.16879420165711026,0.010286154419878284,-0.0007993228008901125,-0.037725083471386416,-0.0034769550252004866,-0.06955465391801809
2003-01,-0.045034293321166,0.022832563430448868,0.4130562070957105,0.0487269158146044,0.0029184841382433233,0.007276193415883798,-0.01601393426099802,0.0478110226999031,0.08910291824106731,0.12625357248508154,0.022037171035714148,-0.02510669018313075,0.04861896668498044,-0.029583842250478182,0.020479945669751566,0.08106384594688602,-0.013237580346803387,0.01590004583481497
2003-02,-0.06542259509074697,0.04793545583841194,0.019318663726051368,-0.01797292087288563,0.002896954128392073,-0.006469028602663908,-0.027944851683405818,-0.02601933683706404,0.01684782662673195,-0.0074594296446145085,-0.00024888337873803744,0.022282144161606048,-0.16786202192024624,-0.05029638568107192,0.027698888551760687,-0.013846104245822865,-0.04043589217597485,-0.09395086613223592
2003-03,-0.01912632517927498,0.07504394402272566,-0.030562566967069764,-0.24403390552350698,-0.013030493034523699,-0.08712788126767029,-0.14667766763600218,-0.1086351938402665,-0.010626002868259305,0.12558000369682018,-0.1796766142174451,-0.0031134588657568325,-0.02200778516430659,0.042184188181753256,-0.0063646232220244195,-0.021936752623314258,0.0433475405784667,-0.10077427408720332
2003-04,-0.16400570009146212,0.03510641218581329,-0.1297895492012678,-0.15173808990917736,-0.002759943011851337,-0.02779573742008609,-0.004108066879238157,0.01940931298040975,-0.04370234858816903,-0.09174431277808309,0.008250431950499884,0.024604205797372304,-0.26132908007048156,-0.022117157840417942,0.04956978388264267,0.2120387895124788,-0.0469258776462863,0.029442777451231278
2003-05,0.08987834149532518,0.17184647380374973,0.08617084060201609,0.20712964192033212,0.0510838382948255,0.09662459530116142,0.017289048751817974,0.049543942585479686,0.030886416273077266,0.050105883016007366,0.06533331105658133,0.05284797402740188,0.015448206799831492,0.059037862210090344,0.034110420429662815,0.27293781834866976,0.006049927184294376,0.050405826050764414
2003-06,-0.08461422613709209,-0.05343310703852372,0.05547124670125716,-0.09941473367220842,-0.02358347989815478,0.0057403027068589655,-0.05876725641182071,-0.042397150717798544,-0.0363341534385043,0.08063862685764218,0.023030923391576162,-0.0117481123188203,-0.11246117382894688,-0.02477896300421188,-0.013069478500229798,0.01566221350403743,-0.05042720494278047,-0.0038044686160596973
2003-07,0.05414992866974718,0.01700467499950668,-0.017292395590590693,-0.055136789858490964,0.00607783279281177,0.11109600076128023,0.13278436760421547,0.024495634707015237,-0.003438577599305697,0.03162103570877804,0.014543898755153726,0.011746011314532564,0.028133466444125475,0.0051797623304572936,0.024151137796572558,0.11130684270795785,-0.03193636793877565,0.08798203862643161
2003-08,0.05026911915552549,0.00019112077229063487,0.09219311096823479,-0.03965313546629057,0.035139969753850496,0.14925638352879786,0.17129755117584186,0.15495941478003927,0.0719193236429619,0.11389305406406931,-0.013781650762076254,-0.0430062427454817,-0.12285556673698568,0.07619631925176379,0.019630063475101957,0.06807221463750127,-0.02602516873515826,-0.020643922232224464
2003-09,-0.01970370909333104,-0.021549172250623503,0.04229850017772635,-0.03129753077382072,0.06046958855339631,-0.002282551825811585,0.09652294029948341,-0.05443322885288011,-0.04800839115753732,-0.13248948446889194,0.005458711580914645,-0.03176472087397316,0.14806805762275485,-0.042075520138441895,0.01978054481946204,0.1681535146957239,-0.043528230631646105,-0.05323759198929447
2003-10,-0.0512524479040509,0.04654613050202113,0.03752807123556509,0.041517000967824194,-0.042372465942386243,0.07376598326245772,-0.00860493270772553,-0.021924899613536147,0.03577447940319298,0.050689010074962945,-0.009632783717469473,-0.01440836510513326,-0.13512858546754172,0.014126703395845396,0.04177715253691349,0.017609343804652105,-0.0066860053562181575,-0.060751401719424475
2003-11,-0.06804092578501689,-0.03444955038555332,0.0643438523366803,-0.027848246953676284,0.03600225299115515,-0.01761653842895893,-0.04439690014620027,-0.04520695122368382,-0.04099247846330241,-0.09891114691505859,-0.0156342089089517,0.07118149717468102,-0.04582622094999619,0.09460935013195908,0.08426785074421085,0.06173438184680738,0.009869145927807636,0.012761730342631759
2003-12,-0.03784697002219161,-0.08256810967070545,0.07154780070301986,-0.07124041716289105,-0.014953976594344569,0.06309616262009214,-0.03404720695256851,-0.07712490272131536,0.018005124280859153,-0.061977667998840844,-0.09627260498616061,-0.060250596275177724,0.028407939766835782,-0.03373725773340576,0.05127712365745409,0.11662711113486089,-0.07164994527943615,-0.028605057693823707
2004-01,0.10568604399096385,0.017564137327047525,-0.07236330873749476,0.17081351916517418,0.04456913430370092,0.15805562578227092,0.06317151433444546,0.04935352398229746,0.08271435761865126,0.017473323400913537,0.06607815439372397,-0.026894385573101164,-0.20837886158138288,0.022072677144695487,0.09304204801281218,0.27066023162810704,-0.04429634482005832,0.008337825646927487
2004-02,-0.09491174213237394,-0.08819184132498442,0.18427870585951225,-0.11915448096914448,0.04369301512144738,-0.014625600653263028,0.0008098663933942953,0.03258632709271193,0.05449499203861437,0.1949418341180459,0.11810455876992318,0.07981259762825431,-0.12067378859051126,0.007036216352213296,0.037638978622343285,-0.026371490499287862,0.006109958374615648,0.014783085426149216
2004-03,0.019487485215174075,-0.1820576677172704,0.002993827515764452,-0.11927827568258786,-0.06441935528829748,-0.05927967041269594,-0.047433855398306086,-0.14566666922037885,-0.09201714494059214,-0.06720260645546393,-0.1782852297477939,0.06854551847782715,-0.002092263227886653,-0.08851687231361309,0.03075984847361236,-0.07910246566212822,-0.009009956785845681,-0.14637142521243826
2004-04,0.0027424747857356813,-0.13377556869154764,-0.06203616249151508,-0.14735841367110103,-0.04165377675784639,-0.024124380025405817,-0.030264895478861107,-0.0393383117018742,-0.13077126355895416,-0.12848800737057095,-0.1392571196404096,-0.03861160827692467,0.09354538201679388,-0.02905459371455854,0.004147043896405006,-0.2387180186710689,-0.03728772079918921,-0.07892528890872587
2004-05,0.07811352084018673,-0.12292084518538277,0.05959123632096704,0.029865467859579338,0.03597993753837047,-0.09758821860870447,-0.03184336777425166,0.014858175052756682,-0.05987457850361008,0.09925319125595364,0.037990388661390186,-0.03276164877096249,0.05895949602343221,-0.034083964442752426,0.03572990638114065,-0.031338789390063904,-0.05009942881211041,0.033378727928771786
2004-06,-0.0295873574769793,-0.17825094550700368,0.13341191617886938,-0.11310709853310945,-0.002480129776842067,-0.056521474873364674,-0.07857845659315792,-0.041075798002182834,-0.12830153023078203,0.01727348228962589,-0.043250669206175034,4.7937829962685226e-05,-0.1848168704460773,-0.057570101749325336,0.004032802949767473,-0.05610375092941677,-0.1157527305228963,-0.009708216738173825
2004-07,0.03575476592919934,-0.023715399709083144,-0.027525771120233463,-0.009992413115127372,1.8187934119279033e-05,0.06255516360574068,0.09420976292797219,0.0534798378278463,-0.01609583215144548,-0.07923053131132543,0.04836364936957039,0.036009129714278644,-0.006902531562703471,0.09123011598014738,0.030681935938505864,0.15189897837996252,0.009156868007292256,0.03307816838892332
2004-08,0.004146431055757468,0.0014019563802136988,-0.07999993797213738,-0.020644470020356485,0.026674285224169533,0.08629415349265893,0.11504387704359925,0.06993375623787107,0.046765478413839066,0.08630376308657679,0.10636150131094706,0.027251127485044907,-0.2921418667964071,0.018223797292459046,0.0038424538138150887,-0.01301111073999009,0.0388428026296322,0.02887788263812975
2004-09,0.030882024064136565,0.00269131571303313,-0.18961142179686974,0.12465739191977859,-0.03310720995086091,0.0025855443449892103,-0.010326617525091066,0.0067983141004730905,0.035196014145129954,0.9548444881241182,0.02049028404168032,-0.045923448033434476,-0.11463256943279014,0.04238825120437289,0.004198600457373175,0.05322693657944615,-0.03668852642779008,0.043240251792197294
2004-10,0.01398677515338811,-0.004786118263258193,0.02485673788272961,-0.015521033975760492,-0.0095022362597186,-0.054603317619497056,-0.016641312448219404,-0.018341282914114708,-0.09824365541840582,0.8646295235276991,0.04509652930860487,-0.024014856082444996,-0.17123803546804772,0.017179754759260275,0.008000519242673209,0.012214115116219627,0.02368141813100165,-0.039242116839511086
2004-11,0.05094526132957854,0.01408156096265271,0.10157957766099393,0.025615985519986454,0.03347477621481799,0.08702305762744487,0.054462742601624016,0.08357047336205992,-0.02783191530047888,0.09156492365857143,-0.05075543509618176,-0.01779224723382009,0.010323508253746113,0.026053030048611453,0.03525267791659244,-0.04064096278617058,-0.06905853307963902,0.03702530486367109
2004-12,-0.05667997405331432,-0.08988718116689189,0.013053383645389063,-0.06476400323013264,-0.004586959774835025,-0.05752862984967029,-0.012761079864466984,0.01591458615547576,-0.02612751065034892,0.7152021500949566,0.08961891837890684,-0.05038972390469013,-0.08896844362465078,-0.0031153388819839057,0.00011685819932792305,-0.03382839410391187,-0.05266918943856487,-0.006580500306249863
2005-01,-0.05101299682374644,0.05447354767937534,-0.0005929319505082269,0.19636626936212448,-0.009081624606681007,-0.10571987537816291,-0.06755211321170831,-0.042771394601882444,0.0210936997842639,0.30178180454411957,-0.04945756654891238,-0.06356240845665309,0.012643810002295306,0.02546078615945729,0.012006104645998189,0.017701342150762352,-0.08800882957194602,-0.02571421571392712
2005-02,0.0047764454950557506,0.03490749991135134,-0.02116404491098272,0.2898083095251275,0.004649487234094495,-0.05047820388976388,-0.016764337157628144,0.017089561883811544,0.013609506373473985,0.3291096487499331,0.009203876207422195,-0.026507815756759416,-0.1142929742441596,0.011864785278433869,0.019069681854327017,-0.005284225843928632,-0.014230232975989042,0.026339770500276485
2005-03,-0.08539362790319273,0.06582007375181383,-0.030794515254129174,-0.19455202681535563,-0.014108999280063412,-0.0597591732387988,-0.007416004422892977,-0.037165556125001956,-0.017718576763423654,-0.019161439071785427,-0.026724782244600603,-0.04601165668367112,-0.17836448947887418,-0.06647970541585857,0.007716128649520379,-0.14452424652136053,0.011852956224372803,-0.0045624864570646935
2005-04,-0.06786223328796791,0.18982662093033487,0.12357812757393706,-0.13811214283181805,0.023872740367943002,-0.000963117653762573,0.04194994819638995,0.09896708930418215,0.060299956053006865,-0.2581477351315038,-0.0034585519427871216,-0.015704828489722263,-0.07440470095143943,0.04960762635902193,0.0410797671959392,-0.021434810742887365,-6.438079487183613e-05,0.07574536751475712
2005-05,-0.16507408784705133,0.02600435518241576,0.0899130506378551,-0.18929702215845998,-0.014085358886597923,-0.07622248766562592,-0.045754001614752834,-0.044229487534265505,-0.047892222397338445,-0.2603704424643563,-0.13670323789009517,-0.03960900101402541,0.21688297715743254,-0.049196697644023256,-0.02390450047288808,-0.11575218039150081,-0.014384339857277799,-0.017925473174567483
2005-06,-0.02203240719575216,0.007602360197738,0.020496253124503264,-0.06586605204408282,0.03367465033900776,0.10771054513956962,0.05149621640828637,0.042070966618115734,0.06989323773804756,-0.1413007670876899,0.0712459276924073,-0.035219523090274055,-0.0005678807755906342,0.03881073169807641,0.036452947564490044,-0.028476462209377815,0.049660527745752074,0.02131691037151539
2005-07,0.052070560345465526,0.05192426558797366,0.1707280408554625,0.22441167795081343,0.0017492655023231053,0.007830122292315845,0.012449721105484087,0.044465908646997045,-0.049868217709090196,-0.11601492783844301,0.028975195989442603,-0.03424862998709351,0.10983016341382085,-0.009493354669750202,0.01779300129753684,0.17676967429449691,0.020574306451174525,-0.0025312285240978475
2005-08,-0.011928841798546173,-0.008349950058800274,0.05576421386110958,0.2187357617678651,0.0029561787778775886,-0.029108960665836514,0.015147040055170131,0.02374666793734781,-0.060431308600243046,0.12259664896514963,-0.007416937913908834,-0.01953685703569788,0.15628633757883845,-0.04306389343349438,-0.007863569650717283,0.03285236532080434,0.030038568843065078,0.062059763864488963
2005-09,-0.01593539993096999,0.0718656893376152,0.2224696648216831,0.1590565671812594,-0.007531278992809203,-0.04318300226007402,0.028347846480911872,0.013566499456050702,-0.011427046944557527,-0.09746012496703796,-0.012385858488429454,-0.03341275652103056,-0.017157986060667235,0.00017698208423368457,0.002444688491062914,0.17635781782641782,0.0011811555131087733,0.062479280414114824
2005-10,-0.0811224337493189,-0.006276166899858409,-0.0007003420326926978,-0.04877540167922464,-0.025688565418525284,-0.09529499030520132,-0.030050591189122833,-0.08492867959251577,-0.06697539535755452,-0.16421468274648038,-0.07031938466671685,-0.11429960709828231,0.009475738570603735,-0.006318189530574229,-0.026399981564137785,0.041258919649827676,-0.0799743976210955,-0.09696790985517086
2005-11,0.02795442469704281,0.006946869674738322,0.157890100800557,0.3292361591162248,0.014834907129011216,-0.009721019416308822,-0.0054433486442468,-0.023966390887234026,0.005011167666518189,-0.05857716573033984,0.140630974232544,-0.046001378823264466,0.1335255781295382,0.003649070159759122,0.004010503316966587,0.21379634732758085,-0.055148740698799915,0.04262498150929192
2005-12,-0.016122412855580498,-0.043274796093697464,0.07206700405637781,0.12086735563576934,-0.018372829854877638,0.04570494475045997,0.01634888489103699,-0.04732134972034387,0.014358628644390912,0.15181568333414638,-0.035455940640912814,-0.06977617307848025,0.16313239518137113,-0.017997731176399145,-0.019739828091415623,0.05002919727363526,-0.019217132272313368,-0.031918230607532225
2006-01,0.024449532481881947,-0.031507374637086936,0.06850991936392395,0.36052179935752554,0.02359268190706932,0.036227124365189226,0.03948635481802086,-0.001064304914109431,0.07871063748374318,0.15160468028149188,0.12814816930446787,-0.04514516652985595,0.23032296472709335,0.009768406803050368,0.0002934526830102626,0.16869499884536612,-0.014444111119002064,-0.023305679056503513
2006-02,-0.21575284841492398,0.02154032878621063,0.11618780862699135,-0.05056772235812429,-0.003930809867308392,0.046098101386771693,-0.01002461741691267,-0.020961014743002958,-0.0092043428441084,-0.07536626273773846,0.07423437714463905,-0.01696525593994488,0.05652275039770506,-0.00982018434284869,0.0122083068170002,-0.03094419056676235,-0.03350934762199642,0.018132031130557738
2006-03,-0.10910779198186536,-0.051942746865576844,0.1916947232026673,0.32234775469087745,-0.035780183285044835,-0.04605862365152129,-0.03964377899215721,-0.034043186415105675,0.006935181599761669,0.10859969876387114,-0.037941254911081294,-0.058205593136558056,-0.2367221366757284,-0.034187721950292946,-0.03561061735290644,0.10945890197130104,-0.017780463405227872,0.021456273959364305
2006-04,-0.003090877977301276,-0.085189643061592,0.08620875798922474,-0.03409664447861641,0.010001750559303219,0.006087200260338897,0.09520188835278631,-0.012015604106180994,0.15072466856332542,-0.04992325369076822,0.05049221997432398,-0.02739966886284345,0.09589957048415938,-0.06462149044697857,0.010067416662670985,-0.08667318097480897,0.009915134507928703,0.06828451719550516
2006-05,-0.028035814019490807,-0.11869195660358489,0.17175517970628573,-0.11184403552894931,-0.009624091991791432,-0.15280274994857546,-0.02584299041003877,-0.011805998156662082,-0.09896060917691857,0.18925618490747007,0.0016121496636041653,-0.02063318113419968,-0.3601773290922654,-0.03072918586478219,0.027584795188338444,-0.06424620153097937,-0.03754016592330156,-0.008077662429121163
2006-06,0.02704814601158541,-0.08713419453869724,0.1693710216335097,0.06088793836751875,-0.0695370642794226,-0.06575945161999418,-0.046090882558248475,0.005748654214133547,-0.01874255077930081,-0.1252835265445057,0.04863819928732603,-0.042474143134833796,0.20855342076380132,-0.028979373926451887,0.012722838253712102,0.0736592949287182,-0.022144575054416315,0.12054641059856755
2006-07,-0.11854160030126172,-0.06075143976814555,-0.11626136589029033,0.009112077025772275,0.03473224875958311,0.0082123684112809,0.02865000685687205,-0.018419876073904606,-0.052908495870191835,-0.09980300248687453,0.07555486498354234,-0.02264282168760863,0.0016869692234908658,0.028323110477131028,0.03360041501192993,0.038770781754214015,0.037284532707512794,0.11132369657275104
2006-08,-0.18295262970034176,-0.04972427952596103,0.20128306829000892,0.16070768032514243,-0.02209257636789746,-0.04957073190617003,-0.020294521623222577,0.00928547416486973,-0.02496500700186991,-0.09053351660914946,0.0076735229377623785,-0.06934718137067915,0.037112676054264486,-0.011167373274990525,-0.012066532122443088,0.12287250491761988,-0.014627190434526306,-0.0009819218065662627
2006-09,-0.1809624451429439,-0.09058761250454185,0.07464559249733362,0.08558227390731471,-0.029588425671434732,-0.029897359888194343,-0.030199704667632023,-0.08172623204885165,-0.14585849852240856,-0.06453933812447453,0.020908989443810318,-0.11492126457619899,0.21527060207711515,0.009011035368511456,0.006451015346377846,0.11321063841855349,-0.07372431913172005,0.015357440965701118
2006-10,-0.1034570903257625,-0.10739033750234732,0.057898656609789954,0.1335468379325517,-0.0004285469576921772,-0.03671154585833452,-0.016331739232574374,-0.013530031222749542,-0.1218628263098368,-0.04411486507431161,0.08816881966882811,-0.052580513090368056,-0.05270809755639367,-0.04632123131445517,-0.0067737419365970115,0.15794138599881155,-0.036514596006014755,0.061900216065739595
2006-11,0.00804791450043518,-0.07210199476356091,0.036060952242424255,0.096181658056139,0.05483579049629397,-0.004691276457808903,-0.01957220892222224,0.018003238612787315,-0.020476616432789065,0.04400756171320569,0.03395049513288544,-0.058114516578544925,0.0697446065676534,-0.05645371274076183,0.015426506010911249,0.05635637395782308,0.0005233590614142113,-0.01779299153907541
2006-12,0.009855474759514161,-0.11047441321508604,0.02038926940451655,0.1751087128715883,0.01942865558886001,-0.06349192564055173,-0.034341537408343295,0.004678958279104546,-0.07021838801964012,-0.1346566159230565,0.08066282034656985,0.03298769599900945,0.15739464009017334,-0.0031645367139408304,0.024896905253379797,0.12667146159562542,0.03140159404996733,-0.06702096694731624
2007-01,-0.061120003475256014,0.05487326256474212,-0.045694164617572454,-0.13998314237838877,-0.012110162801917096,-0.10584702684377777,-0.01831317235536024,0.07314904026004548,-0.09940099174270854,0.02362115273825538,0.09791940602742696,-0.05505667620741434,0.21362560304047346,-0.0247307370530044,0.02187724192950326,-0.14442667416411725,-0.04080638564817383,0.038009733298962574
2007-02,-0.02096613617209201,-0.138634176325065,0.13927697082565402,0.03923622647624717,-0.06736020389403742,-0.10111546105852973,-0.0668521233810169,-0.12282421144983649,-0.11696689980315429,0.026653926181275357,-0.006237482882552159,-0.03751818223059671,-0.03370831037741826,-0.031524542526370485,-0.0070276788006299745,-0.15815581373847368,-0.03922948555963714,0.06726049599180038
2007-03,-0.0034601932629696403,-0.15236590849922907,0.06864648040564703,0.19570068477309152,-0.04226191670408715,-0.017519398827452525,-0.020985837119744718,-0.05257889906016849,0.10392014837890065,-0.12038346594778501,0.2868231182666344,-0.06877813143876613,-0.1245890205608184,0.008968204789904411,-0.006623078405936804,0.3247605053180459,-0.03160667971909362,0.02607351103547909
2007-04,0.03948447747601465,-0.12465249844148552,0.05412660838894637,-0.057999014373771245,-0.02295301505801715,-0.07201038195868803,-0.04698812212026283,-0.1101115936073912,-0.13200527632891654,0.012017168097154812,-0.09669223091467621,-0.06356889420243156,-0.05061540419746745,0.0162018059794331,0.02581150612423352,0.027784768205111294,-0.09296066649794392,0.0013623596703317836
2007-05,-0.0413733692664171,-0.09292601707260688,-0.06028995174821845,-0.005234388965122321,-0.04367064490058253,-0.009627055032367023,-0.04439395838100964,-0.038746312133169064,0.003635536297756325,-0.08085690663569764,0.09485505540885532,-0.10365481054581503,0.19290757251285073,-0.06633007857546007,0.002141717047908715,-0.06730965299361158,-0.09953938548143279,0.0016032316673400908
2007-06,0.04732021462646497,-0.057004127093212016,-0.006001667166903116,0.06964728909588214,-0.05206652583706335,-0.010149904715338094,-0.017727985266189784,0.04229156826376468,0.09898452887204859,-0.041930707354478465,0.04454757689009775,-0.04878184585891031,-0.10242332446031799,-0.0540536714114638,-0.015307256172229406,0.31854216473857067,-0.13883886024003356,0.08165090653584604
2007-07,0.16350396847928944,-0.1332250110264919,-0.07957891245667029,0.14217486749772448,0.08155315400724616,0.07686402308998323,-0.07244082370623649,0.11603424209552318,0.12372558819386481,0.050331125487994406,0.03791661275076464,-0.014911361781394026,-0.12875153478909382,0.10820514325601871,0.041192585757431684,0.44516965302387673,-0.1733319996418285,0.09494363329523928
2007-08,-0.10774010363581403,-0.11011900165831462,-0.18962787756036403,-0.11410615834621272,-0.09202379589641367,-0.00309218754479093,-0.0786797952787656,-0.06304631510264103,-0.12693337666038154,-0.15516576064820944,-0.19150829272678596,0.014719538355126864,-0.06901572120414784,-0.020201810667056994,-0.03368491869870042,-0.14295760062196539,-0.06457781915817414,0.019866723827325104
2007-09,0.07843041347820207,-0.15870584631801712,0.14740026456785002,0.08277787899212655,0.02900102192629672,0.06847338471591916,0.16768424548223743,0.040479462259650385,0.07061482696721846,0.04718356954645618,-0.06949975198134516,-0.03993776869734507,-0.03025505469782974,0.015065238405314478,-0.012652117427445432,0.04330545937731531,-0.11540481341712899,0.09638943786810403
2007-10,-0.031134014704892087,-0.2717681546763096,-0.060638613818184806,0.06574608122096073,0.07564899531954165,0.02341861493548577,0.12728634584106988,0.13400798951630127,-0.1762219628059164,-0.04928117333123646,-0.17316831839847746,-0.03706450257954703,-0.1764435879191158,0.11272767831744979,0.015241171200481858,-0.03556205179187346,-0.07680476552562455,0.23427692828457347
2007-11,0.10341326980384341,0.06996880410435592,0.03332667450269616,-0.007884098346024163,-0.018727711842469345,0.14509670179361484,0.08243366936439675,0.14092937708248227,-0.1422849418085106,-0.0904426404404972,-0.02677847384619748,0.0356630839519699,0.015405073564437807,0.18659619609246833,-0.016414596570482446,0.03183110401775801,0.05269484618876752,0.1156564464961341
2007-12,0.17313753289657086,-0.15123832885852176,0.0529967110587812,-0.12254463481209268,0.21768349865037082,0.048770602109131866,0.038381016231576255,-0.020634127826407347,-0.060794639224044746,-0.07890711682451745,-0.09132429273868066,0.012828800531852078,0.11571294756919857,-0.05404802678054694,-7.963176449829358e-05,-0.18260417433762888,0.07215886623248843,-0.055575348632599414
2008-01,-0.05964150060105747,0.12612829012697171,-0.1713190417869473,-0.28734585559424486,-0.01255532820254556,0.08122772234310836,-0.06619011720318413,0.11684519319286456,0.05529828375781881,-0.10948357540391897,-0.20324342841074414,0.25852608710979674,-0.25610185686922,0.0,-0.04935998709166208,-0.19292905194912974,0.16479035533384348,0.02547738928517684
2008-02,-0.12410593625125114,-0.0899903236433987,0.014708127296401792,0.05521546849107276,-0.1274991694988288,-0.049754444026386395,-0.13781991910600683,-0.16593189852038373,-0.09730791166476258,0.1266013298391062,-0.015704120236972787,0.029549066798662208,-0.20237007496733944,0.0,-0.012223856211561608,0.1246016654319541,-0.05045897565906589,0.09282490104406516
2008-03,0.07866696165200977,0.08814654014383885,-0.2010475175810893,-0.10585163887677783,-0.09628574498414712,-0.002470406262087532,-0.07753565487050904,-0.03985394208685144,-0.21707572308412626,0.18072102977612317,-0.0865327150958575,0.17452162152836567,-0.1744453246247753,0.0,0.01949034592537359,-0.04050823841658513,0.18098219851475975,-0.022345148065971886
2008-04,0.050395663498379505,-0.07864838078676918,-0.08868110580257463,0.10712084532891247,0.0418385145478179,0.11816945969685141,-0.043840352216769435,-0.09212860837949852,0.011959566347538631,0.136232227297417,-0.004178478846744899,0.04492458417375661,-0.1745514488729425,0.0,0.010033317724668376,0.09111038822183538,-0.1093579883934085,-0.0037111645294993913
2008-05,0.02307551248305115,-0.1716882159415682,-0.17094565924659197,-0.20240547379171378,-0.059633744960464634,-0.1684679211804525,-0.014602889701905396,-0.019194994928481843,-0.08336458165276127,0.009654635503627246,-0.13573093564648114,0.12843944508362728,-0.22649059782495573,-0.06957989438668728,-0.03308879454768741,-0.20223635749018004,-0.03459454423135414,-0.1853530592871728
2008-06,0.01444753379920776,0.17422388630388183,-0.07753224624347514,-0.024124205258859426,0.284786953829277,-0.03973566225621786,-0.02681276578935704,-0.07575203682503279,-0.010645065712293922,-0.2324181020633287,0.06773252199347772,0.0628677473030763,0.003604398244667708,0.03905117656780305,-0.024060335895685108,-0.019002234863751567,0.1536152460683558,0.018891004805563934
2008-07,0.07947136811033177,0.008422845241083369,0.005055345085208531,-0.20310476277326578,-0.1358937357242463,-0.006846049444741067,0.10471022163497277,0.015318495372595125,0.03513737117162982,-0.0773629848371427,-0.22294346449076535,0.007190021816492453,0.005519089337869818,-0.03368499568600146,0.02827183791453799,0.15096857392357788,0.058889499535582646,0.021820180232589487
2008-08,0.08173045934466724,-0.06815468597406099,0.17171520622189348,-0.09499083366956124,-0.03628595633096552,-0.09571923566509093,0.007842364597606026,-0.055132951596461345,-0.0934211163255394,0.05303064161905684,-0.0448508629182649,-0.01823207484425687,0.06645133564698344,-0.015351672855164587,0.02965585558415396,-0.09606192283032086,0.009694582989097006,-0.18322027515220354
2008-09,-0.09386793791284316,0.20771980502780005,-0.362861582261639,-0.0499218197296338,0.13380396222161264,-0.2758199029994864,-0.06642059167162255,-0.17326325158257608,-0.19351067501439576,-0.3671246033279285,-0.1406255609860318,0.10920339049407862,0.002278796875151768,0.00012907290665512217,0.11243590078564179,-0.10002701222586932,0.1630701183108207,0.1318208779550719
2008-10,-0.08593990591283765,-0.05994180455863628,0.08029870714874518,-0.00020895622173391822,-0.2621911574962797,-0.08357168395285723,-0.009389323051695661,-0.1467325177411961,-0.6414438901057812,-0.6491318272835895,0.06156506105336599,0.0050991113501020905,-0.14729994458830498,-0.2899761638646451,-0.09116581671099308,0.08625866887026691,0.08059763030322271,0.0020487129342875404
2008-11,-0.03069826378903179,0.1571803087589667,0.0744716927783979,0.27140173274127244,0.0514569570538015,-0.015193384728741747,0.06242823308975502,0.03790874093426862,-0.29593110222243324,0.05334998913821543,-0.25975631201628835,0.14849018352855456,0.2553393398793737,0.21038868248602158,-0.010377207647203412,0.2417821663027445,0.15097987200742302,-0.1057253313336728
2008-12,-0.06351803262456966,-0.176898246431907,0.03922698142537367,-0.01893201895547308,-0.1313046789805181,0.05298459549693411,-0.016483351564292908,0.1383541157688949,0.6025402004059441,0.7081501945202322,0.03567651891494648,-0.06337644169641424,-0.10983807558481364,-0.10512960993981647,-0.08871026390312528,0.04763758761639788,-0.054779068179126846,0.08546623363074786
2009-01,-0.031118532755947986,0.07399471384253434,-0.013934636210584099,-0.05499795171374348,-0.15516552298548392,-0.06539380656534839,0.1719130783309007,-0.029450991692159586,0.026374548378883422,0.1428730014785981,-0.029150473738331583,-0.07487974105114134,-0.06873772506354327,0.037933796441404176,-0.1534638204108172,-0.0708278386107262,-0.022534289946915455,-0.12528496196711247
2009-02,-0.13731210156802381,0.05827596353353312,0.08722930981714266,-0.05622844331847006,-0.11358622562464084,0.04488630593417853,-0.08971611448664603,-0.03980786985916732,-0.11039842622141376,-0.12211426478138623,0.010712324182973668,0.15606638472362797,-0.1551424840012891,-0.012407772415240834,0.054089235690721785,-0.02951870654118627,0.06295537338705828,-0.06343761028622745
2009-03,0.2792653997996648,0.049886816483766964,0.08249950768355131,0.27744346845431883,0.0023014493590156272,0.1250620459781815,0.03683850039662835,-0.03997658938759117,-0.04242940117876759,-0.10369307407750297,0.06329497486454676,-0.06470443310372569,-0.18810707666953028,0.07321717832256029,-0.12202298075662202,-0.049689812093432845,0.04267591648603309,-0.10729723949914045
2009-04,0.5017781903186582,-0.08010775805164817,-0.064864451376743,0.3078478293970955,0.05346045736853265,0.1477087110002691,0.17331712579546255,0.1059856772989209,0.2468851162806043,0.2556191723715893,0.07108197548710869,0.015461806209834207,-0.05062690170783927,0.20822715222634422,0.11427882586187764,0.04076652137789839,0.025889772465303287,-0.03649307652735426
2009-05,0.25991404665181983,0.0037510154096176357,0.12036296483938026,0.25722678033154256,0.23514467075233295,0.2975556227035593,-0.015545684339352165,0.05476848710017237,0.45664038714502003,0.26668738095193534,0.3362181430986673,-0.022662817157915932,0.07318861781480379,0.14461507284174027,0.1929545929082269,0.17840314598846568,0.01491746809026923,0.16871900646867294
2009-06,0.0006886250521749795,-0.12264613748323132,-0.1310767229907906,-0.08697465785209843,-0.004759687890898131,0.08871080845788251,-0.09903326430199216,-0.15472923831971594,-0.1755191764476375,-0.22239198100910243,-0.09352357084724412,0.0029118307636454115,-0.009149943453348863,0.05524971369943939,-0.05940087535240185,-0.04629149747866794,0.009404612068292628,0.01546837042523083
2009-07,-0.08963150963916003,-0.05073551235571659,0.09698021607019545,0.0546905465947592,0.09898563481229213,0.053843165862257535,0.1115705934908825,0.0037542124282338913,0.30584227564754984,-0.1282719316043277,0.18352717051464915,-0.002663153740005989,0.024894676587275486,0.020057501991122856,0.055769559900576304,-0.022032120919299163,-0.0467139032007609,-0.08040623238611469
2009-08,-0.22774913841755295,-0.031206800807513545,-0.12115863970852904,-0.2037515991383122,-0.12333250125977653,-0.15905775413486098,-0.12191956956215994,-0.13524697434949756,-0.03591766001114591,-0.18917109244209068,-0.10543070027403709,-0.0239941448611151,-0.015407978557824161,-0.049405776712626075,-0.08880725898069024,-0.22120924282386623,0.015146942905356177,-0.065060168797835
2009-09,0.12665811087386403,-0.019533879873598368,-0.050322615725498135,0.030139279038094068,-0.01207261750953926,0.08850231918224835,0.13966622205749707,0.08116042760504572,0.011868466126592215,0.34410580940157975,0.23123861480619057,0.022248207542400218,0.06808155561020943,0.23331598049433172,0.06542955559337643,0.053940532490456,-0.00717416924611267,0.006020361453742457
2009-10,0.006929378224623322,-0.0417434623639995,0.004175286955551391,0.014410131678353469,-0.0461816963884261,0.09740562430383112,0.06992507397334449,0.015537377341672244,-0.008771711640085,-0.14479288504053858,-0.06909468028332348,-0.019901134157926992,0.10280147447307274,-0.014613850083785782,0.06260764592863097,-0.06563244002001001,-0.049921950433651004,-0.006340661760399872
2009-11,-0.06031065316774925,0.001755139589603906,0.028822359827417123,-0.09122542423295871,-0.013688363826880887,0.01866009999513231,-0.04376972602481835,-0.0396037370642931,-0.014228695619740819,-0.10072855004866119,-0.14244012064893444,0.006707180695452407,0.07512245580151888,-0.04119964016720683,-0.004215438563210391,-0.05758840696667768,-0.03179179295512753,-0.040415781208973746
2009-12,-0.0010806766531690226,0.041833454484006195,-0.032828507733310565,-0.07161134623630101,-0.007802163844429772,0.1307816620455381,0.08654467126416115,0.09108218158866278,-0.06358714211664926,-0.1292324901423726,0.10338837083729258,-0.012399120064173333,-0.06841607375899472,0.01775067442777334,0.021880806488104358,-0.011205047517327218,-0.05421386046678148,-0.04153786041088779
2010-01,-0.0682745453813287,-0.03687566941100843,-0.10849412408733469,-0.1323253462592446,-0.043941219235250614,-0.03866033600528396,-0.0046865560936436455,-0.044394678070572235,-0.15690676275247523,-0.13322930660045748,-0.06548757123577473,-0.02427059360620018,-0.12269886591403131,-0.08752438361058791,0.014545739574066017,-0.07353160647552083,-0.03623630517537925,0.03768513061044588
2010-02,-0.0026106970674549808,-0.048376487041513434,-0.049132583335300094,0.08908018238966464,-0.002532781254988284,0.0032979533171515,0.03438501841020047,0.05451645221534555,0.034101767798083965,-0.030032785879460455,0.02458451671879024,-0.0007597846660205763,-0.02077793771143067,0.017791063376488992,0.05634051341901715,0.05693377878596555,-0.030356608608908126,0.047408201441842775
2010-03,-0.031056961447597453,-0.05645606691961846,-0.017267357218842354,-0.027248349987520428,-0.0590610628710254,-0.0006770299529542577,-0.038597504603543074,-0.022411933538560875,0.037373421821515325,0.1031957785277645,-0.025023526550123232,-0.027295606663582446,-0.0040517938583837804,0.012759931824760777,0.00757034672072345,0.051847296132649205,-0.038917094194251996,-0.057954079556366694
2010-04,-0.1274352201814121,-0.031233344069497616,-0.03833006380639648,-0.1520071803126109,-0.04067162380122563,-0.051442982749146465,-0.06383260915119449,-0.0047954200130866514,-0.06564879770393746,-0.06864239302556081,0.0008453421518548061,-0.06047104686798818,0.02507684395821676,-0.054736284500589066,0.010957376802348075,-0.14762625898378792,-0.0067323731648484195,0.012657820451215223
2010-05,0.0786038104540723,0.006411630097480883,0.030857592558684258,0.09885171396800208,0.049554644039672524,0.1247950225979021,-0.015150074710156928,-0.01743935859482298,-0.053836977539638765,0.03053613800437517,0.03974228389505567,0.005930288175117362,-0.0005927890453076797,0.012713075138864084,-0.07414508102059178,-0.007238876697710741,0.00274388933472162,0.02967806101706571
2010-06,0.031023924771090613,0.02084809524732937,0.09504432018258516,0.0006724146552315987,-0.01491257975075936,0.06849614700941072,0.02717810642369096,-0.041873071801623495,0.011098516345199297,0.2012650361646171,0.07091178819131663,0.01631957712240679,0.02421490131925691,0.08717421196327617,0.02535346294802232,-0.05265505671987411,-0.006226592522957677,0.004697754307133654
2010-07,0.01743340710979427,-0.025906837389107682,0.05154041952613275,0.031009780483093403,0.012157540960265457,-0.0036794199060609374,0.012593406938524244,0.031792499617274116,0.08406589971312782,0.09889982312597172,0.009424210733369569,0.012520564629869984,0.04350802869285949,0.033649788806226266,0.050428354583513614,0.09150729441448405,0.0553802734694122,-0.04984542270714962
2010-08,-0.04795095731086392,-0.013213654228475098,-0.011525492698076385,-0.10398597922088351,-0.033600352768663924,-0.015192170406998416,-0.07484675130038738,0.023044801177352792,0.00504043012282142,0.12475867985194151,0.10803057088867757,0.0016828830494609774,-0.05488500157240215,-0.03503665896650215,0.004772844190543171,0.01901350217668557,0.010665182010095694,0.010204252562337729
2010-09,-0.045090849477342584,-0.06419991890451707,0.05420947482555381,0.019714268839472162,0.042711942961692964,0.09205721236038109,0.10224144091560855,0.06157517256236822,0.03565166425386852,0.021822760959012366,0.01675398640730275,0.00020521466766423038,0.08574142713818128,-0.02878704475480825,0.004954345557884551,-0.06551450538237916,0.046019253804379816,-0.021900482947362628
2010-10,-0.07145703730167653,0.008807839137959853,-0.04893386602967194,0.01638461185454901,-0.053511560387896395,-0.061566972674693986,-0.028164529634549563,-0.006612696204828018,0.08894445066001418,0.029671631743760005,-0.10126230265442727,-0.053684922589746074,-0.037854216342756174,-0.10058101999766066,0.012620217158358506,-0.0007525089205202004,0.03309749639827916,-0.07387615724868254
2010-11,0.052545173403482616,-0.05032203080576689,-0.1778416920391616,-0.0927371674227878,0.06548080254446473,0.004839463992156287,0.044517185410566484,0.028567163776970474,-0.030318820661130067,-0.02580130647107615,-0.08968720386774208,-0.035987191274496275,-0.09642556792965806,-0.026462859845705417,0.02511301428613145,-0.10288927970563079,-0.03775999625415255,-0.06396222263811199
2010-12,0.011490552944430927,-0.028758773708776116,-0.15935912767877242,-0.016551648585658014,-0.01313058458744529,0.03547565640528293,-0.07439490089643873,0.06089571746825147,0.12794713922609943,-0.03759551609227315,-0.0646558207543172,-0.014825316499734934,-0.015319101085415315,-0.05685955744147806,0.013539177323471471,-0.038720231414001285,0.005525587565715814,-0.08443672407204036
2011-01,-0.11190873147051451,0.001408512963770325,-0.1350702504858587,-0.007427919943681823,-0.04302511389446818,-0.017146407407333364,0.037825623701569014,0.09135166100350314,0.033994929060682896,0.2746525387624496,-0.042261131127556514,-0.021484997010449133,-0.07469232802416367,-0.02092816204578749,0.018525110085951414,-0.041359422628890544,0.014326994111967339,-0.024199167326130592
2011-02,0.02272963025035133,0.06571241685953565,-0.10527297569814827,-0.029531771864018373,-0.014252654738684862,-0.042056300917584555,0.025279137691642094,-0.07071689071101767,0.016092344063521405,-0.16299202380344077,-0.07734914809424298,0.0042059120880866925,-0.1798986088425832,-0.029519767691156492,0.03210468383978473,-0.0635576450718819,0.032848879281377606,-0.0755074376802498
2011-03,-0.04673502710189175,-0.08679251698536176,-0.13003635656080892,0.09021237870713075,-0.045177996343644,0.12347656907619671,-0.02884546784809402,-0.04525437572675677,0.11325352925510362,0.14096010014523722,0.07438751490710116,0.0029542994023279818,0.08346017998304588,0.04277430627976461,0.04188927557528913,0.1187197253286124,0.08848825815462863,-0.02850014143748947
2011-04,-0.003895501149160444,0.0219388869884249,-0.02102515464607958,-0.13581117816610602,-0.030569043071113702,-0.05882059352099147,-0.05121389608109714,-0.01725631308127683,0.06431967050726442,0.17404016659717805,-0.07150372666551393,0.008804763506048231,0.11570423800247957,0.02340980871788503,0.02594847343718603,-0.13250698243724568,0.08125529624813882,-0.04725904141085684
2011-05,-0.025876167686385704,0.0033320487459749812,0.028589496865614357,-0.00736317560389552,0.013283361843616224,-0.023318493413421237,0.009350035193880188,0.025101424403428035,0.028831799638928134,0.14850416452493745,-0.012031057378531334,0.03700196357531176,0.1159391285540893,0.04244016336082086,0.05165567671082275,0.11559629769886963,0.023142926818249972,-0.02707143259613167
2011-06,0.014049262812090398,0.02451860026012168,0.1068136795939759,-0.013842781043921153,-0.022692818350609736,-0.03948938757003397,-0.06346487983686384,-0.07222567055166625,-0.08171009788326047,-0.08041321778619615,-0.0013007965815567534,0.03814194329918248,0.036977384255008565,-0.02421799015093753,0.009764230866019262,-0.0026968225276401527,0.09051895905019203,-0.04079678031890886
2011-07,-0.03769881949625372,0.17887942494348297,-0.0716917076956508,0.09962061703907873,-0.019830179076588045,0.012949104885435202,0.020869368902734213,-0.011086477598784021,-0.10423388666677687,0.1294673164898868,0.013042442210113636,0.05432849718574887,-0.01666897213376799,0.1299209904586707,0.017127285587315542,0.0672938724498675,0.09065552175050753,0.06722615741889909
2011-08,0.024265399030117603,0.18558309595253505,0.06340817411410199,-0.05053762683718422,0.03325322383004591,0.12622153703424202,-0.011682095465629287,0.030066531587505798,-0.001089982042787995,-0.05271509634350096,-0.01960580840781123,0.039179590117021885,-0.07734790300836876,-0.028039232262590863,0.0274959293894032,-0.05769012430891464,0.04667432807027115,-0.03129292244041069
2011-09,-0.23447049687064248,-0.01467715605005648,-0.041999102591425114,-0.2391532389262463,-0.22136501366386874,-0.12322129262875882,-0.1348227995665172,-0.15531388148585829,-0.24142169346470788,-0.311579925661427,-0.013213945429476614,0.008020951519220082,-0.1448844613694749,-0.06063636127958843,-0.01524270480411058,-0.22996819655186487,0.012573498645688434,0.012078579189407319
2011-10,0.18150931773827653,-0.19239634375605066,0.06723081129345888,0.16640095902988344,0.015802556661813114,0.2777486351751485,0.15643515399838054,0.09999750120344496,0.14642598378179722,0.10721770484983355,0.07666420858696747,0.021396146152346585,-0.11245234148003191,-0.005227916606398566,0.030312890404889724,-0.005115893676240596,-0.022793155605138053,-0.12317110652104218
2011-11,-0.1962544547920843,-0.03101392920968222,0.01745448629209298,0.13288924123407142,-0.0947593528672411,0.01293310997528829,-0.09911998719825994,-0.011094767716622572,0.09718429012775871,0.0017408424125035227,0.017692476955492243,-0.005007841896457027,-0.06729313147261914,0.009076077768978098,-0.0412184062152629,0.013780023070502365,-0.04231017354417845,-0.038740908510598054
2011-12,-0.033571639135992114,0.010363138135941481,-0.04662886543626122,0.1049271897022508,-0.03191553532338873,0.13620877995837954,-0.001817486928146715,0.08606726359513045,0.1293727062469665,-0.06608754931721589,-0.04153939898549408,0.007997044428289829,-0.02798831898875459,-0.032458038586227124,0.029830708709052158,-0.04753596215297627,0.013355450078142582,-0.018119852545431483
2012-01,0.0694844257331526,-0.06467179953045758,-0.12288350286688585,0.09095209363413767,-0.0034460478459618707,0.01248394580187828,0.008716651116589886,0.061069641814867286,0.04240098231189897,0.14438697499087888,-0.04494494124750063,-0.05346638549034829,-0.04724366363783556,-0.015392219673183194,0.02035858307100696,0.05806540840923434,-0.0351484090523432,-0.004366192858939983
2012-02,-0.01595072167665075,0.013810844915689102,-0.044484655869768935,0.05508393378966224,-0.017498817876400334,0.1009069697863821,-0.027069172735645155,0.10423625496383071,-0.014130184181796276,0.08196411464833854,0.09844463971067058,0.0720158745802938,-0.06506412224858452,0.07311757567821495,0.04984144525191372,-0.003272535451825327,0.04879290671739612,0.03823707115399721
2012-03,-0.1239421693317211,0.0303455788934464,0.20782736356708312,-0.2040802097603186,-0.08696633576460057,-0.00902181780797728,-0.10427989190663585,-0.06937323679191507,-0.09359352008532021,-0.019394066306824755,0.04475709488526674,0.003946992725541689,-0.14018799529074924,-0.07863253149758578,0.011546363038517556,-0.09200343878940617,-0.024678917780820285,-0.0002322960989197388
2012-04,-0.10164849308663566,-0.05753265343149919,-0.0503952615556045,0.13345709158473334,-0.016103588719834683,0.0497884940749979,-0.0020302934070123356,0.019049582629571515,-0.014067191900475435,0.10710336645759157,0.0704980561577434,-0.05501301002514524,-0.13953695587076223,-0.023030160883601204,0.032221094877066245,0.09781114288755749,-0.007861397214998655,-0.0004476812587590178
2012-05,-0.14439765440988162,-0.06093703033895284,-0.03039114759145324,0.09618309990426843,-0.07191182463920441,-0.0009512170775695529,-0.029097950900504824,-0.040801490010255605,0.08822778749335035,-0.11732449458521323,-0.036895918443290786,-0.08031195966694303,-0.16514029310422693,-0.07076214074679212,-0.023549537923516172,-0.014324108448563966,-0.04998960534117415,-0.04417996810480574
2012-06,0.04082282269929172,0.06598267687961304,0.022763230345544387,0.08564934192601915,0.02188975694993799,0.11404405024110488,-0.010473883170719348,-0.050972049819857236,-0.09342258450951725,-0.03721326736575468,-0.1316759655307801,0.010882664987235198,-0.07001957034668453,-0.0091662769607016,0.05241992454163488,0.0503226116352523,0.019824367034492387,0.022682341342247406
2012-07,0.09629263526309503,-0.008719441496058267,-0.09348765218647631,-0.03229714198543679,0.004077207706274577,0.06971586552148967,0.08873542598118851,0.11308212141112481,-0.09771509085133015,-0.00342549227004448,-0.10794430397359393,0.02285680895179506,-0.12360520289016265,0.08442758873763131,-0.05456283102834548,-0.02002936490472017,0.04540339374292232,-0.035184066658627784
2012-08,-0.020335623049035582,-0.010428702294654079,0.031848307051423226,-0.08226383611536245,0.006518766739329036,0.08089160979432279,0.030686827457622426,0.03178544601512678,-0.19206958088433831,0.11485874768202246,0.02940639737669912,-0.004509025591129327,0.0638487549208018,0.021619712342778215,0.011821254568495863,-0.07277427653588882,0.04556245399296994,-0.07528799762701978
2012-09,0.03055071367934179,-0.018098827283020456,-0.04737824966155531,0.1571544162203169,0.014104078979657675,0.07439474705156188,0.05355270866123594,0.031544553765575384,-0.09127179393937604,0.19322492010807432,0.06662263684924573,0.047688483071317705,-0.02641034242578885,0.07195337171061918,0.04348986466400776,0.0908020730581317,0.06920324687108281,0.06162989687864698
2012-10,-0.001542352757733949,-0.08754642907164897,-0.05375653540987352,0.10017258431912875,-0.015780534774869483,-0.006140391188665072,0.01283451869733518,0.059131994769306764,-0.015235091118616477,0.024112728423571848,-0.02307608221085025,0.00926367425801396,-0.00885069601448858,0.012951487249157012,0.038867126739836645,0.036754623311754095,0.02998000117899298,0.010493629337910844
2012-11,0.014871204201926764,0.03628719983055898,-0.03036646256818723,0.10461929318813559,-0.06673376028586336,0.021555677991181472,0.045388500968109716,0.0039263805550469,-0.053960324176919774,0.0868057235421304,0.054788341412480915,0.02119684071222574,-0.045545355377804735,-0.09073294931227394,0.017997298217386597,0.08194755836340384,-0.007901187219264963,0.08276795145887351
2012-12,0.014846965705085001,-0.010536406599016454,-0.061989222364267106,-0.08477578217909565,-0.028929009448181626,-0.050021223808018156,-0.03339834575187581,0.007726467256880965,0.19690481643681024,-0.05242429305256194,-0.033306552279507656,0.002527084165025408,-0.07582685703707752,-0.004102499410216691,-0.01585885071415241,-0.03888528438055537,-0.05923345348984478,0.0072588540108980025
2013-01,-0.09524128322427214,-0.044499238604042736,0.03486582096621373,0.10120054849630199,0.05919973136303996,-0.013577119982994448,0.051863543714266935,0.05870792291285766,0.0002002183449474659,-0.03558159964571017,-0.025378751160989657,0.01855108290739031,-0.0207751628489947,0.05540425144460812,0.021129994812886712,-0.08040299413121742,-0.013746345439670883,-0.04408528263450229
2013-02,-0.10734764697918711,0.001727012353361985,-0.014115405332063088,0.00907938114800227,-0.0739268626544764,-0.05085750000985501,-0.037919834963387515,-0.0023080143547940003,0.001689969508358488,-0.07859008046324117,-0.10484439970671944,-0.01854336396003564,-0.06195402128231661,-0.022312591270986688,-0.014162543581242863,-0.017472581986088233,-0.04167704083418701,-0.03468690993054401
2013-03,-0.02655025600190769,0.02709855632120997,-0.02466389575076134,0.04074990884541686,-0.04443728993878298,-0.035164501329884225,-0.06614048773368887,-0.06393958365287586,-0.13113298350262742,-0.08146148259564753,-0.0523911241247278,0.017887071299690225,0.02976922535890717,0.01877037274708,0.058129513869418024,-0.010537758043188131,0.017246257617607147,-0.08700107093293291
2013-04,-0.01420446356860118,0.04264065250699683,-0.016917051674903795,0.02588419887300891,-0.04175003692846598,0.05434208189535238,0.10624537865044466,0.0008277108204515989,-0.09908901354469439,0.020691864968292225,0.17767310454919544,-0.05227451964014441,-0.10143433392029605,-0.020825554149784098,0.03014092997722367,0.026043659174818868,-0.02647081174907453,-0.03362739546335337
2013-05,-0.1367527225279185,-0.03937276194630985,0.07581472466745989,-0.08940125234432628,-0.07724693566059453,-0.0027507352977377093,-0.14119553647757072,-0.07272200714943715,-0.09079332082155675,0.1058743457636504,-0.06310220145863768,-0.020465169415811852,-0.13613154751761544,-0.05626820324320898,-0.057665033187886176,-0.051767600708913605,-0.1482032825599541,-0.03823274322938545
2013-06,0.2157544479236066,-0.06029867832452538,-0.08694596772952698,0.03683597747178778,-0.10255992120024034,0.05935505034962198,0.06246642410039777,-0.03562499853803308,-0.049607177910207474,-0.003587998968548943,0.11847831049905799,-0.015073748787631576,0.01143564090666245,0.024727559846762094,0.016591581207942675,-0.0261140310813142,0.03331927475454949,-0.05437755781767834
2013-07,-0.013326085126274808,0.019941375082743823,0.051314081198454584,-0.029552014711542257,-0.01775451791425629,0.08315062768253334,-0.006704824692063751,0.05659612407777334,0.04284714497603055,-0.017946480223726156,-0.07827770491461106,-0.04307296429065469,-0.028614687009067958,0.04924341989387664,0.013292394686104443,0.04065593501876816,-0.01802088145003865,0.04495069002678402
2013-08,-0.04949351086688725,-0.0060292959544177025,0.11040626593110527,0.06124129767132689,-0.017483580332497525,-0.02273998795080194,-0.03447363668679278,-0.06906118533509216,0.0675769249892445,0.14706097407809365,-0.04748328990388171,-0.047914761683339524,0.053035840975853676,-0.11068033060823086,-0.0158842504735223,0.10178081198241094,-0.028180627766981863,-0.01113684869264117
2013-09,-0.056171027049520456,-0.022032407267782505,0.07414673518496098,-0.10032225102222762,0.007272906653987572,0.006085325944773595,-0.05311001414696229,-0.00659879010640179,0.03751078322181788,0.113901126525896,-0.02891425548143569,-0.036247266197534385,-0.04174322566063119,-0.006380818656678581,0.03525261524891742,-0.12253088797773427,-0.022239674771457465,0.01891384376764082
2013-10,-0.09599312107842614,-0.06691313782289907,0.11655518836897731,0.04373064224983623,0.007869807314513977,-0.11672797145760755,-0.0579553911160275,0.014299029744807746,0.06329606687791364,0.01816461623144737,0.09039881655534729,-0.06263938518752468,0.04475888325414747,-0.0569582835665472,-0.03978941704083447,0.021479260604616687,-0.06974371698250804,-0.09875332824181288
2013-11,-0.0640889280794147,-0.1559372328938039,-0.017483310992900354,-0.046626370894000554,-0.03273877556159314,-0.09477040750430428,-0.05334760282364433,-0.10646357308036447,0.017750129220397065,-0.03373772179552674,0.039136869823274835,0.01107779559427958,0.0072896027499707895,-0.00970535738780239,-0.019640157675970254,-0.007107575906012761,-0.08133151408522413,0.003252883279865322
2013-12,-0.05968073674746585,-0.11432970094995439,-0.11640083878600699,-0.0722414012217558,-0.023967943336409916,-0.07161464443829132,-0.02539819144171418,-0.05721923621783012,0.0678219551439347,0.09423108459150403,-0.05911848648761496,-0.07996509022708655,-0.02965636101933735,-0.03354437014582549,-0.016111854033283843,-0.09491355759644425,-0.05459181872229983,-0.04861436164562723
2014-01,-0.12950254026103228,-0.10239401363217653,-0.07626712455019047,0.06032573425810664,-0.0054025283256477295,0.007155933387520278,-0.05243251168973924,-0.07805766951823634,-0.06529064407778325,0.19153920476905778,-0.02057967787347823,-0.06682816637356997,0.05913297874713846,-0.057837628533540776,-0.03865675857598442,-0.042048437979361614,-0.04942891233876732,-0.019751486830898807
2014-02,-0.014912552636260281,-0.0003306811744002263,0.07607754544792934,0.0076352809093985325,0.009542568463956291,-0.003839461068402067,-0.025082231806898968,-0.03450865429454812,0.1742741608202051,-0.0996183594716086,-0.03282963158622318,0.0031247525784210725,0.06952381930325743,0.06142436437216957,-0.019267413947907607,0.050580617323753595,0.10274840112427083,-0.00019986162361695933
2014-03,0.04763654099603404,-0.07664394106985416,-0.05507856576366291,-0.02277550038584177,-0.0253285708494475,0.04525786910158148,-0.047637056773876606,0.0003930261221656296,0.09037720827560564,-0.11314687581769783,0.007578649094715177,-0.0402802763039188,0.0679625482208903,0.03776425189080544,0.00888879576057637,0.025961808450722944,0.04965067496064119,-0.017100518365634698
2014-04,-0.006514292075009263,-0.08149633057917298,-0.03531594683574543,-0.056054034711723086,-0.017256320555021444,-0.015597360565693127,-0.05272676875615453,0.03203338477116602,0.028262968125518064,-0.12483962903450768,0.033674752145661214,0.03722909274038337,-0.11185869315909269,-0.026590541548741468,0.018542589615081616,-0.08298702017333645,-0.04962074832427124,0.04298831021823716
2014-05,0.009205064984424216,0.0188892947741698,-0.002297842740650618,0.046006177374481885,0.0022062557109344973,0.11254586991387329,0.008926023033712854,0.05904581194410662,-0.017296770215218353,-0.05632304042903219,-0.06714864935559157,0.029031979374564604,0.04925196010368562,0.03914740139887499,0.028557242160763,0.08359017512444125,-0.031041131644278946,0.046771852141431106
2014-06,-0.07545753204438639,-0.07883780888655995,-0.041870008986553714,-0.10201721213172843,-0.051858742761298156,-0.06402206733121985,-0.06436143292879633,-0.021443946687765413,-0.030810387360078653,-0.056632149892822954,-0.020778927250806357,-0.08679036864283927,-0.020024324484058817,-0.01909691045898078,0.008550447246487779,-0.06232049557411792,-0.0013495289904327805,0.01744129096507751
2014-07,0.0022193509594661607,0.002477581674201081,0.01288562662618381,0.26365962316367103,0.02472118124468629,0.06255829016162316,0.008108127849950332,0.02735755001043129,0.0928053330548505,0.06748642997915269,0.07429592599917026,0.004623442951876574,0.04032105215076346,-0.005698417496097398,0.030429119865716416,0.16321962702682666,-0.011118251144091734,0.09832650928560542
2014-08,0.14166319434764024,0.04594767873135563,-0.06383329173182337,-0.014557700168625374,-0.009655050735428309,0.02843943404068014,0.01917938978549117,-0.05649538884501612,-0.04903021908033809,-0.03360139222289631,-0.17082177870610127,0.034154346648012555,0.0338617143554262,-0.0168923741770185,0.026313851113258097,-0.07875852032572328,-0.053061509362503936,0.08546638984138562
2014-09,-0.09058431336565637,0.03580916090059276,-0.08357647665196133,-0.06843992150652402,-0.060501515025288284,0.04240277932872814,-0.026516573908030725,-0.09399472348083496,-0.11446099016566262,-0.19048945378550336,-0.10016309384218886,-0.06962379530720567,-0.02537576520355238,-0.06876631027180928,-0.032051694615852375,-0.08500174073238488,-0.04780072283678411,-0.006441899310514996
2014-10,0.16228446023500162,0.03849510846667658,0.07316904260088077,0.16554255080250518,0.04583758837846537,0.016969611800240116,0.01977427931133817,-0.02354453829621883,0.07035636239777314,0.18484780726880695,-0.03125674971914649,0.09102348801666124,0.013351311045959886,0.00845264202858227,0.08019743757476251,0.21086162145828308,0.02280623316871636,0.0658298392424689
2014-11,-0.08230841295408549,-0.04377649230171502,-0.00021971321433934712,-0.09148523585995197,-0.0751142379453467,-0.07561552347639798,-0.06786229035516486,-0.05337180899043924,-0.029010348663561343,-0.03572834870523025,-0.1365439957613665,-0.03358138332401554,-0.16431156261556432,-0.044382922381412684,-0.020841400736537428,-0.09284501099019503,-0.06427969888889122,-0.0878443198914865
2014-12,0.010494033289325478,-0.030416326469718893,0.05595311734113493,0.028798596067759634,-0.04907628873089512,0.055177139459823055,0.00247405201880311,-0.1731785953096601,-0.012267612481713963,-0.056824116057516444,0.01840847907948119,-0.04323980090735994,0.024876069197067537,-0.07686873736706262,0.014522790661530097,0.04513565384709968,-0.04272630668369141,-0.06632620006580678
2015-01,0.07048700391577602,0.13140309749710968,0.05229246191377908,0.05956373042364805,0.04752105925264669,0.014840656939265699,0.047534357455969053,-0.022357881106900946,-0.02611072156709927,-0.08782053787130922,-0.009466229664628718,0.023017408707530326,-0.006146061895598315,-0.01660000881614906,0.03998487756984265,-0.07910736289560044,0.16893620744126298,0.12263531173034059
2015-02,-0.03940746697308811,0.016016358417144137,-0.05461888419304661,-0.022413138797764093,-0.02996387543818088,-0.024122726657933833,-0.09990868371052808,0.04346626314757261,0.03034545321042926,-0.02463281190913385,-0.06924889408445574,-0.04147066513651961,0.0401851890559555,-0.03885335558227427,0.015711362701029952,-0.010903777438047877,-0.027404289592237494,0.03445330559208318
2015-03,-0.0046339371588236455,0.021247003212093208,0.020983474392888238,-0.007792550065446289,-0.034963043909193366,-0.011680459531518774,-0.08665660158898811,-0.03304567836296551,-0.002900448446930756,-0.07317794038846179,-0.0048754398645201305,-0.002027097154675755,-0.20576027363873894,0.004134244895631579,0.0336729722421189,0.026548722635131146,-0.01627679218441994,-0.04229880946679884
2015-04,0.07223803910857524,-0.03230120753213408,-0.10505419702803814,-0.031820683345925804,0.016144999764156752,0.09719904118091681,-0.0001599633849348618,0.09438285721679414,-0.030695207861693552,-0.07279085995222477,0.016340502666087928,-0.029589485523359584,-0.1661470754469651,-0.013631319593782028,0.07324837954230141,0.10746406187963219,-0.06342291316302762,0.05285023396866833
2015-05,-0.12510938080665557,-0.06126794792709149,-0.1401720578428357,-0.13383941969347457,-0.05349237622018646,0.014673206862143486,-0.046241862465320194,-0.044093345087256715,-0.10535828731496566,-0.10395166306068754,0.007690269046025012,-0.06351349059829346,-0.1340412788419175,-0.03883320919312828,-0.0344186244922807,-0.20491983368776498,-0.08926202204397582,-0.12226240070557276
2015-06,-0.03760803309071738,-0.09190916925777572,-0.12409795542332672,-0.0692713475572061,-0.040573161691961845,-0.07156421998081627,-0.08733460430373101,-0.05649646778906845,-0.10163667514690194,-0.16642479432753363,0.014295329821317948,-0.05796069192501935,-0.07635028123366935,-0.06046042382607956,-0.015246791053943708,0.021910041183695383,-0.032771781833524444,-0.10350019484689488
2015-07,-0.049692079066792794,0.11389666144730044,-0.2492783778139196,-0.024796677238351196,0.09761486301187537,0.04883615962794878,-0.12635616464975408,0.003578824927235256,0.1713721183096881,-0.07238831431775392,0.009570219182476707,-0.020404329045329055,0.021548927965958642,-0.033715826550569865,0.040941281173953376,-0.0411798984500402,0.05438389849233518,0.0443198903315204
2015-08,-0.14953946429975778,0.04274191984154739,-0.27037961220169887,-0.08421622337818985,-0.15168318432020284,-0.05625224360428812,-0.21669090841748406,-0.1105410223600971,0.005809201027649489,-0.2738651076622455,0.0033751789655659145,-0.08314013719947375,-0.2585244996679272,-0.08903136203252196,-0.035950926630781276,-0.036727894970821164,0.010275214391499907,-0.05739757959130316
2015-09,-0.08960293400227069,0.0034223926803537046,-0.06380803318767336,-0.09586840111488985,-0.013562595641132442,-0.07345839837126616,-0.08408095531327053,-0.06222262511347465,-0.07058211399586965,-0.2286407323530912,0.12626440233351693,-0.007496025855640153,-0.07973701314597254,-0.11862650347336672,0.0012767954041961393,0.05603474686893509,0.04645670306195783,0.06500626611915916
2015-10,-0.11637641951792319,-0.014941458002441996,-0.004356743719000138,-0.026695852503048862,-0.04415035646298943,0.04934372546409198,-0.04043192254894653,0.00042226689599110805,-0.04970043191470632,0.12346356701932883,-0.0313576516518489,-0.01440374313828286,-0.12876056466691566,0.059625525043694824,-0.00822785346300691,-0.009412527258110169,0.02831510671535919,-0.07900749407885284
2015-11,-0.16091653640475423,-0.09224313098348622,-0.07598828818975277,0.041383325189743254,-0.002685674694851576,-0.05554562889159388,-0.0525877583799729,-0.05189094863157891,-0.06945301471018393,-0.15225778041027996,0.05447810352656464,-0.02725520863352163,-0.12195692606291056,-0.036306701199383604,0.000841769675453587,0.0609491884249698,-0.02524106521742771,-0.05352128438928753
2015-12,-0.004339589988552982,0.07668424187929297,-0.07486236073490683,0.1259321971577837,0.08817262210683842,-0.034727184468054534,-0.011138877233145458,0.012134243881214342,-0.05044146256067549,0.08924326840239542,-0.04618991132990853,0.01365786785586246,-0.06040435671682365,0.005625989361812678,0.04216058007326278,0.09636116735353678,0.011897676652498428,0.04290231688457074
2016-01,-0.32296277247451366,0.016669634801611117,-0.09127417958663561,-0.1524535494224468,-0.1430948990049473,-0.14488376218291069,-0.1379575258594219,-0.13382246921969607,-0.21163367177993597,-0.1494406884537991,-0.23567589681165882,-0.047699170126342685,-0.16696900045990867,-0.13972069358892292,-0.02974960376675741,-0.1694953647427664,-0.019867197964379864,-0.0044918478647892985
2016-02,-0.05056777477757064,0.053581608875623514,-0.018528648822845335,-0.05951479928641043,0.04472053129470788,-0.07878631978216778,0.013474663772659311,-0.11282375482261534,0.016886265193944507,-0.014097567129915282,0.03613489769843332,0.048425429821371574,-0.20745372602027262,-0.032708739485768044,-0.02933814734759795,-0.013501851356980406,0.019768257941797145,-0.004817074799758793
2016-03,-0.012703029065338513,-0.07058769559736619,-0.02440554614929242,-0.08450974448733731,0.05296401686535484,0.08765811168929494,-0.01890276770219749,-0.006004722145014411,-0.020116576557010237,0.03091878986593187,-0.16631928838519178,-0.009210362071578522,-0.01235378726201999,0.009901009325343997,0.014238156890238308,-0.022063807696760383,0.04843886237957754,-0.03293567161293813
2016-04,0.07701262062364704,-0.058615513052686107,-0.07521425048496078,-0.03597421375920019,-0.021262809825584116,0.022422246555042283,0.0745290701288429,-0.03355604421411034,0.004149355714316586,-0.07296550363511119,0.05953144844683968,-0.005058070015116251,-0.12171640414802855,-0.0005434498666348274,0.02711836095043684,-0.02993823200926981,-0.024013262049210015,0.05347287651888861
2016-05,-0.041037075607629786,-0.030563396512816143,-0.014596989910299925,0.015908606538963824,-0.0048047591457757825,-0.02096543477628355,-0.08737179712106419,0.02687721468200061,0.14907582256011498,-0.03002284079057739,0.010884711601352666,-0.04023367158368204,-0.2603385807996563,0.0421235757321802,0.025921751321444402,0.00955068808359298,0.0383962175778044,-0.030683207139867247
2016-06,0.04437670689373306,-0.11549830294358066,-0.12330446367235157,0.00042081598691449566,-0.048025190880059396,0.04717044500349887,0.08220786694498303,0.006917051935678168,-0.008520040035672909,-0.1062606694813217,-0.0014199856163867321,0.04533576900901809,-0.09550752924477443,-0.006354339398451916,0.012991630761626228,0.06770428454381075,-0.05091654153060286,0.03279135275762929
2016-07,0.10710342188678473,-0.021677540694665463,-0.06346730541290026,0.002954102105974625,0.0286816212842463,0.09146936295537583,0.1277528108408202,0.049453597031686024,0.008936944160441239,0.11130873866298613,-0.07035259802027491,-0.013168594119017217,-0.21422828760907012,0.011477944486889708,0.06662988148355906,-0.00553723280138979,0.05271730282533144,0.09567406324697869
2016-08,0.040001375808328216,-0.042752409678130994,-0.02102463710615627,0.0792630680535262,0.007412475899520815,-0.00686195242521767,-0.07349800688892102,0.03944678446671652,0.007395099671030872,-0.09809751138171624,0.09427706537489863,-0.03862383446444495,0.0015968762989947108,-0.00024029734750919361,0.09480318532379264,-0.030692098104561763,-0.0019129406637135712,0.012842781807527428
2016-09,0.02409720780393909,-0.02115337893063974,-0.10421733408469476,0.006834841136775646,-0.014046080663167754,-0.002247892876412351,0.07487059113787407,-0.001047198274704947,-0.11291330045220224,0.1972019920197938,-0.11308464375767066,-0.02419086659644296,0.006195509160301961,-0.04253472050573786,0.010584285542096011,0.03435092054014861,-0.012537881600436373,-0.006857966332200882
2016-10,-0.07684543363669837,-0.05663777204358957,-0.0438517470107657,-0.07902724922407335,0.00012804349269415592,-0.0029650757609401036,-0.07848418881965047,0.017456935398503716,-0.03154552781410961,0.004347701168912064,-0.09393285710039123,-0.024452409858458566,-0.11450214414440016,0.014565032108013378,0.0034443278370852684,-0.09421326936828342,-0.04222693226290459,-0.08688885219100634
2016-11,0.025824871434816633,0.0065999497982361325,-0.06253694709540163,-0.00486545388702627,-0.01967206831364433,-0.06170338183075808,-0.06927198503479866,0.022638767250634306,0.053408512589759184,0.13765191002260468,-0.02667948474049052,-0.04090661416058872,0.0010004453483774109,-0.1468543153189171,0.0032743604591810144,-0.041727867789438676,-0.007843386434277903,-0.032244581534354326
2016-12,-0.08446631396918783,-0.049406680355800175,-0.05141713644564254,-0.07592285687101816,-0.042051282254916,-0.0496158557330787,-0.04477687169557764,-0.04927026220154901,-0.04852324800826959,-0.029814632130388062,-0.027095052767464895,-0.08072679079964369,-0.019718666613930454,-0.0706911400347266,-0.005803846634822042,-0.07940676392623004,-0.06532346305664113,-0.06620572333943711
2017-01,0.2018419388486494,-0.028117641386019604,0.09451144243244519,0.07435801792164204,0.06262312736147053,0.022455463822033422,0.056799354564694246,0.015418115050600784,-0.0035156338721849386,0.09269147240089479,0.029411659155713327,0.02356489211848768,-0.057858397495525585,0.03108222081770069,0.05438030604165982,0.026115002291429802,0.024207595720872246,0.046095457664985705
2017-02,-0.015337857763121146,-0.02893232906943095,0.031545662583020176,0.08372258525640863,0.007061073896564621,-0.011142787593508603,0.02445080662098585,-0.001284398874231222,-0.06465987958819407,0.012549801516147893,0.06585358827753234,0.0021754112675935015,-0.08329546465706772,-0.007707854362088549,-0.02753946076239339,0.03575237473609773,-0.02388160537088412,-0.004524792094991543
2017-03,0.012355640776289938,-0.09008480617753929,-0.09413917216340102,0.028785053033722707,-0.030104931489988527,0.019087384911725697,-0.037620622884476464,-0.039950723031713625,-0.02807445431628008,0.10023544462143173,-0.032373509139858,0.0017380852345439228,0.05964027528702405,0.059787985548424315,0.015074244572472415,-0.052446525030150994,-0.09210935763009354,-0.05912332980832631
2017-04,0.01918193529808076,0.04973376653094654,5.0854268368197515e-05,0.03477117580788415,-0.020317251857661103,0.0715516678868247,0.013929830710504647,-0.024362039278607837,0.01608101467020259,0.02003026794339904,0.05304359185002565,0.015269328467293484,-0.10502063623681177,-0.0019490138528648962,0.03544024906495046,-0.001672176420103444,0.05758737261334765,-0.054904620242599664
2017-05,-0.07945572574109779,-0.02570283387776264,-0.04811095815975436,0.05111789336960289,0.03110872430422777,-0.002103587499730246,-0.07653628158169273,0.013052662079062503,0.02898510061585789,-0.0001392056962018787,0.02376502552708714,0.022661811874446366,-0.056553719756075524,0.05483646866424635,0.09416053317152324,0.0059234410661098144,0.04843262776638857,0.029101615145463736
2017-06,-0.0528489631782505,-0.046353739446927174,-0.030095955479804534,0.022961660968741145,-0.009006577239925487,-0.03942014197238942,-0.045472110307038696,-0.06546394585110835,-0.03264302651096982,0.049398799338327574,0.02631956156615093,-0.08037160079351055,-0.026152523146810602,0.006380473451798044,0.07035362064755904,0.002437694778542019,0.011373634104329783,-0.03357738460552907
2017-07,-0.014844213095824907,0.03615006046894283,-0.024022383647994368,0.08955922538191605,0.03042549315447443,0.034405990880777365,0.013441754586564885,-0.016589732723307656,0.04905969322255286,0.01698588381922963,-0.01446360366876589,-0.051145013925899645,0.027079931286283554,0.008347718239926045,0.0806761598235359,0.14753175416414852,0.005552236978677825,-0.019011761343667687
2017-08,-0.03215681023601932,-0.005088368184361285,0.02364621746685933,-0.040036995065055044,0.038402606438885135,0.08533482154080792,0.04902659533152197,0.04401061066224417,0.024739078511853318,-0.01794114768146067,-0.02137143714046206,0.021726344198878776,0.001982989664288859,0.02617907845699851,0.018387144581078634,-0.031212002546916952,0.004487458340045933,0.003667400987143513
2017-09,-0.07865038131811596,-0.06128591279448141,0.10584572298839445,0.02249157000898784,0.05833667283404909,0.06664688349608576,0.022408029560722454,-0.0030992450181066265,-0.013128218311654115,0.09779760804851517,0.039386981930981634,-0.01705060158618034,0.13043054808668544,0.023246268092008922,0.021232689958085863,-0.09547317177983138,-0.0569326229219992,-0.07062101987187358
2017-10,-0.07015008710626967,-0.00865206698350073,0.06063364901290152,-0.07655942106568106,-0.025035558490218286,-0.03402567797989156,-0.07693608488374339,-0.06482778640526332,0.023049871176111687,-0.030437814522370033,0.03280854538273358,0.003754571264187544,0.002317166494397398,0.010849591890878803,0.008486701688331015,-0.03221032061041367,-0.03815471966999131,-0.08242792936423081
2017-11,0.024388417794917537,-0.029110442249367298,0.01735475845641308,-0.1337864293474935,0.022207872652316045,0.017231582768587814,-0.004031613955455705,-0.021489174591716415,-0.02793927296937074,0.03479239072456404,-0.042974098521124396,0.020301863436166252,-0.16107554278062378,0.036768414864591634,0.017172744826491025,-0.04529448028922144,-0.030768044666981374,-0.034432424607842384
2017-12,0.10411342683990707,0.032118255628689855,0.27626138495272445,-0.0009717980037995807,0.0046903611356126414,0.036492921379821096,0.021000943000210787,-0.04412288283509938,0.034669219541778706,0.07781601805730137,0.1114881433365451,0.01921388100471789,0.2423646962875819,0.057991363496367763,0.017575811410989444,0.007923986737863011,0.008792637948142137,-0.04826268838056368
2018-01,0.06473737248882189,0.015648039477984575,-0.18608009748221277,0.2547176440128378,-0.03718943188259738,0.06630753305938009,-0.01351391337227821,-0.015639564210483844,0.11146417461276524,0.08834035706417581,-0.14410546889343165,-0.01137837186403207,0.05555134094204217,0.03308889841584498,0.0009620376733437951,0.14111563352553988,0.050571433039031374,-0.027137003084013313
2018-02,-0.035490640950713026,-0.03793378575998624,0.046792793905105316,-0.04809657786942975,0.05207707074983177,-0.03493379988159283,-0.04238858128767164,-0.10491970250915283,-0.03545497965586871,0.030576387809118224,-0.06960960680337759,-0.01141914528680149,-0.033625060205340083,0.04741827922419167,-0.01592793263630913,-0.14296070659268353,0.007895653286817015,-0.12118859823810511
2018-03,-0.012128061674075997,-0.04510009611013001,-0.026772371377554435,0.1315987516910552,-0.033081304299845175,0.05178381010629037,-0.08439371545529027,-0.01974546643762508,0.07609006132071995,0.0751691411733011,-0.021120370872970032,0.020936942426832684,0.04981324187707647,0.12613168719369316,0.009056991561817766,0.04324081038632201,0.027644180070757907,-0.010675579539627488
2018-04,0.09479404131354148,-0.07068151020020007,0.003738282971845145,-0.03363416224386531,0.06811967444728777,-0.03016587176658668,0.04019759323023256,0.032965807371261584,0.09085494304558832,-0.10766829865372629,-0.0861574690491211,-0.01728636911386602,-0.1328345646118297,0.041637218320184285,0.007362968062726553,-0.06469870536221113,-0.07704947611923138,-0.04046467037734544
2018-05,0.06169162347312064,-0.043055968058460056,0.0734978677918195,-0.08913577300608641,-0.00760913130969604,0.025694289507237456,0.030827442793883403,-0.04826482219437535,-0.0023456083094816078,-0.05741678494198915,0.008509410395033515,-0.013379951114805512,0.08304515965869405,0.04698378595190914,-0.02329351684213851,0.006847640563170997,-0.03226119961213268,-0.05878854643027803
2018-06,-0.09649478321432262,-0.08380325719390569,0.17177289094838025,-0.08048612449312684,0.00872484950488687,-0.10899256937971215,-0.05572843457646444,-0.08623317606478002,0.02601646501089344,-0.08566404822910012,-0.025494047788662027,0.009410338160193607,0.09345432721495299,0.003267737231470826,0.020908073827409245,-0.05554759417153636,0.014115516342933692,-0.08975334373869093
2018-07,0.013783056556829614,0.02473440474712296,-0.04922166326592279,0.011517270528359567,0.0647352560364062,-0.005976859627579221,0.031699097646205564,0.030002228063966314,-0.006475880854606053,0.10035451101011533,-0.1406711505992248,0.08570865299262842,-0.15160553880985828,0.09802566313419918,0.006198510584511632,-0.08679471608081232,0.04041251169122507,-0.06957226716730952
2018-08,-0.044998458183897284,-0.049844653819130974,0.06268069617559865,-0.0979685071494346,-0.00923096124566767,-0.06187442609368656,-0.06797793968716037,-0.010906172245749064,0.005789542633522134,-0.12770300354163033,-0.24308525626637426,0.002780609871629836,-0.3022254556133853,0.018945339023701043,-0.029186126460470457,0.0342331837639093,-0.056238862975385315,0.011338534840330379
2018-09,-0.04318674825802555,0.07588201259441923,0.05982213342520272,0.0815659583576815,0.0007690190819109335,-0.05230666680197247,-0.019878016421467373,0.0010279998560979694,0.010904766058655884,-0.10845719030746677,-0.16627580515632656,0.004977762555739858,-0.03082680501287374,-0.04949179432448234,0.022959821799819022,-0.0035675564220227444,-0.024176595974671998,0.08395180257838603
2018-10,-0.15910613246813543,-0.07736095711363133,-0.15337859322575664,-0.053928296332321005,-0.09750697594255445,-0.07612727583510692,-0.058186214703103416,-0.038301103441545394,-0.07394854046170947,-0.05649628919069094,-0.19774546573596283,-0.011148327829567248,-0.25014440185060044,-0.012505740080462378,0.042544884941076944,-0.01125907843440582,-0.010371967359013485,0.07997710944781483
2018-11,0.01619734014830363,-0.03711942874735064,0.09357975120653562,0.04730042655385313,-0.03135674310135817,0.07908730296227198,0.051221674549027214,0.08213076397158654,0.04293993576063114,0.11801531952331568,-0.20181608503705362,0.022984148868154863,-0.01665141971573409,0.06397296133912003,0.06549769786312437,0.054036307657889984,0.09124155520278679,0.09064762346657294
2018-12,-0.07330161608027669,-0.07396333920717382,-0.007244228026379516,0.008731444065519423,-0.03580335689343686,-0.057632574775327176,-0.07727177519385393,-0.07340946952687427,-0.08727006065041777,0.05202694301436433,-0.009505909718605854,0.02348409497641256,0.06561554039884174,0.00030532674161822334,-0.009381578798027052,-0.0050786550222566736,0.0036160200656172444,0.011830028874459417
2019-01,0.04876899693418954,0.08838373626281706,-0.057102613348715116,-0.05816754588323465,-0.007586563264000822,0.08977890590584178,0.15886486974797012,-0.024361474107080033,-0.11327054826723482,0.04077784032250109,-0.027792962711573412,0.021860004410490186,0.05260574546296584,0.030875345727249946,0.014569367652642298,0.0444641855067724,-0.04236132672043991,0.10885498793054844
2019-02,0.026242620441882848,0.014893638703322762,-0.08984158389939396,-0.059723090841806666,0.06627829421841479,0.010348295530211398,0.03460499619497993,0.12132196498679033,-0.027443432022565745,0.012784130993551579,-0.05411429790672244,0.02498992442517147,-0.015545184126680744,0.03756710401730441,0.008340605803884127,-0.03530603897354369,0.018810596965837846,-0.0009428963493594709
2019-03,0.013233279428037087,-0.0028974041198816486,0.03766743353912423,0.20662121052322754,0.025541498950882806,0.11011519220367956,0.02704275900288984,0.010356314447396306,-0.014255203539870582,-0.019248640495106648,-0.031731794272922054,0.009989718788678329,0.2536611387715274,0.007163331135265096,0.03473579797383851,0.04715579633976804,0.008321864773672728,-0.012784874671148465
2019-04,0.003827729481447694,-0.016344540657646008,0.008304726640067692,-0.08548851197750319,0.07307849441601794,-0.06611028763091668,0.0034492017663265958,-0.00585411232884177,-0.052155105636481444,0.08104549470182491,0.09257635975959175,0.0001083138877284715,-0.062386240333805215,-0.0332048616355275,0.02934117289889806,-0.09909601285162511,0.0028264893469131655,-0.07832523824265442
2019-05,-0.06663678886528682,0.02908965039149885,-0.13471171249526634,0.009855493180769578,-0.0021685431112534012,-0.048475506273636046,-0.05306603847183887,-0.012729326187081544,-0.013742928139003689,-0.11996416438117792,0.018424203310601503,0.0498104257933028,0.05235354713795412,0.025896980104196842,0.0060657064479905315,-0.002067503107010489,0.06072948571183364,-0.021477978884684504
2019-06,0.08107453836663056,0.055081933474577925,-0.04124824860181195,0.01639263942441142,-0.030410548168613917,0.006172611798836828,0.04328911102714525,0.04136347286377408,0.013062037011822064,-0.030049024499586033,0.018943613850738866,0.04630903214533371,0.0016260875612645568,-0.050992782865564384,-0.014170700538190716,0.012161966301133918,0.0348511327328719,0.007351897453503177
2019-07,0.02955955899493719,-0.052805745947171544,0.12294026442802378,0.007080095096478349,-0.035117610217973605,-0.05250898452413068,-0.024183231512823096,-0.01872208217822946,-0.01426161690723608,-0.02386100651870929,0.044445629090006045,-0.017315566211642878,-0.10118352383494036,0.012556007829273559,-0.020686067754343767,-0.0969740013128351,-0.007934260645022253,-0.02107363620746791
2019-08,0.031498446636831004,-0.07632721852544978,-0.08920104983671186,0.12119884260993916,-0.027366626715271104,0.004691001110219003,-0.06522042012932172,0.01257621239539877,0.030899125249386455,0.04736916642605449,0.27115926121946055,0.031120408061221953,0.0383274507633003,-0.02904605026116731,0.016089733483786606,-0.022782230460527755,-0.06191427922116536,-0.012158703668800112
2019-09,-0.04299348893624867,-0.05852789685678294,-0.09970340283524544,0.03142370932288994,-0.009730466957080387,0.03040973526135823,0.061310130509677194,-0.030819991041203018,0.02637479225912112,-0.030039465723617705,-0.0013295720309699146,0.0689173063518907,-0.01375763817012238,0.008811326563777378,0.03983644931456231,-0.031086515693887606,-0.043679381816437796,-0.009304105277985038
2019-10,-0.07205485358688392,0.01012512065875746,0.0044281947765352405,0.03118092886067281,-0.013784302560362855,0.039144221224374824,-0.01687820366513475,0.0517474635946494,0.019071064988073507,0.004808732773855161,-0.03265315262922513,0.02764913990563925,-0.03518191719220733,-0.02087814396238967,0.021581608826801192,-0.03939766114724119,0.0608235414319247,-0.04264923042148999
2019-11,-0.05602371385328996,-0.03868425110425359,0.06704573271768507,0.04335859835856358,0.03239706052815048,-0.01648525668945698,-0.009774202715961204,0.024773615179508195,0.01987813799174397,-0.014352606318361208,0.06820198334787814,0.05834842981679047,0.1493124724731984,0.007740279449432376,0.0041234317195427495,0.08172082678500323,0.016510937115041174,-0.06386514972375426
2019-12,0.05354084990728006,-0.04766221979757775,0.05919880479948514,0.09883262785648265,-0.016497473797067622,-0.0015018870803072634,-0.004060249495079015,0.044089189683775835,0.06516079611802231,0.08296022120758716,0.023898924405044507,0.036771824988626585,0.013990229145845108,0.028574795590973326,0.02155653734964488,0.16704012607239824,0.017482398208603808,0.07410153267357868
2020-01,-0.0986908848080296,0.018472760370302283,0.09619484318317126,-0.13756784177201561,-0.04651703163698277,-0.059302351924388694,-0.07070024745520322,-0.0883134774866933,-0.04576385148824506,-0.10292734434981993,-0.2214399641466078,-0.0329822355387136,-0.09341906510267343,0.021642567456881732,0.0022852429034471828,-0.09569329656387662,0.0720960618549371,-0.06275749168554305
2020-02,0.06746030560710306,-0.011010111869935574,0.0960757234675872,0.16504148484200984,0.00925592517407569,0.059977128317436054,-0.004901546533652609,0.010661359246507641,0.0903465759773137,0.0694285950252694,0.0521191930866807,0.03683019120377422,0.09931346854250771,0.035287044305579704,0.027544922445728866,0.16650536379015174,0.034530576564424535,-0.025711153380481928
2020-03,-0.1435590081474536,-0.18704527013414302,0.18578497740434458,0.06046985647692911,-0.18806153434712486,-0.003076174850756172,0.02831414221149965,-0.09870395722188893,-0.027344234830639948,-0.11736779486416922,-0.0352428496507252,-0.030018297599283813,0.01667348776807774,-0.03009464497020553,0.02334929738444655,0.11651538848300086,-0.16886012227045435,0.03089348382376716
2020-04,-0.14150530575051615,0.06406487555049828,0.17739153754112605,-0.0042106851253218315,0.0020436255773971764,0.04642683182445561,0.03647511535906108,0.07798023565864382,0.0047067606451894894,0.14048479174302136,0.028247465363847913,0.1370373556859092,0.015136038154565342,0.029625775322234767,-0.017563613042416295,0.09645607440187468,0.11996372491642492,0.026695848337162882
2020-05,-0.12976235215357984,-0.03833046120445088,-0.08050069927032902,-0.003812843282084914,-0.1340185635020928,-0.03169314083826349,-0.09314240877114428,-0.025440043866132637,0.003838767898928789,0.10712070165184179,0.07419400084529602,-0.04962904003954435,0.003925497568667669,-0.06385993696238416,-0.047673060754382754,-0.19426984013041884,-0.029513905426532705,-0.0875230433888077
2020-06,0.11009540363370851,-0.027301298145950725,-0.10564761403610941,-0.08966426342010955,0.08563642273129846,0.019950650375840057,0.1318325377711048,0.06234973986549422,-0.05221250652233224,-0.03860067349131526,0.02608777542133254,-0.013263084573017373,-0.0463363782587149,-0.025570411879381024,0.0256229743531894,-0.056734998588744374,-0.06621907038762351,-0.08685700812587
2020-07,-0.17745337573472023,-0.0776158245755415,-0.04309274236274871,0.0010205064230176418,-0.11660167979997134,-0.07744029409888975,-0.017853626014246813,0.004033286101913229,-0.12306482069441206,-0.18981063909184437,0.2100823483637675,-0.04788872600304253,0.012296711754399232,-0.11884404242910283,-0.1109278149850362,-0.07343708632986132,-0.045373930176415035,-0.0483145899205326
2020-08,0.05840386723612388,0.036650043197350164,-0.12319627914537855,0.029908103461803504,0.01144908851760976,-0.007016177795094719,0.0467081909952412,-0.02398414001169482,-0.07598140293054488,0.08945088563095778,-0.049680001615459435,0.041925861760830255,-0.1096288474997629,0.038456091089879726,-0.04726980193432315,-0.02397830993902893,-0.0005811187262820872,-0.005163653819181767
2020-09,-0.0644383013186812,-0.1065260561171408,-0.1058859569258695,0.03345691104779585,-0.006184286640633623,-0.14025901848577754,0.013530958258062161,-0.0014952335360250647,-0.18271109054313292,-0.12010368345284629,-0.06714440942804364,-0.029437410312288116,-0.12004090662630758,0.020042279908039595,-0.003539872812970694,-0.12812436358313378,-0.04055869682353151,-0.09471093714551966
2020-10,-0.0912507525150221,0.026406718010513183,0.004474403131801235,-0.021404929678304537,0.09475176638911927,-0.039825012522391096,-0.01214039590689387,-0.0033558447779880826,0.00215031887845429,-0.040534210325439315,-0.009462740994069891,-0.02737403780025233,0.05850473291560029,0.016190827631510404,0.0911326216072409,-0.03187435421587043,-0.04439289248109494,-0.035549204420862617
2020-11,-0.06166478825456168,0.02747408408916769,-0.05766936169238462,0.015625372201724178,0.014824110832789833,0.14395002655233788,0.03410502757046783,0.04077453537322019,0.005813197871972989,-0.05412213590412282,0.10838701217292251,-0.013643730992555005,-0.04556695336137525,0.03507422338843982,0.11854530576741013,-0.06035558538295502,0.02633059542538658,0.010195299523419339
2020-12,-0.01779876181877224,0.060026020679395324,0.049797897649944675,-0.07045774935754533,0.005259790039490936,-0.008586161088622065,-0.018987007156506117,0.020466792452628987,-0.08034427146381858,0.051790744825475576,0.3371113704905556,0.005550429697443525,0.03713039011021148,-0.04000743351418162,-0.023749545162343323,-0.11046301420522116,0.005894287783719634,-0.026117537361356503
2021-01,0.042612261802683564,-0.01779571045895102,-0.0010096641242474866,-0.015028513115423017,0.03192658061268211,0.07517894431105485,0.07693775866754454,-0.043859140142616465,0.09296034795745722,-0.037912941780419006,-0.014679481145817007,0.00017691817158272907,0.1621029886539956,-0.05118500536085481,0.008047477946283845,-0.031089259780303805,-0.02596142138132385,0.2734975393925147
2021-02,-0.058612008237858934,0.07213176604375376,-0.01717242056849664,0.1319096225635368,0.07853869355968376,0.07974226172866619,0.10071122605312186,0.06023999842767323,0.05174597822699091,0.14562380316434598,-0.0906240243478476,0.022611466350392476,0.016925997657645974,0.029298885346581136,0.04753541836092023,0.11228677709338677,0.014478894463787886,0.07262283822289331
2021-03,-0.016739281943055195,-0.043511849537249826,-0.03675288382966631,0.09451927144352014,-0.0009518591923632437,0.03532898941423236,-0.02882074643368889,0.011593495476707287,0.044652078148380694,0.04925016060140318,-0.011964056076626255,0.010948202738263343,-0.02278158853305805,0.05256705732933845,-0.01452146852089346,-0.0242352536343453,0.05005113593132497,-0.0656899262726407
2021-04,0.05056448678390375,0.0010751928451847204,-0.014446005657171771,0.003897757475465853,0.03899518191995023,-0.007094008380265732,0.033866013997655806,0.019499417594234073,0.07283128384779383,-0.00981546519539267,0.049934989611444595,-0.00976093590302644,-0.01725476478943563,-0.010051706371893166,0.017235832824795228,-0.013558517924765439,0.009370948002669922,0.05864017481988576
2021-05,-0.08425502147116391,0.006881773746958154,0.010995228910778735,-0.04407762153078729,0.08359117692627158,0.0510942506794175,-0.006849643147876223,-0.016540183847878843,0.09427921173289902,-0.026540455712261754,0.10308390674534362,0.013528272929780389,0.0022900616636701066,0.050097158183069763,0.0035245843655045323,-0.0733068689434197,0.01864169169891361,-0.043363644957135496
2021-06,-0.025295131801213733,-0.04237428980864037,0.048877708409968,-0.11726534439807092,0.02069500783858913,0.04453208980123573,-0.04754556857607327,-0.03321298252648183,-0.009566943339423725,-0.040167378139492026,-0.026544587553644673,-0.03086229733356319,0.08964807304871014,-0.039201135777099855,-0.03388158722179011,-0.005087047751873823,0.028314860999286047,0.015566277388301266
2021-07,0.05993965879556686,-0.016968618131935252,-0.11752786479517043,-0.17670254479854078,-0.016917645052200354,-0.027855468010715787,-0.06266820840442905,-0.04481346898785999,-0.0518393325046246,-0.21915158195967013,-0.2320343837468581,0.02856924096479864,-0.09398484466750728,0.03740993776664456,-0.017910082528155263,-0.15072639183351272,0.04877582827173226,0.009231964942834835
2021-08,0.018325334931389315,-0.025896646050114512,0.017581547355752465,0.09476058475720989,-0.034258984939017134,-0.0037552546443187255,0.0022842383847025993,0.020365207823355932,0.24398810896781775,-0.08214342662255082,0.14586910203022307,-0.01814981443065221,0.01960328503674711,0.02251013121850328,0.019724630950172108,0.13162260489033492,-0.015139949665059124,0.0014878871044160088
2021-09,-0.08005028977577684,-0.08280814361528585,0.012021640812899368,0.09444631728552519,-0.06418838024905152,-0.1055247429988579,-0.027464667160672696,-0.07690056538580003,-0.12278803294530546,-0.12393849642763535,-0.023037292573757386,-0.032265575457716085,0.03801206854454792,-0.0889760020381168,0.0021769628674255708,-0.01558680624902177,-0.0701451823367706,0.035015097783563494
2021-10,0.040737048385671285,0.08155393387074455,-0.033849133864734045,-0.06352397294693948,0.12776536594849602,0.012235085535376663,0.060932336175678586,-0.011265886986214422,-0.05910109951771094,0.027910138573749965,0.1729235778473681,0.0006852092139523045,-0.04577993186939278,-0.013956158782224152,0.07352037556566042,-0.0064011725748115205,0.03739451518627949,0.06327925032021561
2021-11,-0.14709218971425536,-0.029844269737675944,-0.11522924386918466,0.05297184153947822,-0.03581623171390042,0.019544818820584307,-0.03758926963531761,-0.08792033941212257,-0.11465880360864535,0.03413194560178043,-0.001976460801944841,0.00928076958553616,0.11581495965790378,-0.03589519201971885,-0.004571691795144354,0.024744353181673555,-0.013651203044293252,-0.001343345885929836
2021-12,-0.043967476903184644,0.0922812357046901,0.02621754401967792,-0.0020205454080243182,0.040399024235246044,-0.0026395912161579606,-0.011113955144792497,0.04451272785768675,0.07043955493118557,-0.052668108791632154,0.012124759081342404,0.05720802775810272,0.061523623028802564,0.03450212289156251,0.04517105379830135,-0.03883014452430364,0.023784355683764455,0.010917637037505598
2022-01,0.02782601134830577,-0.05838914095808103,-0.09079011598100636,0.10493650456266843,0.07434811263838276,0.013226916536056144,0.007110587068750612,0.006606953000550185,0.1952466698271681,0.04216696137435083,-0.11742713012008237,0.0037976657351907507,0.06386570478592885,-0.021177607507225863,0.0917865041454736,0.2908300156565578,-0.01720219210833712,0.08259746762616985
2022-02,-0.062116289970146094,0.00487255590353744,0.04440423004069804,-0.07908258499061949,-0.0987062222662937,-0.03568983113876871,0.011690768226445434,-0.05277801720222989,0.08935363538697157,-0.0018289937492632715,0.04366880191986982,0.02253889210290856,0.06415605159691685,-0.02794624219698574,-0.021143339798217652,0.018741853898943464,0.0396453273230406,0.0034848917753648027
2022-03,-0.06344458444837779,0.069105135212977,-0.10553363597846858,-0.018177248361123614,0.007182415269097624,-0.04419335423131556,0.017969634619404644,-0.010428803057409286,-0.07407397794995518,0.02523468980637762,-0.24048844383001697,-0.03645465079641882,-0.3048290039561281,-0.13783909606567035,0.0450150966432698,0.08104963457816096,0.018510548191343654,0.03135944003177131
2022-04,-0.05715049827872949,0.02183350620394852,0.09063276289984992,0.10618733040027871,-0.04874539438263325,-0.027174220369036026,0.0029547136348337917,0.02195291223038508,-0.026879704617740738,0.07032400045023161,0.05939082309664505,-0.014875113689701068,0.08661585608406722,-0.06927469828305796,0.0430687750834542,0.140237369036778,0.010595176376996012,0.02647666911624516
2022-05,-0.038587408446520324,0.052949532697618366,0.08426714989028485,-0.06062759827765398,-0.07589498001546409,0.05292699909243475,0.023499856100288406,0.009931147510024867,0.0691539212855296,-0.11093378009051122,0.07554760363003396,0.004682097353350394,-0.0424871159716715,0.012237712827273373,0.028881612417331906,-0.12627025898318361,-0.008472483975289328,0.08174391521476344
2022-06,0.012305689352830199,-0.10267595721028366,-0.024778008857242663,0.1775011643536075,0.027427578691760632,-0.05203400332956302,-0.00029183638316379953,-0.023032847358129323,0.07240985781130889,0.25882264444308184,0.22999681737821637,-0.14960275754400915,0.07483580875573916,-0.025067059684004137,0.02378769715122823,0.2336617370712049,-0.0796847403750936,-0.030816008002869832
2022-07,0.006940805434706169,0.037774677973327814,0.002427099259145301,-0.1018774604164769,-0.12035207872990047,-0.05176603080357806,0.01483593620024632,-0.02995198589482146,0.05260772535295936,-0.01723673312829827,-0.07216454048012953,0.012440863136643906,-0.04291922885321154,-0.014313582528528736,-0.014790014064613121,-0.13833835045404613,0.031516650610657226,-0.0018849014274904077
2022-08,-0.021404588987194967,-0.0044905508051111985,0.027762092179867557,-0.02466365213064667,-0.041239594952504476,-0.026576485725108612,-0.02819760975413237,-0.032116742309667275,-0.035517103228899005,-0.05908499628682436,-0.01466929145390059,-0.019089246999986747,0.0015927378140776908,-0.06263961029279796,0.026992173733178415,-0.022587278859789225,-0.08474333281523826,0.050929283318037546
2022-09,0.06733280982066936,-0.1325619392934249,-0.10860782504618473,0.03598750183513745,0.04249059679094559,-0.12398258735784938,-0.02414777666855516,-0.044023885132720764,-0.0067265380601103375,0.0283538102096307,0.05009460887710915,-0.12017116039824657,0.026684141137868822,-0.04587712687583617,-0.09081135535977317,0.04540820811532507,-0.11873324308555613,0.03889509712710343
2022-10,-0.2398508171663717,-0.11199579044995056,-0.1787897426641966,-0.2573482300583292,-0.09979756051239592,-0.1310431620208649,-0.013534936529608126,-0.13106424043943457,-0.11922926510185233,-0.25951324666933134,-0.3001904682836066,-0.1261824280310127,-0.10846358375786415,-0.17024323629743385,-0.08958650163389201,-0.30472691917979744,-0.10067707600436814,0.004032581305309373
2022-11,0.38871782669447125,-0.005806628902221436,0.2909660609080641,0.2776313256387227,0.10223311030545877,0.2916699264914346,0.04302123392208531,0.11077444249853288,0.035698991993327364,0.2726618246134905,0.7095706128304824,0.0697476687241033,0.06091971574622715,0.04681740606529377,0.10143784241642646,0.22509720182877854,0.06328295590692457,0.08377087910611677
2022-12,0.02318407291020083,-0.014944209810023024,0.14052205922534133,-0.05275931070007336,0.05216744624704774,-0.01866405218642911,0.07876192750555178,-0.012585782897202018,0.016896969953710234,-0.017557343986366686,0.022444091686676104,-0.01234447960404794,0.03608890947323008,0.0727059153891388,0.023563296480690797,-0.08171284161901515,0.0158062186198566,-0.020167543294420442
2023-01,-0.029100985582875594,0.02894531206234282,-0.10515939092102683,0.03236709978737584,-0.049662289868399115,0.07792662563907334,0.006140328904544076,-0.01886961153815723,0.10563247869439972,-0.033770747714536246,0.06833025292192392,-0.022949745223559564,-0.07825066324408042,-0.0030539111216004527,0.07227229368018977,0.024992193853707167,-0.02298995758029686,0.06154354644060075
2023-02,0.0069068312102152606,-0.04104673974453797,-0.07921042569951832,-0.0386579391415407,-0.0014643578586007186,-0.025001358394495885,-0.042853555861092366,-0.05932177225086814,-0.005586233997133482,-0.10474995155900373,0.01623290596083956,-0.053062629192367455,-0.028828528438814362,-0.05547818927990388,-0.011396910013375212,-0.04545339830706994,-0.06591116468085112,0.08256523282290817
2023-03,-0.011339690312260587,0.015949438826289148,-0.02127495388975538,0.05895194431814335,-0.06482553749472153,0.019916427995658112,0.04640144842587736,-0.00784954218221485,0.1525245437749149,-0.032662057685418286,0.07530563998239499,0.06486669467516458,0.07764095338282749,-0.018181548038291362,-0.013639429757449209,-0.017977662787683948,0.013481156626159212,0.12267183767043684
2023-04,-0.048465993822759734,0.0314716312906724,-0.02772250005568189,0.0202072352379425,0.03211134653107805,0.07633921163057468,-0.06457683735384025,0.08138194618013868,0.12956650299679526,-0.024704961358274054,-0.06062435290087355,0.012164194544890513,0.02426920336609624,0.011725470514756892,0.07059043633212393,0.02779351308889053,0.04365041806737059,0.11202195194581166
2023-05,-0.10778343871041347,0.014199715908950913,-0.11902127613092213,-0.17527310914059993,-0.09322546305706568,-0.09849073143942573,-0.043788093096485826,-0.04536686509446995,-0.025124531215449348,-0.14388309453374667,-0.15851315636721547,-0.00581072092618425,-0.12024674202166116,0.08339443827999762,0.0836298142556679,-0.17538142317785155,-0.014290205057444825,-0.01772697652124149
2023-06,-0.00994154565117549,-0.029086805465617923,0.06881107517718628,0.181577016072208,0.054821768770372446,-0.043895824741551445,0.01959879042359473,0.022798031641794787,0.04930795720310686,-0.00948962960776231,-0.002468577897560673,0.05030804035517316,0.0306232563054489,-0.011395660421404878,0.04918120060114231,0.06588775681520051,-0.009248264855084171,0.06782308755125137
2023-07,-0.004994126018886307,-0.04093903467468456,-0.031026004610009584,0.02184128268638246,0.02227319907854083,0.03509961650120757,-0.008719980090636882,0.016437460740386364,-0.14202463747138946,0.12312211576600961,-0.08330894867099004,0.05007614252295617,-0.07073538065719721,-0.004560256700269594,0.025032593892079028,-0.04087815974093011,-0.023068311728166955,0.024935549652909283
2023-08,-0.09713977487597394,-0.08500939321115275,-0.11300402275052436,-0.06136165104799325,-0.15221007614535856,-0.08957300971867968,-0.04461315968139297,-0.04868088346715676,-0.13702946924060183,-0.07404071663597003,0.03175968178628566,-0.057684549622080424,-0.0959124852508702,-0.09580600447712431,-2.2691095640293465e-05,-0.08306696248088191,-0.045082557992162285,0.05106756463883124
2023-09,0.1253214323361493,-0.06303194842362322,-0.09615676517111477,0.013207487710643248,-0.02463963741254871,0.0077649871371346735,0.08763455292999177,0.0015340142028453176,-0.03823583877997784,-0.06403758396707149,-0.04903644324862499,-0.022695077861634688,-0.13640214062627687,-0.07040190536086931,0.027655177788002538,-0.06661571635332793,-0.008106651669467491,0.06750684683717616
2023-10,-0.16590101154177547,-0.05800746475372115,-0.007584846438497961,-0.04406560033641276,-0.09685092069271438,-0.0691966846693203,-0.05134019342340533,-0.05400005672170949,-0.044643059817867765,-0.07794047228035145,-0.03610405266051801,-0.040508091860922774,-0.06971375182419726,-0.05122941551695008,-0.0686212647316734,-0.16393147348373038,-0.061780283674459154,-0.050342766506279495
2023-11,-0.038814007001243815,-0.0054450480169828345,0.042088656995931534,-0.07603792546498586,-0.1266531392427298,-0.11949199020190826,-0.09399935026327318,-0.01688943165984609,0.008390502507251601,-0.14418333467770433,-0.2121587452656583,0.04246880427493813,-0.11875578581978291,-0.07193437869498488,0.008376209871862168,-0.0924559121166466,0.05370907449760024,-0.023645808701920096
2023-12,0.029266849627303394,0.11110104646361096,0.05442445404034683,-0.07382726328612153,0.027048512716776208,0.0522007638114857,0.023722125560303273,0.09368899783752886,-0.02337974996231525,0.08792198909555624,-0.047255929595321704,0.020837371135012144,-0.023138432048223346,0.09571277706149714,0.009231410463934614,-0.13200930436097205,0.12733874162087572,-0.0014625421312590193
2024-01,-0.1656690033096436,0.051032896047293164,-0.03646631350956974,-0.11522949756506833,-0.12151439630661003,-0.16964837624768578,-0.10196952897126235,-0.047296472953701374,-0.03021092506506126,-0.09850097331640877,-0.17192863659465418,-0.007569973832352164,-0.2327537649929847,-0.022914337729182305,0.008686980149699885,-0.17742911735022102,0.05833095410275018,0.02362123276615814
2024-02,-0.007706257816801523,0.047901654086071166,0.0047665481262319535,0.18543614493523133,0.07215132158111162,0.061029465501599246,0.14363800566383395,-0.020784969190414577,0.07608884617089932,0.033044497268133445,0.4330927021713027,0.08289840440269368,0.16581474090618814,0.10076960289172264,0.024739914462195808,0.09724232692851087,0.05443110984832499,0.0422584452434076
2024-03,-0.07369847059270024,0.002352032686654418,0.05343108689653719,0.06724770710140475,-0.01107133668484184,0.02131022348140494,-0.053649665549442505,-0.05537333623882414,0.002557449272256845,-0.05420868839822296,0.09376695826016214,-0.03513740716074001,-0.07543382874602554,-0.05382667888869214,-0.0015771621645278493,-0.019277670147972367,-0.026730298634004303,0.01003322500820649
2024-04,0.0553073329508591,-0.07239924675903373,0.1504402872893061,0.14636420274808773,0.12082568864363159,0.059347852011653164,-0.06432774849147618,0.06742936876671149,-0.018651420813705865,-0.1461214454945915,0.04178869842712152,-0.004658154808676731,-0.03028573568442447,0.02553180859501068,0.07151742963286233,0.24097875851133002,-0.01907620254493097,0.06790926018638777
2024-05,-0.13830264906835535,0.03870261011429558,0.025330636898317268,-0.0013500829423148248,0.03798798464435319,-0.011658559731446572,-0.0024334034038167277,0.017633822878959104,0.018121339861529626,0.01945255302422001,-0.1616568536538823,-0.021323743156011297,0.07998606942365342,-0.004433054639680368,0.04664255198494865,-0.05437869976086234,-0.006838355942313704,0.05091508882968608
2024-06,-0.0400883759249688,0.01676955904689519,-0.1435323292107447,-0.038794106761417216,-0.052965161021825864,-0.06030916849861093,-0.11970644975135435,-0.04609918818586222,-0.05363161997728573,-0.010369129695259697,-0.1777868409667424,0.007460286722287688,0.06826700059313502,0.029354909893681162,0.007749233915025222,-0.04098559479941304,-0.01636381616250625,0.07907469013780621
2024-07,-0.17148821717367646,0.16898859034998037,0.0114522171267705,-0.16004576384155292,-0.07611190064322325,0.007744386455376135,-0.00036789138756977376,0.10114892069332998,-0.008095153307746907,-0.13929794880101656,-0.08478464086865067,0.0360713027650283,-0.007906427347923982,0.06167547843503412,-0.0021987678315923734,-0.1084269787153718,0.18736542713695511,-0.02186215068075536
2024-08,0.033793265568541,0.14806621612420115,0.01834338307045266,-0.07797821180547668,0.026510824037372965,0.14421805558296005,0.08313136629558633,0.08748887202080144,0.0617521036537323,-0.08724404188783266,-0.006710836058009008,0.050877519841048706,0.15379854741863144,0.030215980341630644,-0.007699224884232628,0.028176381943140913,0.13804636721056282,0.0369912236565849
2024-09,0.09902535168749724,-0.021518557036877734,0.07488649929581347,0.20061730965970911,-0.0058801979504901946,0.05063863609206167,0.05256129415667811,-0.016848498842381862,0.06557435642958341,0.14927526946103065,0.1550729269112787,0.0022075419411344516,0.10218343758591236,-0.007809680904290504,0.062267511939604434,0.17982670083792704,-0.056178104074869346,-0.03908530478433594
2024-10,-0.21783345117165176,0.04355294902776681,-0.2459261661253332,-0.14024477626498275,-0.06236523589462038,-0.022308149553044714,-0.08753696674505201,-0.08003394476379308,-0.08264665744662783,-0.1251335584974366,-0.20545893422737785,-0.04556710268485695,-0.01739059401523215,-0.09996059629250444,0.008493719217187338,-0.13214445719119391,0.05516929899115622,-0.022614585977615433
2024-11,-0.0011194793785926692,-0.020067915463655748,-0.09859161597374526,-0.13677728076627396,-0.03310466214936216,0.01735037137559533,-0.07199300528400525,0.020977487191349106,-0.044874313751476234,0.03731395193005589,-0.09563599169103261,-0.02475181512084608,-0.20013318553031095,-0.034738878602835414,0.03339382843722646,-0.1261024938100805,0.004151538389454114,0.04094489272025837
2024-12,-0.04746310997806082,0.0865166836493735,-0.07445517444882042,-0.09185812879480645,0.033427991863715846,-0.018176601050450592,-0.018047693972766923,0.009634978300816997,0.04215746947674819,-0.05532290328621328,-0.05744664254193414,-0.0020575494518266443,-0.0520290168091441,0.06104916799091218,0.05984731760722027,-0.0943536839949067,0.04202219537458244,0.06283145929371972
2025-01,-0.029090780448072825,-0.09083138509182541,-0.13811928478823143,0.03609656813531972,0.009717626598173337,-0.08770225141062007,-0.04036244550349989,-0.05376406607655224,-0.07198885485154657,-0.019019743884621784,-0.10083217935110775,0.00323011870317835,0.09415592213675537,-0.053108861908755176,0.012689200093546514,-0.009593113394194646,-0.07276887075540779,0.0028687685528294596
2025-02,0.10635817093244301,0.020169270600507952,0.015738055087169724,0.1867819621849221,0.1611098695279553,0.033595888384445195,0.11533071176134133,0.015350168201646475,0.02740587072139466,-0.005078824777036051,0.00899544990351251,0.04537184897854702,0.02269390886792843,0.05915428733142263,0.035523733334764024,0.18577468459066243,0.04447981367624029,0.03889735805015844
2025-03,0.010854205196435552,-0.12928154998106636,-0.04593254258085644,-0.005204765397508099,-0.035067503141407504,0.08315972361075191,0.008414252901610918,0.12342286906089732,0.09997798782578941,-0.08439563971819743,0.02735623235682738,-0.001398326610719772,0.190314310769717,0.0921826055401919,-0.010022645366960408,-0.0787506074809729,-0.11249757334306605,0.05370229011246347
2025-04,-0.002470371315857506,0.18449074552344197,0.007646591687278152,0.11839291402544364,0.05964185753449725,0.05603489460306084,0.023312702447106953,0.009134290053335393,0.09707275439267424,-0.0037165494262721794,-0.003141458217000553,0.08386067426482817,0.23679512380146847,0.12231914141673783,0.06443295525321904,0.08525711234410652,0.11648454821133761,0.040408179237403606
2025-05,0.02451857561012164,-0.00959964164016794,0.013978085664498072,-0.06620717266683161,0.0315557180484288,0.11483564773513394,0.08949269153976933,0.028914526080645347,0.10465402615363631,0.14610674332547366,-0.1019048121724447,-0.014837601236968208,-0.08845064875301914,-0.023633794008062203,0.08077430109390735,-0.08789134895327176,-0.017423082939644462,0.09363602728401206
