Date,MSFT,AAPL,COST,PEP,AMD,ADBE,TXN,AMGN,HON,ADP,CMCSA,AMAT,ADI,MU,LRCX,KLAC,CTAS,INTC,CDNS,ADSK,MNST,CSX,PAYX,AEP,PCAR,FAST,ROST,EXC,CCEP,XEL,BKR,EA
1990-01,0.06325107977085571,-0.07336337163009372,-0.14311731127089872,-0.07218743123185307,0.10109029003783102,0.25243952813383724,-0.027156641306198215,0.008131075321115106,0.038944491164358636,0.01567544336090244,-0.13331897810628246,0.02874382920688515,-0.1854650301734107,-0.15979205175045674,0.022729141687279655,-0.15714285714285733,-0.061452638261676004,0.13040457746520018,-0.09999992931589807,0.06879218569504598,-0.06249700481875491,-0.006262449925501392,-0.0451775091910674,-0.018820894072183004,-0.0881816345053816,-0.02887118302345898,-0.10186220452245284,-0.1259230953211338,-0.06558849864770369,-0.048736603302270434,0.011168460996443771,-0.059130400969444157
1990-02,0.07590628444216344,0.10555912584883662,-0.031215722416892168,0.08803914234968464,0.16575795746360375,0.3165000759547811,0.14838358608785085,0.27156691561293345,0.09455790041120594,0.0769390218206155,-0.0021528465345354284,-0.06461511258327052,0.03381642717380454,0.6863465725896376,0.23568410294330483,-0.016949152542372715,0.03560195162873979,0.10327439748994557,0.19529624326195041,0.12568628064922596,-0.21737680998071304,0.07566185285274504,-0.04144159165414177,0.04691447118969094,0.14577417355590103,0.18873254718835122,-0.09142095653741703,-0.02926359129008137,0.03336550785592355,-0.010182433431334117,0.17456740666047596,0.1818181818181819
1990-03,0.11518710500195518,0.14950752879412005,0.015847513217966933,0.08854188501042937,0.05022376251769819,0.13069970694820232,0.008318774769047165,0.08825555596114064,0.07927277252800158,0.05205519643111133,0.0624683929556591,0.16087827675021457,0.06373601402359572,0.12762928525074177,0.11861533845443659,0.18941238564391225,-0.0584157929570685,0.07939505068154147,0.08017633297575812,-0.007298597052475538,-0.05555200576782225,-0.0003098826910461957,-0.041948744567591484,0.0333656324354504,0.08010379066909676,0.1587559063221316,0.1677018523069655,-0.06197894888127951,0.11401177608375322,-0.0031925965313963035,0.09185330562080421,-0.10237397759138614
1990-04,0.021259024877321946,-0.020747227899513113,-0.11175532237487928,0.08244189365319367,-0.04085002840005415,-0.025589185475800795,-0.056639611278280766,0.06271980997382932,-0.04807911290370255,-0.1051888464507042,-0.04135046561820156,-0.026602524789523546,-0.15517604314335043,-0.10097103180372838,-0.08669461360638364,0.21209667070462979,-0.007010687526746713,-0.05889866375029189,-0.0430261125477797,-0.08746267497410971,-0.05881954973390062,-0.04401998851473922,-0.005825306191078301,-0.02107841885189615,-0.13058723575357423,0.04911070732046617,-0.2198118541452605,-0.07267298423524333,-0.009704144802160494,-0.07630410087905592,-0.09852326537914333,0.2558360667556794
1990-05,0.20978843454324786,0.10332980018776172,0.08174217809735237,0.07648933091013226,0.18603881842715236,0.2822642773166698,0.2578341388329116,0.11246406057964668,0.0687743271559775,0.1918869466601963,0.14997173362378916,0.3049693983679126,0.22201137552802466,0.03644225620820903,0.19851168612432454,0.4104643731473525,0.01128411812713925,0.2018955022916744,0.20311534290034083,0.19004944487244266,-0.05881954973390062,0.05820521710474634,-0.20116214837554114,0.025986494726668793,0.060398375580066464,0.0021730409585684596,-0.11378989082216884,0.0824520277628945,0.08465481344512862,0.0475759872620632,0.0842457941179887,0.09696058768728849
1990-06,0.02597554397764295,0.06545294443859573,0.09017581315387786,0.008032292141234664,-0.09698642053465129,-0.029200703618331457,-0.10318709875107245,0.12945131694237397,0.02425580024501772,-0.01704868528829649,-0.02025624607476325,-0.0164205782194355,-0.012783972710812858,-0.019391998940465862,-0.17664635514618,0.09128765970871162,-0.008118987708063975,-0.02863229798889289,-0.03687833251464704,0.09343213911401022,-0.2954513770673698,0.032988640190871006,0.10519311220022072,0.008507158677353271,0.05147570341369148,-0.11586504152203259,-0.024658008065635034,0.038759733631152773,-0.009927980827661302,0.02410252046325797,-0.050072829465669634,-0.03716405879938985
1990-07,-0.1172037667319222,0.02836974563045052,-0.014808020822789258,0.015563630492079853,-0.1408007845900355,0.01900733949429444,-0.17896315633709625,0.11128841139678225,-0.04621715069962023,-0.02146046762765168,0.003464148349550279,-0.0662970631371744,-0.08305137138123816,-0.11193968942269085,-0.061611079683667774,0.08827479782893434,0.07019170555399928,-0.047151922550790294,0.12394947060165658,-0.015434325020682094,-0.032255670927424346,0.03988380557501223,-0.21128549640689195,0.030173225563924586,0.0016336142507464757,-0.1412787611531313,-0.17099014614960545,0.047145734417666264,-0.008094658861904556,0.039847092876099055,0.13720022515825187,-0.1886819731542665
1990-08,-0.040168537919875,-0.03621895991139842,-0.17095113129832884,0.11086414759642267,-0.013629541556213936,-0.2699333058707037,-0.041074276371805316,0.13126881192595793,0.05923789267849487,0.008279417246109144,-0.08190945341245937,-0.16862878979769538,-0.0370280838714317,-0.22939286618487337,-0.2984435506785998,-0.3211830888599798,-0.09646232096391948,-0.18846468893746032,-0.1806800549269296,-0.02847048120285444,-0.20001022325802645,-0.08685712264256532,-0.01147610079571339,-0.05854034499923369,-0.26724135545184635,-0.1650640953219316,-0.24989307464098845,0.006788877427286456,-0.07160284642845971,-0.1398980754438634,-0.0931386842604226,0.12166481965177231
1990-09,0.01148744860121074,-0.24966475968481996,-0.13817665823144362,0.010665265214888135,0.1484241011513739,-0.2657679566542176,0.019029778497714776,0.012614415329294226,-0.03684041287220842,0.01301486036528327,-0.022083342023526555,-0.16300744232856076,-0.01885233349447151,-0.12044699200754488,-0.23483632739070967,-0.0768080170865216,-0.012393524152615234,0.003545419173316479,-0.16976649853886114,-0.0765236042742774,-0.15383707978793992,-0.06349495667166169,0.23460233329026678,-0.018522628353126125,0.04865690998152068,0.14911792133197313,-0.39941285423778794,0.016452378061736286,-0.09433563178656276,0.04245950519799065,-0.011383980340518912,-0.3636057897740798
1990-10,-0.034137206649579914,-0.02315917735842201,0.02090372055724747,0.08807080764804934,-0.30687958532013576,0.21251943709054588,-0.11355864099847175,-0.01699577254174381,-0.08469510718903449,0.010468006773260253,0.08305304873852629,-0.0689368657494286,-0.0616319510672839,-0.027172176692542453,-0.11843335752089348,0.0948074253427399,-0.012062349834858686,0.018691915965682936,-0.06820103255443942,-0.07286311543950888,-0.5050729571137673,0.017137663741005726,0.13416246688372213,0.07097940233482962,-0.06108396419354074,-0.2833217674903526,-0.07621649322635965,0.16275179740745452,-0.018751764439980015,0.087094243698189,-0.10418796817922538,-0.3481650205655189
1990-11,0.12465279365090648,0.18601340654460147,0.16478975786941272,0.0955483290504174,-0.11329376709021564,0.015628398581608315,0.340474477349056,0.1874891079423604,0.12069699158790874,0.043869672818031544,0.1983458722715437,-0.028990495664159743,0.17900711546953213,0.44181961103549944,0.5901841580341541,0.023277933016672463,0.17251548364098898,0.19177402380575986,0.08162756384490659,0.263735565813783,-0.48608605687434314,0.1395639681174652,0.18717882598617203,0.04477595375755605,0.20635691413084697,0.18742445512283146,0.042226245702671465,0.09394430506440572,0.1380595612927684,0.0027714335134648824,0.004258904750536871,0.10698186991602213
1990-12,0.05765725902050285,0.22770780664252346,0.027586194128241905,0.02020918204016513,0.36261004364312177,0.14180262980800035,0.22699728662509455,0.03500889341630105,-0.026234345958017484,0.007162015840342067,0.2764445446409509,0.19459851358510954,-0.017116240371124084,0.2181703558745062,0.17679483657615697,0.23239727527427811,0.15220544898627245,0.04963825634180463,0.14565725781388145,0.0768508536399707,-0.17278650011466704,0.10250890952446602,0.18676893286547896,-0.026051648072878908,0.10923221797078214,-0.027851250583556426,0.0928610999550341,0.1222246410149331,-0.02388396703613944,0.08424031197733461,0.006719073701191576,0.21791822564852056
1991-01,0.2977738798440227,0.2996308978707525,0.17015735785736064,0.05257507068301639,0.4646971113255418,0.29861795371444605,-0.011075218710879079,0.13552184905120856,0.04371638813306694,0.09826440326278132,0.1855786792614989,0.37673984139576805,0.09617975097474342,0.1826486080510461,0.6935590329381636,0.19963033367174543,0.13599018519263506,0.2597365883020499,0.08827756415892742,0.1029031120390685,-0.29998626206935963,0.1288419227855407,0.2186041640467711,-0.01335373376803883,0.23879261363462825,0.27488525173599976,-0.08739531864086857,0.04145859686518982,0.06452461142760972,0.0003111376391356271,-0.015234614948391982,0.2510031517300902
1991-02,0.063563309924051,0.04270564805851983,-0.05455009343483205,0.08776904037506288,0.08401776451150478,0.2514189161057503,0.0704264859545268,0.3036228380374519,0.0611634478493927,0.026715654252482766,0.038286270453651655,-0.08760091945617929,0.28560373312694115,0.2561701964972125,0.18970924532943245,0.21988416829662671,0.1126086194705976,0.06768576607666171,0.10469673312348153,0.050806114920434374,-0.27471087650340476,0.017136314956255436,0.12181718558478338,0.07418607687881461,0.07408066763391974,0.2088774214433656,0.09857336609315404,0.05390959892658721,0.13914301284987204,0.056809342270014794,0.181024675768157,0.10027538377770726
1991-03,0.05583790114325554,0.17486609001320594,0.09904348225893876,0.06667770265475984,0.16222453587454394,0.05446192843037892,-0.05912046682255266,0.15035257426230256,-0.007889468129879767,0.02516937191651164,0.06765003539635081,0.018538134008915325,0.1504402880139522,0.08745248803212068,0.3173313128004622,-0.16580182303709753,0.08976052498575847,0.0370844204725313,0.015339172723135024,0.031046645022597873,-0.1806638897495782,0.00781766488995726,0.03149830337293922,0.044970946387630426,0.013091023648778233,0.32013963265930384,0.06051230808661089,0.0395660102755426,0.05506610782808192,0.0785335791073419,-0.14064355359618128,0.31211511950666665
1991-04,-0.026226690373649497,-0.08306906908323738,0.06473970747921277,-0.0949179251984357,0.11036722301704857,-0.03389304115186288,0.03414261057475049,-0.06331224529255906,-0.0003782373340439613,0.044496777589576195,0.0694112918326421,0.017252193640079943,0.12998671117222446,-0.022240145500985162,0.16309388967661265,0.2607593424881583,-0.053761407417158694,0.005682815147413393,-0.03838855837946218,-0.030968255614971074,-0.2666530353075725,0.06269487959914538,-0.1100633029423998,0.008367295481963624,0.03695714457779585,-0.1476703924028574,0.00018166856948099788,0.04443435385461005,-0.02605136352905765,-0.03223477787592366,0.05417111778274665,0.03857523849675885
1991-05,0.07138861503230795,-0.09703231195815244,0.07806024849164876,-0.0716856468754374,0.04766294631178015,-0.019778920113470745,-0.09010047919716574,-0.039609774529540544,0.034818623717157125,0.027743141260520875,0.000610052107416343,0.019120313338554136,0.06067472043395585,-0.03884367263466068,0.0764398013710955,0.1717575066972271,-0.005319741118835227,0.09525166038638691,-0.060815461398877904,0.0814255627604704,0.0,0.1027536154355742,0.1909082746476846,-0.013149454621872494,0.20552666859892557,0.008103276811953036,0.5998067820047195,0.03749650901121184,0.04040951722391685,0.018642224920320805,0.07892447534414161,0.12271667828373098
1991-06,-0.03742831017042289,-0.07795722557766699,-0.02531871477446664,-0.04106042886284526,-0.05735112336931618,-0.09493246610775813,-0.13195129706033018,-0.0538760104075136,0.012156425939450745,-0.010239849414891361,-0.10297255661348588,-0.07130763591418299,-0.048334419908575565,-0.2053646051529486,-0.014510996877430857,-0.045822194058559224,0.006738976700211846,-0.12102552361755266,-0.22161397688963766,-0.1858527395524867,0.0,-0.019134146719647686,0.005619654769545298,-0.013061294794080741,-0.008012725450599785,-0.03823114174004529,-0.011513761493684023,0.01218843050140177,0.0400391054951288,0.04111454949688662,-0.12154959163258605,-0.13087176468961056
1991-07,0.07183744156680226,0.010716098976595045,-0.03314061152708569,0.03225711136619959,0.012439377335221812,0.1238420402865214,0.0026217604458633917,0.18351668283639916,0.23056152019452172,0.07875365331002857,-0.0340423883207405,0.24021625287523246,-0.017944953284321094,-0.020703329247798948,0.24191026032631285,-0.05945804881346252,-0.0499879648079079,0.020037745613076474,0.03195330746509827,0.06351464550819338,0.0,0.038195588143056486,-0.14919846848484783,0.034974467564148966,0.09272043023724987,0.03899261002221504,0.028654541864031425,0.056236621859002446,-0.1190703044337345,0.039988269743745995,0.0757585786347579,0.11642611777951055
1991-08,0.19997001522528085,0.13328428854869834,0.09659684861946805,-0.0027386539558431964,0.11942065994319268,-0.06069257659493942,-0.02368673682005552,0.08607369954892184,0.03759576251484825,0.024129199721661384,-0.018591399534811644,-0.10927914477426463,-0.03619911738524021,0.251334105609787,0.05652486219999996,0.27102997104351195,0.13340801574690483,0.027403569457862646,0.3147112621751574,-0.11859148115124625,0.0,0.1453354821154917,0.14806680837814398,0.03877427311973223,0.022281309719287344,-0.01411884198532235,0.17429116987455875,0.04201632210258749,-0.021858456989788607,0.05561806490797676,0.022409101078435543,0.4398945161344175
1991-09,0.00027749176965375494,-0.06854716340576471,-0.08933879086980395,-0.17732760001040526,-0.19575219883753914,-0.044657040921075496,-0.10705548208645783,-0.09917495790055607,-0.033134475580843384,-0.02918766234561762,0.07307655783462598,-0.18375771307782715,-0.0622326252255264,-0.05773353566502613,-0.09942681267398623,-0.140658161679736,-0.0025980918642305754,-0.026926618964125338,-0.021557090347025055,-0.05591364740319477,0.0,0.019185652669603658,0.11803167292871548,0.01232682374272379,0.03073383962452355,-0.030120985860440878,-0.07598965595673854,0.08331994306489887,-0.12293408572184808,0.07782848459458812,-0.06967627160142338,-0.1281086074685586
1991-10,0.022270956217147066,-0.10862555447439956,-0.022189716385538138,-0.0884371998184641,0.21954512634382,0.08043196176439368,0.1112987293873811,0.03538744986506715,0.14815455367443198,-0.03604633787055239,0.13713687573682987,-0.15798463286498526,0.09417542937900608,0.13382896210885686,0.374176642951654,0.057690422749669804,-0.12609696953041782,-0.13034734967614361,0.2667194986137713,-0.12790808823716593,-0.07142465938189078,0.04087757203287873,0.09994480989476129,0.05356976596553498,-0.047157494382192126,0.07260558131671033,-0.0023246487412015475,0.04351389525062943,-0.009601286080859986,0.025599427027375683,0.07753586701472226,0.13955448083109642
1991-11,0.02940048060343179,-0.03010947978949093,-0.06466077333390335,-0.0087247871058108,0.04467251521262489,-0.10170783848848865,-0.11771326768152462,-0.011125177643052197,-0.08550776058950153,0.027439057617427275,-0.08186777997849584,-0.08893689437442953,-0.1540907970825627,-0.28676899252182536,-0.020986377036111052,0.0006078300362230533,0.03416663921718369,-0.09026998380455646,-0.12446904282659828,-0.23741419326819693,-0.05262733107336398,-0.11161847556078294,-0.03777794528507952,0.015585804874084308,-0.005436508391789792,-0.019709654739442816,-0.015997956551436,0.07135580537051685,0.030093431647662216,0.0313679249822499,-0.21080417203793125,0.04377947504159428
1991-12,0.14767078871549533,0.058822932066787584,-0.11547605500719334,0.11653477747267157,0.07595823594786259,0.25764938941009274,0.11604955792603537,0.294013779861116,0.07657081529317279,0.1906608851199244,0.08461564891465413,0.30463230391474944,0.21269788093708913,-0.038357322743382716,0.03638132194626998,0.3022208096555048,0.06713697439721215,0.21616919247851216,0.20925451921176802,0.04644221637082282,0.0,0.255587382315139,0.3032215348642595,0.07061894409812519,0.002903235813205787,0.19425042152451247,0.026416245493324265,0.09375291506612796,0.1196742381561142,0.06389972853811593,0.007715811511212859,0.14304154221432078
1992-01,0.0745926869796845,0.07086232459428607,-0.11390244691396999,0.10918818876999199,0.006470541708593033,-0.0022860527548993173,0.15622260146687808,0.03323888181383867,0.14228596250872552,0.01212754293536388,-0.029313225083253684,0.104683757805149,-0.08204231623097068,0.25587804999839014,0.07971237164897067,0.2117421774473012,0.12070221903379202,0.23261059364981107,-0.00488561572005822,0.12165414504063804,-0.1111442417576479,-0.03499226894528096,0.06731503689357493,-0.0476818792247241,0.09440258185261552,-0.026792723165021997,0.3638772175862753,-0.029856476873388937,-0.025304845369544044,-0.03546775594386631,-0.006584099542056274,0.006640981467908259
1992-02,0.0689264869665529,0.0027576971094855755,0.15426593015641527,-0.007090409563506154,-0.09125876397051652,-0.0772934629617671,0.052338478165817784,-0.1250035849886952,0.06215870897425047,0.02099585082774541,0.030714507937717593,0.0330121808833007,-0.09447670443713031,0.019752294233556147,-0.06533698754582251,0.09143491864655467,-0.06487667356449077,0.04517602628336465,-0.05287959573057872,-0.17785832579641953,-0.19641866901940053,0.04045760982540296,0.11319801919616787,-0.03532906461670246,0.055865720854310276,-0.07610695279332705,-0.037812256742460824,0.04750632585839113,0.023820060029546602,0.01544177947690832,-0.061393395034514534,0.12558377379716004
1992-03,-0.08876542212800934,-0.15707199538525893,-0.1921613847641101,0.04915245100107533,-0.10634994075352208,-0.09163117697231195,-0.09184608936885276,-0.03674275284219365,-0.05125773047543019,-0.05289029710818189,-0.11790517038937688,-0.13488600251956234,-0.02623917729179256,-0.2017905191341328,-0.13131211270270632,0.05221042637818667,-0.08940191479560218,-0.12834604648339842,-0.19794235555317458,0.09830269961622465,-0.045451377067369673,-0.04941358886498431,-0.0877972098329944,0.003935608601373225,-0.07292271356703246,-0.11069777359595671,-0.1360326741955559,0.04201775558631448,-0.10323973985005251,-0.024475222771058885,-0.0926242810631469,-0.04229821332712278
1992-04,-0.18628905572901253,0.054888579960469454,-0.30310116071865073,0.08593355660598688,-0.092628044572446,-0.23019144220141224,-0.023426529118909672,-0.05029242499022344,0.10661782541260673,-0.06536307216252216,0.06870345528959536,-0.10704416759468427,0.19537229061947697,-0.08780197536928729,-0.14588246599966953,-0.28002693141779605,-0.17327599552546824,-0.0037823772536484507,0.22062699157293153,0.11810597641024072,-0.30945106161705394,0.04295357199860393,0.056358965376554965,0.05372003011217594,0.022444703111190893,-0.20128185466075527,-0.17068373195751035,0.09241458425734167,0.11174507859176129,0.04537616185435303,0.16171343081408757,-0.11583580341344718
1992-05,0.05908652468951754,-0.04638344640692696,0.04856161048827537,-0.013916031537597654,-0.107800741806518,-0.004658483357990872,0.07134741689135593,0.033292453976349015,-0.035772046380737346,-0.0029184297621159417,0.16858729662615435,0.07847651075189505,-0.034035393029712625,0.019051466710832226,-0.030811043200715343,0.05538642706249451,0.10354824746651582,-0.07257179587350969,-0.09109476136467005,-0.043094786643163026,-0.18749101445626465,0.05336255883709205,0.0548705317410521,-0.0273439960474308,0.10818909938552794,-0.11691963938745158,-0.11151164802191507,0.029077943217680813,0.029986372049589732,0.006134557636331968,0.031826811470406446,-0.037783092829434324
1992-06,-0.18924391051649894,-0.18937316909364685,-0.02964362594123463,-0.006185028108827852,-0.16584197793787492,-0.05524514607065339,-0.01664738812543964,0.012717532591641845,-0.10977503984089616,-0.07797958969366338,0.12452086891270259,-0.13302665362576546,-0.025072685695522796,0.027395562330848333,0.03612094978664622,0.15361034805910412,-0.16320257713087394,0.03575744745872075,-0.09025480409280565,0.10789459522321303,-0.6156940396396791,-0.028087178973834004,-0.1670446726075487,-0.023210159546381715,-0.024745859538785487,-0.1594166418336041,-0.08603057373264925,-0.00506800919889408,-0.020801253936647224,0.01520489848567996,-0.12763277626661418,0.23902250095696165
1992-07,-0.0037081968648779965,0.04647369569386095,0.047033680796035225,0.112834094752055,-0.0033837401191962224,-0.15206587389261417,0.19982978318270483,0.04254897256691762,-0.028657054435253453,0.08944990992335317,0.05555258005302616,0.10757406288934533,0.014311046901754323,0.06681933965105233,0.0014126984738894162,0.10554008393854963,-0.06471745100204158,0.0511608688017782,-0.0049917508659435665,0.17611495677696096,0.17171575169288322,0.06049896512680186,0.08947209886264879,0.10620375865593726,0.009688399975293565,0.0006345964414484227,-0.012440285786625756,0.04900450613327822,0.039069245195701714,0.05748426909359315,0.1332048085429295,0.27142688041860147
1992-08,0.020666884654129754,0.05386484594022421,-0.09129459239338748,0.03403871963115627,0.2098834891005386,-0.08800421689460884,-0.10727924350264598,-0.05844504275323709,-0.07226322074498392,-0.05533990103065112,-0.0172448745909894,-0.05021941650136879,0.012487214489162419,-0.03205167704631108,0.1348057372066643,0.06924271712297674,-0.15153731878943985,-0.029113538764053322,-9.852485096283506e-05,0.09689937807374509,0.19253238538659198,-0.04614651934118919,0.14773001292484916,-0.033377395902181486,-0.044524103759118194,-0.14674386373828233,-0.024096135106492285,0.029436298592138126,-0.08000014648436413,0.005656152832053126,0.12420018215348567,-0.04540427179618891
1992-09,0.1336310121759697,-0.023746565243393872,0.07475402993797643,0.023018422164236788,0.09798920917796176,-0.07368644028529499,0.055189041919969546,-0.011766236854772244,-0.04166638535206384,0.09549312687845868,0.06389444631856346,0.17233827850063888,0.12629800723931953,0.10111693448630939,0.23014398030921154,0.20396406110558124,0.09489184526929553,0.1345093879588661,-0.16177377954570793,0.07850273990323797,-0.15588234881460908,0.005943791805127663,0.010767323103793512,0.027251267563911018,0.10343939544309293,-0.08723813783465889,-0.18150845307656077,0.02931373066312449,0.08413552432005515,0.000208706117131786,0.014934931367128297,0.09618129842640691
1992-10,0.060167086099952326,0.10860835507326846,0.1274761110907133,0.0349782058255596,0.2876632002615609,0.2583819011526198,0.16186092825309448,0.08202447312408978,0.03896097919948239,0.032278123630944955,-0.1488438401125989,0.012512800700036776,0.1531285440206718,0.19412849562810636,-0.0060183310650246714,0.0762286570277153,0.021670068015979448,0.015317832564289239,0.08033723563978201,0.09512376112426028,0.1965328830945646,0.06100470474849393,0.10646855747737444,-0.003861900373734736,0.10275692814978465,0.006368282391689627,0.40483860799971716,0.029171985894257492,-0.05012581355698588,0.0001664910255306263,-0.038249321347149194,0.0484396875889179
1992-11,0.039246134847226596,0.09474532177737566,0.06330575422924567,0.04454921154416069,0.20164146449497666,0.01141263611127521,-0.01007730313709546,0.1455023220955858,0.017918609309819776,0.07217772537093906,0.18997521499768666,0.1719769470452343,0.1251605837081681,-0.05789877729156204,0.14760607692080419,0.040310508525052774,0.06661896430199002,0.06134397132278839,0.10616581664020931,-0.056651926859386297,0.2547292258149485,0.04554404279996038,0.049088932461290896,-0.019885310511954742,0.04705283648067276,-0.1429740611936257,0.14430268927637313,-0.018844549636543514,0.10919582357325867,0.008692716552669809,-0.07709958040168093,0.067529811426618
1992-12,-0.055483991849190374,0.06676533784877316,-0.11669228666866645,0.0067036601386251966,0.19719468977275184,-0.0007695084919887697,-0.07212299447818964,-0.02944124309502353,0.009352685154445919,0.02887877057244818,0.11159573651710161,-0.12660424283197202,0.2129598804409884,-0.03401161125932689,-0.010747979108798404,0.1388053468121893,0.01562372912637376,0.16683264749067572,0.10604207846959728,0.08827026234953932,0.029050903956837997,-0.023214701622682778,-0.040681291930815267,0.04758230842350907,-0.012636274207453248,-0.10660964124675619,-0.10340060650648618,0.014354490190043295,0.09707874006268143,0.008382804385036581,0.013630097863256845,0.17125536775235795
1993-01,0.0585275998000773,0.06486089094347765,0.0023814302423391417,0.02133977327142655,-0.05225538220953385,0.20900666674985063,0.10266846439579277,-0.10047345967628381,-0.0576839639143173,-0.04265794726164133,0.09308658398490957,0.009492842757131168,0.06100168352617298,0.1418670673883732,0.1596510815588488,0.15566724546133207,0.16490814669206091,0.19475175529781097,0.07584124675788997,0.002303278817418445,0.281606943220714,0.09232742087577271,0.10310341699973048,0.03453042439261574,0.021790482459360293,-0.05601750738963346,0.11869954686142806,0.06756868044585645,0.02126562788618683,-0.008771493278180062,-0.0200906541520635,0.14752902961773853
1993-02,-0.05755629280009889,-0.07716077766727757,-0.13908519760987992,-0.0567520222846967,0.03199110094023431,0.006134557059012112,-0.020772298308202625,-0.22622683461330081,0.11435605318378314,0.007197237145457187,0.1030624651019736,0.03794825461560195,-0.015139491955004063,0.04345681595928961,0.020949696499466926,0.11143324209374175,-0.09190273809425556,0.0010950967375800398,-0.13908549679843674,-0.04742047075355158,-0.004470688156788786,-0.03922641933157421,0.03406590046490307,0.07825845717942391,-0.004425680966533839,-0.19098819919766796,-0.0878505268603621,0.06772241900499586,0.20083823738708728,0.07437717002320166,0.1960383427086276,-0.0709355789511984
1993-03,0.06578639811019345,-0.005106512472544361,0.04107179917981703,0.07501456574745109,-0.007320273055753139,-0.020241244750664203,0.06530176611749684,-0.19677555641798133,0.00023114183002717533,-0.04439597176633821,0.014295215633784017,-0.01855485778743562,0.34211955278513556,0.026460506725501296,0.13623539559977943,0.13491331459445197,0.057098475017414545,-0.05902319747995405,-0.006475042063857993,-0.12720259021911295,-0.05124050719536209,-0.02386564070742996,0.1641388370507969,0.02412218194061815,0.051781157811439854,-0.053037562558343986,-0.013011899368137191,0.02539740152445859,0.156174693271166,0.013580026191155233,0.0892591960479041,0.21009486399449248
1993-04,-0.03617611823940611,0.029218113665433077,-0.16811244431358577,-0.09121223306355337,0.048118830513102465,0.3401395869376314,-0.1114491472852409,0.06378700117175005,-0.07627862690023018,-0.052865931338189474,-0.2465967154515759,-0.053337773344373465,-0.08982221317808842,-0.1352101673934159,0.025902189626282903,-0.179531153714181,-0.1601930836619205,-0.09182727563369174,0.005305777470597952,-0.07403520381531412,-0.17795114929924444,0.0455860480087334,-0.06601867720282448,0.03061232051271329,0.018140839154024865,-0.31502517140944286,-0.17925675015523918,-0.0036185641785959734,-0.12068985491715462,-0.005334346122656108,0.1469015409891519,-0.017541294534662157
1993-05,0.06816286047832748,0.18064019258597022,0.004791045544585678,-0.03938682065091036,-0.008378325890863281,0.2137733893067125,0.1495844043129761,-0.0842554593983697,-0.01179978198733286,-0.0022505266123139848,0.11638718141843334,0.13202683259581408,0.09462588008150331,0.1659344588512937,0.14530566190537147,0.33928915404761084,-0.037228502884244535,0.09414698876013271,0.23343910214999836,0.2569572011401669,-0.30553780650348017,-0.004736151220783366,-0.02590596017526085,-0.051893466187911796,-0.09436860933984764,-0.13085422206370653,-0.1969453298086313,0.0038330726563629218,0.08656037534668248,-0.0356384358945642,0.10494584304837218,0.18579449363802547
1993-06,-0.102729274055077,-0.2118073033136478,0.0444406718873984,0.03498105204222664,-0.057367805612204746,-0.06381882947463409,0.11147231657076585,-0.05484771065530665,-0.02436932331772334,-0.025597189178826796,0.040812924542511675,0.07887348946189583,-0.031457163216796306,0.1880363932319467,0.05535713891018171,-0.017911424007863514,-0.012591894674276054,-0.052402055056447634,-0.007836176686012346,0.10961694236488997,-3.996877879459917e-05,0.017504461557384565,0.13877753550097835,0.09089210123346979,0.10193732688618698,-0.2279523850324414,0.03978348318015996,0.0379546001258763,0.10182671170901841,0.04838114840346304,-0.05871280873229763,-0.08198335093839576
1993-07,-0.04828468898348931,-0.15070299669882656,-0.05210228450345453,0.06335772322982552,-0.06844900734523822,-0.1308824607201052,-0.00906245186419717,0.00027356732889182426,0.04807159993902446,0.028667144979636367,0.1310507111541708,0.2520895829869989,0.156332143137844,0.2534582142766829,0.0832863172483743,0.26670579371474606,0.007719575592154529,-0.0741810731059147,-0.12726866255300232,-0.2480048795657775,-0.23076307604306356,0.021646177463258576,-0.009049697128667007,0.006546128224801307,-0.0009469794698233337,-0.17125602117928668,-0.02749556825318085,0.01622830696847934,0.01731797262289332,0.0054335809348180185,0.029109494211302187,-0.07903076645759567
1993-08,-0.007625077709003616,-0.1494088899067963,0.24015624095180696,0.005921856919056517,0.19181896116621475,-0.0002781241288385185,0.1328905005961104,0.07380494799284305,0.03374220681702202,-0.030546988976822998,0.1275456934865994,-0.004697133627532148,0.07931528902419054,0.20214467785349768,0.12281515890299474,-0.015256665272827668,0.10116386337368538,0.20934263274657833,-0.09476169117498294,0.17938717964719458,-0.29960561586166595,0.06012296089499229,0.12724515839681386,0.04006514222395958,0.03141765306306502,-0.010576332523234786,0.03701184774109008,0.04792987523593208,0.05082599656762245,0.03548132601304909,0.061294330429579075,0.13569911309333077
1993-09,0.06383855420292342,-0.07083717111576592,0.003295212165063689,0.03504666077957778,-0.1431289030788289,-0.14400074794971526,-0.08116730140508768,0.06078430221422871,-0.02675825930565675,0.07089449474904543,0.025077134922134973,-0.02077340447515387,0.07088242124327072,-0.029873995652102112,0.07179322951877869,0.2159130526732285,-0.07330631748332937,0.10643772976093657,-0.04351818082235904,-0.0672643522681052,-0.26455470087839406,-0.005044942714679973,0.05544469566388053,0.018746091732725727,0.005040380109118807,-0.1443729445287967,0.09987083282601399,0.027326792498304303,-0.07353677228901155,0.024237374086894335,-0.16348371352157504,-0.037654779844645256
1993-10,-0.013255076158658107,0.10847023498063348,-0.039033141591497185,0.03177860497410966,-0.26733725323597113,0.054048410700840335,-0.2357975120898368,0.1088836709358311,-0.04922161565823943,0.018647695879403667,0.16132028876374394,-0.2576072930904925,-0.2268771789962064,-0.2389408189418329,-0.22681137164255438,-0.2025133085856114,0.13168997811143912,-0.09401021931730201,0.09703362912903835,-0.09473897211644042,0.11418753910430948,0.00900543066371192,-0.01497641713921507,-0.00024158383279024596,0.02398093722093989,0.05162053289534381,0.0794887769701599,-0.0717767509981026,0.009787197756512553,-0.032411297724329116,-0.09796123523997236,0.11288508755317711
1993-11,-0.03999614920811742,0.08037210933547494,0.026920126545083488,0.02865427677114126,-0.1219188111490904,-0.06200463871571914,-0.11739959352815744,-0.011224169832395672,-0.03256548331773613,0.04465843615783135,-0.11906590066308312,0.04582500424584101,0.030606394040437655,-0.19096042474040517,0.006823917014523889,0.017647705888905286,0.12471170568144312,-0.11184885933203452,-0.032941032698126135,0.06711170614860099,-0.08482444242133134,0.049726453356348434,-0.1297474667831817,-0.052124491523505546,-0.02774032301499682,-0.18741682888235367,0.16026870532632076,-0.05645588095348749,0.08434382382437496,-0.0363196264694624,-0.07341694944669026,-0.08410275118665006
1993-12,0.02038655109472597,-0.05442976896335565,0.024723216800099895,0.015645538455631342,-0.07106340462512999,-0.08126716483935731,-0.015896723886559144,0.026024852716344977,0.09407330483330105,-0.008877367800566728,-0.014757030147137504,0.1209889610127123,-0.0029318156908172644,-0.013448166166877471,0.10824737477602081,0.17406839111250924,0.21150228320281003,0.07998964807393297,0.05833670530389122,0.019150419187628547,0.05341604949177877,-0.009526059057174659,0.20948951339600674,0.023625630757952123,-0.142648181869568,-0.12962293305303216,-0.12552669157481197,0.10802646676541716,0.06961474571939984,0.03793881579738211,-0.09596230501170476,-0.15335173562834356
1994-01,0.09219141572019154,0.034779016429547935,-0.03353873253959953,0.0001304630078322324,0.13913808351669502,0.24532188742124125,0.05793922395477585,-0.046517799997498714,-0.008016548615912542,-0.029431862113809798,-0.19220553217637104,0.2856155706555029,0.0569004942431434,0.16296802786917022,0.11616271663413888,0.1446960691285568,0.03425502056655689,0.10531023802554439,0.001587001089940161,0.23307300264829356,0.04853257642328335,0.10161433948752854,0.115742715976365,-0.023625680291300192,0.09772840414980187,-0.03566273185391412,-0.1383456971876279,-0.05285318101539215,0.1287958802756199,-0.017763679458505047,-0.018548924358369932,-0.1328092899883157
1994-02,-0.014792139978412062,0.11395689612504753,0.20898741507544968,-0.025149469542096903,0.02434089487300066,-0.07268187831879647,0.09927558808974644,-0.07059564762533194,-0.05194082258162048,-0.02605027252535342,-0.01621509692975918,0.0414920352205632,0.019623491860251793,0.1522443812129173,0.03857365455091011,0.18937176769319725,-0.08838253207867793,0.06816851945415599,0.10376507806946222,0.13052491740407698,0.21554814387823834,-0.03177089227933718,-0.03580928978532014,-0.05735010034043172,-0.05506562960746759,-0.032421463273936656,0.03653623411926221,-0.061541813803825514,0.07469184642325882,-0.028822921369207565,-0.11332022213987979,-0.15847474428395267
1994-03,0.017650476861056103,-0.1063295109600238,0.001551964478065508,-0.04798811291789495,0.37802415500266784,-0.10642452168440225,-0.0689036471353042,-0.1488472229463418,-0.0993003165265993,-0.027452683517441116,-0.15999096636405594,-0.07737041684374164,-0.0198325941639333,0.1325422881685447,-0.1740607096214904,-0.08230795018526138,0.041258351035071264,-0.031451892226195426,0.024610103242290942,0.02468653664184897,-0.1481287495198083,-0.06781989325045232,-0.16897758191485096,-0.05739846190750609,-0.12147871818832134,-0.11433468989292642,0.06053800146236335,0.010123488191855948,-0.06794678588054337,0.005733165272032355,0.03619506855531815,-0.0765495408411601
1994-04,0.05387836998907773,-0.14104939517710838,-0.2420735196298474,0.0033299029648031346,-0.17263293125211873,0.057529001738133176,-0.09616052431868981,0.04396505591450449,-0.07798828861427749,-0.0025949842201922744,-0.11785761577279438,-0.049624042990623625,0.08573483299003062,0.02629643796891051,-0.14142778732458855,0.17755125983855863,-0.08895893953299731,-0.0868945290884369,0.016737127361927954,-0.0830702985499498,0.024800671072492612,-0.06709251092609592,-0.009163320722867277,0.06979741476308086,0.048676242741202955,-0.1545301254472583,0.17847450960050723,0.04514215005243982,0.08755942237301877,0.07236348065458788,0.006745021855269353,-0.20907334970311955
1994-05,0.12047201877915902,-0.0570598878969368,-0.15797981096932015,0.016775259597453143,0.019667398396212097,0.12413842860294895,0.011359481012902956,0.2208472895549383,0.022849718517150362,0.03350392943355711,0.11577847746511616,-0.12135910276993549,0.0036126529486324157,-0.1009953887565089,-0.09989255398056501,-0.09236039883197375,-0.00607859643059891,0.033774706512705276,0.06518893848589656,0.08680279486164387,-0.2996451079902767,-0.015950388374839114,-0.07373779500643575,-0.051124928929077794,0.0007915945276635715,-0.07280433392471547,-0.2070506116815249,-0.017251576723069425,0.007095875721937256,-0.002757861241844281,0.07473387054124501,-0.06596458653074551
1994-06,-0.014878951925719301,-0.011203779750369226,0.01993217079546122,-0.03409368599333587,-0.033564204031692524,-0.006746120047304341,0.0399566272833549,-0.09449938458305392,-0.054788269928873416,-0.01607655276666018,-0.011792202422360018,-0.04488539037504447,0.03577702432694953,-0.0017485846332334573,-0.08987042679273162,-0.03605357313802168,0.06652963935006778,-0.043089238710520596,0.17017233409669702,-0.0558807512362986,-0.33507568571397905,-0.03377810971591225,-0.11520148144139616,-0.0004050642589617946,-0.05456297163623527,0.07709034540511611,0.0507685699441019,-0.02765035436318226,0.06156074435706385,0.006521060338210928,0.048729863789293115,-0.19621955960318316
1994-07,-0.07282392807087455,0.19102122799525167,0.02064608256913747,-0.03618177828659506,0.10664059001411086,0.22899702725609977,-0.013916796351471904,0.11581678564440487,0.11190649944538233,-0.009325460200403765,-0.11151424227177943,0.08565780888323399,0.02693936579919789,0.06153538335764269,0.04845610334689506,0.1139226790545054,-0.0737812793180695,0.010037614794824618,-0.15974588321247332,0.05324155448272638,0.5656479686569023,0.003585254107119872,0.1220344716637138,0.0935257295363353,0.11171981553951285,0.012088976259183698,0.0788705660394105,-0.019092555748431817,-0.05102785129921302,0.05887525032973132,-0.021523452622652282,-0.0763404377568839
1994-08,0.056490006355612056,0.14655903410797191,0.04060425322492568,0.05324435823429208,0.11254694545131973,0.05617955088622478,0.018427300868752897,0.13420606600323645,-0.01758392495783126,0.02410407275307831,-0.13176732892749557,0.15471935036991452,0.24320933953154417,0.04350126392087613,0.21630086264859275,0.18051362651167346,-0.03420904689562381,0.1528240711150316,0.1592897067611572,0.07660861084358138,-0.032501470237402325,-0.019573143938352345,-0.05263722560770854,0.020210926174083394,-0.021113564933069148,0.11029373925597945,0.06078472640256842,0.05782907101984466,0.06906823701889048,0.038706404428663944,-0.14139981974091295,0.23380785705952384
1994-09,-0.009144883399591694,-0.011839219589547506,0.1013149010859311,0.01485403253390738,0.018838868033775366,-0.013511808656418628,-0.1355047518380374,0.04877784343504927,-0.10184468212087436,0.04179731088312381,-0.11122648159465906,-0.08239911340399864,0.0440299349920947,-0.19630363798230638,0.14762048790753876,0.04719196979386028,0.1339576991436681,-0.03562572034070414,0.13257865068315589,0.08441555709552911,0.11311162723319518,-0.11140692318932786,0.11828761310507949,0.029833876532844854,-0.08694257773253504,0.06407178680545232,-0.006007946197488867,-0.08825228707421373,0.04999098076163187,0.0008252342812733216,-0.057969813380631605,0.0718952780931631
1994-10,0.08728303902415192,0.222231374390169,0.03780721117367083,0.013879972148963752,-0.1414929215470281,0.13987977185920028,0.03259261482877923,0.032869621138740326,-0.02880599546601256,0.017197501295040565,-0.011978241383820063,0.07655386700837927,0.09554152917283186,-0.013438008036534459,-0.01397242830122309,-0.006270378382348057,0.05979322748534016,-0.03843782049588511,0.12561063558048277,0.15388080367763898,-0.17277784514088576,-0.012822823919705646,-0.007505869829999266,-0.0040935878939117884,-0.07103901036755197,0.016987345030470776,-0.030125654234242065,-0.004586005153979726,0.06283847511113046,0.041108464715290734,0.01336917685115138,0.2092877365171029
1994-11,0.00025284511136453654,-0.12282281260693528,0.012215792037836081,0.02062358692758153,-0.06492250367184875,-0.14226431208275306,0.0022676103832051397,0.05961918861881767,-0.016860963306673703,-0.04035697057314951,-0.051882088105616904,-0.02535444248483834,-0.07084319779233308,-0.022638004435314888,-0.09560827921124188,-0.07150734859744078,-0.0787694155934081,0.0008716289363944013,0.018641991716576538,-0.04045232597502797,-0.01760585664401221,-0.06540472796920774,-0.057956572723831985,0.059742443009907636,-0.14331944825523749,-0.0462698667786369,-0.017251907518261455,-0.05016781345898396,-0.025635694716762695,0.03428232415486364,-0.15621595458777002,-0.1504345631076044
1994-12,-0.042406141914628104,0.03609879881539473,-0.09497516005705271,0.04265763337195962,-0.0915555791977262,-0.1545943375526552,-0.05326504224784031,-0.008837036613247595,0.0622212685723157,0.05348312467450551,0.006880928822417294,-0.22352607019171752,0.0077970727591518355,-0.01889389134269792,-0.16714824885334448,-0.06104441255423229,-0.0002159468477933633,-0.0022016953685218142,0.05683243654616239,-0.006466404771187639,-0.06591776185086752,-0.016404988009474424,0.09063147633164953,0.011435104009299812,0.10837180797312182,-0.10782921659458027,-0.2057300560680184,0.02617468732232861,0.00802891942238571,-0.002831707790731374,0.03566786173463737,-0.06867020202634029
1995-01,-0.05121143320919803,-0.003986252029271932,0.024380877859372454,-0.001113271764645033,0.14095194021984503,-0.12986417358729557,-0.09381016474298462,0.036720374025450545,0.07477831405494452,0.021203581931217214,-0.06840312276423711,-0.14644417225965353,-0.003678390976972549,-0.022837485951996465,-0.0756606246044743,-0.028937755341298905,-0.0008607638068685445,0.0796030172975735,0.07962390082251865,-0.15854000166134413,-0.2959148330149411,0.031934948251883526,0.00860038274892729,0.08455467933105391,-0.04151609390917539,0.018589230529655918,-0.033007307623206465,0.08027593133506103,0.16121844891088946,0.05420619586903313,-0.01989392595446634,0.0015074107521081995
1995-02,0.08089122215959775,-0.03693709853892578,0.027655291370173852,0.06383148636812357,-0.03556603781216475,0.21481422468221578,0.11969747885731324,0.13360931497521172,0.07244389994808471,0.04867643068849453,0.00981276236708821,0.13330882968832525,0.14156842257919033,0.311131202665621,0.02288197180457622,0.10826490208829394,0.13542668667556806,0.13362805003260006,0.08748805036702358,0.09308283728578723,-0.03820979218815746,0.0644938283896392,0.037814327841230934,-0.022338929648487556,-0.043361999413238636,0.079281500628385,0.04780563124033476,0.009436092943982947,0.012686114311612711,-0.05059484893708362,0.05560238979378334,0.1495301020623234
1995-03,0.12297278424888844,-0.11986700118558345,0.0843467003145236,0.006887124624298179,0.11251673915866056,0.20901928815194382,0.1215251514623702,-0.02430245044216145,0.03976492389713061,0.006121439100341505,-0.1057822831957971,0.11347985889236716,-0.0039602270304627514,0.17176938267089406,0.022086721941419835,0.07101952431284003,0.04847404457973965,0.08000833410765869,-0.017975383953420857,0.22085100875819147,-0.1738178957512181,-0.0015648763165551694,0.1356596472946358,-0.05891552111451267,-0.02720436915987606,0.021816322360467474,0.02178645518656173,-0.07947555236303744,0.02511862871598962,0.0006759359420149912,0.1493337624962627,0.019652577758112473
1995-04,0.07469794808969742,-0.05749991563043574,0.03528601062659782,0.07704400588336303,0.07591802278811864,0.15590431984934,0.1473940181242363,0.056521135411023715,-0.006430948723276819,0.025841458829198045,-0.08600221701499744,0.039552451019999546,-0.010400477231124163,0.041597867391183145,0.026251638123237036,-0.02676777447050544,-0.009200975745076487,0.12800711376183824,0.22779185865244767,-0.15211078588301935,-0.1583994703848158,0.02074102138314645,0.01811302582859506,0.03930861121631073,0.023263557043251063,-0.0551937914575062,-0.10321414663955905,0.014708145550570685,0.059666122629262026,0.026245923822103258,0.0703324583051129,-0.012244871809217581
1995-05,-0.001852766188224168,0.09146407646314979,-0.02097521995819984,0.2294231649004176,-0.07672700010108621,-0.06657131871457306,0.024926662232523975,-0.0007750744332201822,0.05356481580834789,-0.05964983272590931,0.0958642157860558,0.07337447477920024,0.10603300735928306,0.023295808639633403,-0.033522458530910286,0.06841596612360833,-0.1271663507879107,0.018757484924637843,-0.03232069773678638,0.08176748587095534,0.0661232452601593,-0.05753501824344931,-0.058352887385624226,0.03023680761853144,-0.00014112473462092568,-0.05480764627675542,0.042196793330954045,0.09289461321013087,-0.07738083631996195,0.08833277774321158,0.0568791630318996,0.050748694955571695
1995-06,0.07772098608052513,0.07191082084051036,0.24887625427614235,-0.03129164152271266,0.0531720187152501,0.11663447724624473,0.13029445258053832,0.10128443752800066,0.10960556015232961,0.018528717998787924,0.0044194887410117034,0.053996304730460666,0.046891900009293906,0.05602652955837971,0.09040289753842769,0.034663752359644515,0.07426210542419229,0.050522618183892205,0.11331016623744428,0.1637022251059695,-0.023045213107849374,-0.014876642850666364,0.2089616398519147,0.018063338437644953,-0.01231065070847413,-0.03533651350513018,0.07643053822321168,-0.03998335399108567,0.04807959377997997,-0.013076387665778844,-0.08832349570382236,0.06853159148410798
1995-07,-0.005569492180109403,0.05423260389476341,0.11382991830773416,0.02482832732371398,-0.07236079344462786,0.0260430704653343,0.14834919683141667,0.029405439417342662,0.053888920271605995,0.02386061418809383,0.021601854018503872,0.19725556335122596,0.10557430327401462,0.04944266169691291,-0.031421634530477326,0.08718954647496653,0.036879138425978265,0.053400316734734936,0.17511988936250356,0.1037152642842613,0.13560165408785063,0.09283172402584967,0.002899776970139164,0.03677820315554799,0.14150000281349615,0.30725910441473364,-0.015175140679762132,0.06908689442353536,-0.057628655006127065,-0.008149239465838601,0.02953763138803462,0.3416656538257166
1995-08,-0.10270021440586474,-0.0869525228239812,-0.03131023080560797,0.027568595427364243,-0.07364549288126436,-0.23280140758302095,-0.1021559833583526,0.0662081564602772,-0.03924395222062331,-0.02712666060588117,-0.01598062608139191,-0.2061844197313815,-0.11383256199632927,0.04990034935313349,-0.24323517929902744,-0.20203429492053404,-0.07236711537176517,-0.18777858208530598,-0.07502018903325244,-0.09221560022961825,0.5530367166441488,-0.039611622243885855,0.10805523942555274,0.02185980592305453,-0.03693265285969835,-0.11541029624419447,0.3718453666440758,-0.052398968308393246,0.10582488031333635,-0.04491238028750802,0.04044624836180713,0.031566567931685156
1995-09,-0.008793521782461667,-0.1503106292370786,0.014854628102987384,0.17602192733894645,-0.07984395248463151,-0.03457022174676565,0.010217479685844797,0.010693997821406502,-0.033111682100060894,0.021392404086432337,-0.09201932048178027,-0.07946634039912923,0.036385068367457404,-0.019824358296795786,-0.05270706677736079,-0.1155901298655574,0.13055538147906368,-0.07863127128098266,0.05783929884231651,-0.08625728179626789,-0.22039466640477928,0.003049407822152291,0.10958423545568322,0.1002611828577303,0.00521867559471955,0.046343842112109165,0.015811337583881334,0.06878414893876732,0.06561663590876603,0.06959330873815428,-0.04627052710852217,-0.04628650913238956
1995-10,0.05460567212282803,-0.05928396191539109,0.03293841370928248,0.1329332029959761,-0.13168539687221914,0.08096602639628864,-0.10680147183488711,0.02759758659884729,-0.011328078037263368,0.023669057297177613,-0.08121635405660663,-0.11955400289107156,0.0523467238569572,-0.09651297386137613,-0.06820599549085649,-0.1511217710124947,-0.033947087397809494,0.08643670775257484,0.05524755886722833,-0.22666228787156495,0.726579581751817,-0.027859915715464728,-0.12166569871476397,0.07355121134680144,-0.13251220118502557,-0.015868974442028158,0.004013500732176459,0.05274637112612224,0.03487713613084003,0.0642475217330221,-0.06301616592210763,0.023553125585858405
1995-11,-0.10175543474199313,-0.028362887946129293,0.07074163484792867,0.11553402522833893,-0.14997047500785698,0.14697234933419456,-0.2252646645774211,-0.016429332744246357,0.11955150712644891,0.11366859808719833,0.05340561755323457,-0.13520952147056808,-0.006660641393734153,-0.19763355841665786,-0.19294202753251988,-0.30554910461004875,0.10693293159324484,-0.1723148077539381,0.02169430071824679,0.1023543921379083,-0.164924327351205,0.04975678290896078,0.05266956878794988,0.03069273386300078,0.02616004432726123,0.07667749799318471,0.21114440085597366,-0.003945141080799552,0.0941065170318919,-0.013162330685263214,0.018582503027034868,0.012764731213504651
1995-12,-0.032313741408265956,-0.19565351060565805,-0.08581686771760491,0.049490148711252374,-0.1323574211391545,-0.13601899392529387,-0.09425697224301081,0.15342466015826653,0.010909275790205532,-0.051716655952524705,-0.1390744214970533,-0.2836107390610306,-0.033546324313112115,-0.261764492216263,-0.24442071773583143,-0.36970867767334425,0.13368555244955468,-0.13069943341769025,0.16716730732173304,-0.061281753989391195,1.1776830590188208,0.04186127315415154,0.0356309118314742,0.055902107082920344,-0.006939106952419348,-0.005732199085714544,0.007031017514646996,0.04761621003684292,-0.05114889681731114,0.08084635477108576,0.20278937755144477,-0.23139382784517637
1996-01,0.01889896057085596,-0.025704845841271785,0.046472581202189764,0.13999871980100473,0.14055566358783414,-0.2714691702816419,-0.1046274166484772,-0.011314668183254864,0.08249662622895884,0.0339958073443976,0.04136589515112024,-0.11477287381426322,-0.011643980571392678,-0.24281503380309674,-0.13950157605850738,0.07342738836086682,0.011323648216131566,-0.05734332075583358,-0.09058891166609986,-0.10391391647349883,-0.2535671154342478,0.05835247434439558,0.02222500707734644,0.1037119132057091,0.09138928899565306,-0.25971893730308154,0.10348396535789692,0.05471877050527322,-0.04608796377852442,0.08312229707387073,0.11748281161136218,0.06751636639882924
1996-02,0.12308806279889324,-0.07552240606784204,0.11872810101815018,0.12557416101745422,0.010305605498406733,0.04392295243900623,0.09596161543625967,-0.01047488674350076,0.14303594313524037,0.001030199821077769,-0.0185433548092445,0.0024613089964967646,0.24476138362800018,-0.041914117733947404,-0.06852210529467845,-0.1807156986763859,0.1070279799554635,0.09696830727669697,0.14774751298361571,0.22409661995390862,0.026389370164694104,-0.005504889834190085,0.047971514561490014,0.014250769589810983,0.09269995440835188,0.07471018666374184,0.1891702185228877,-0.03544716264823773,0.03227451250384396,-0.036800199513091575,0.08117547010684552,0.10696767454460099
1996-03,0.028381735273913664,-0.15580978170702808,0.10845123596068348,0.10904691416570149,-0.14741083240627822,0.011855996026601772,0.022457059712663964,-0.10551824740166411,0.05542413999710843,0.012261233979925418,-0.21407691231251505,-0.03694989368441016,0.0020639614602332317,-0.09437547767236777,-0.08107601022090134,-0.2015500325363999,-0.023475490295279348,-0.03651655989008324,0.035126143289381115,0.06872023266026324,0.16712133440816124,0.09263907375796954,0.03323230699264914,-0.02954497189342273,0.014867608403099294,0.09703192661752177,0.09469680197463531,-0.03297385549228086,0.05134465473511791,0.0153637749415389,0.1711361340617454,0.1250507559258434
1996-04,0.07899477311701185,-0.09461545221079554,0.02261541873028411,0.03410695354688918,0.06580138056819959,0.21252382858733654,0.11458892599568016,-0.12108159502511366,-0.023051857356741718,-0.0004054087718265721,-0.0076862106552412135,0.14333317471733012,-0.11827275277420389,0.0997870103577878,0.11441503810719617,0.15945670314936705,0.04153271324900246,0.12428861062508809,0.19023165366193168,0.07279047322562776,0.19963037060420455,0.08449614232607722,0.14527889545198625,-0.008952689495211547,0.005098530776343147,0.1299474076655432,0.2204336399126923,-0.03804796504372239,-0.06062808518914671,-0.010956417789785754,0.09009776171198348,-0.015548754507651624
1996-05,0.030093970741628256,-0.07134019728062366,0.058482012846553924,0.08969074401634522,0.025194283158704145,-0.20027466145903675,-0.05456757237051479,-0.047003009418683184,-0.037564091065773346,-0.05164965896858109,-0.0834943416515802,-0.12719791738260186,0.04748198025704355,-0.11394907881941083,-0.0975867399467628,-0.1332486327917319,0.03219158794066202,0.07188789209970625,0.12289930198767433,-0.11172540314476245,0.07191661831090047,0.019235278444551522,-0.090580932602178,0.010067689822107624,0.02852038825461506,0.1969801492997282,0.04192977012226885,0.000616512153444892,0.08040990044225309,0.0026940258394049735,-0.040783768327636125,0.18302761099556858
1996-06,-0.001412286775242805,-0.25890092173426754,0.09853629673770226,0.12057759272895835,-0.20318411891161753,-0.09107477130936907,-0.15530070464166018,-0.10945116786240841,0.05235562286555074,-0.026786713812079494,0.0619834916057256,-0.22066049506336038,-0.044454471667937326,-0.20123811761577373,-0.4454174914689957,-0.12580063400907562,-0.019119348966185112,-0.04488335907889539,-0.0609351002709509,-0.1676966282845159,0.22706665779071394,-0.03544821727588195,0.039229682915044604,0.04298302794474725,-0.004342556772076976,-0.02168504495068828,-0.1641054499442909,0.03719733629251842,0.08560045598987853,0.06730588490423563,0.01975905454314814,-0.20934938252765062
1996-07,-0.02384843181766309,-0.2679447335004927,-0.02423355872164898,0.0283318962492199,-0.12939451454069426,-0.12609207769264993,-0.09900770487939538,-0.03560442287742328,-0.04251591977852932,0.025976556012892994,-0.3363102440644613,-0.29786731339169814,-0.2614902470650822,-0.33769609530959477,-0.23046275258711948,-0.24703357295827272,-0.02388224809770559,-0.0015349559158557003,-0.11924441187989754,-0.2863106639312065,-0.37781903145034723,-0.06569915214634602,-0.02915374915194346,-0.014635568239718757,-0.051321537036457705,0.11475306564289371,-0.171461029210469,-0.0776011178744859,0.010740280082821413,-0.09099545478897222,-0.07185878135790164,0.11928458164878764
1996-08,0.035752250750594926,0.03636422737480119,0.04791353949340095,-0.037105351596670465,0.10187534014194136,0.1514640583336671,0.0677430519951496,0.06670736978932432,0.03791296818060366,0.03432700190149891,0.0929096395200641,-0.058158812910709894,-0.08171422434352994,0.21481792776957448,0.09716449398430406,0.062110592969211974,0.04811775160043507,0.08789793350838948,-0.028540245921564972,0.043246929264974955,-0.21647813125076387,0.05179636512626117,0.099857126353936,-0.008823252556321153,-0.000474034395639487,0.12986462919179365,0.2338176126125429,0.010452652415739299,0.1339712538380743,0.016491364199371247,0.04310153994494452,0.037805893377047636
1996-09,0.07088231786812337,-0.07513841716922384,0.12206284444838199,-0.004406933957253991,0.14058622656466088,0.0023928736220731684,0.19586556720695014,0.07692024273090589,0.07595939388605472,0.0441723198902645,-0.030883623107103277,0.050209238451772976,0.054265024966594966,0.2401339636598422,0.12165482504868606,0.06817274872555884,-0.0002925915032039362,0.10021609399926033,0.0593235288505447,0.15588007166491816,-0.06809678602171054,0.03856164634060196,0.015528717644686788,-0.02711530277296775,0.20621202220635534,0.10449855962311495,-0.09614329633050633,-0.0045824204517990255,0.13851190088931736,0.027656800199206136,-0.007579209485863436,0.24245818546193057
1996-10,0.014552379676748817,-0.16151762062544905,-0.0283511360562252,0.057174521430195024,0.13942015545141662,-0.18246159964067404,-0.12072725678423003,-0.05020837180842565,-0.05484347817935423,-0.07864112076415739,-0.12624243293382528,-0.17845169489762205,-0.05381160787852354,-0.23719826530862367,-0.19014978801173177,-0.1486392488512736,-0.0033934095140497563,0.012870579809030959,-0.06454274037430342,-0.17083276238284298,-0.49520102371086155,-0.17168928554587243,-0.0522296657878201,-0.0029660777866100043,-0.02941241262801365,0.02444933317953757,0.14780695344566744,0.010106167934596648,-0.06340765148462933,0.00537614987199182,0.16996244471992447,-0.09566468026487338
1996-11,0.08576270418419037,0.004827418336466867,0.15688545423442948,-0.011508148621207512,0.2583599887765813,0.10203672945555076,0.21374996264889637,0.009844496695532516,0.06956913901820942,-0.02595785586303877,0.1651886318132306,0.2364598524758576,0.15135497712100976,0.25818047436351776,0.34516396485234885,0.3352716425131214,0.07560424875567406,0.11159065669494007,0.10659128169279822,0.09481388225205903,-0.014448466904219994,-0.030418273552513933,-0.07769741406894799,-0.011940511550188031,0.2580346395152509,-0.03516393457390214,0.13511076484510495,-0.004683358793252311,0.05719544124114446,-0.0051336499182791226,0.024505130876690966,-0.17197832682206599
1996-12,-0.07486390199142187,-0.1069778894767298,0.05373509856958434,-0.045359217631182475,0.06787853425998883,-0.004310125349168538,0.030244036138380722,-0.12294826767787179,-0.11508869427231651,-0.03028345819704469,0.06813332923675244,-0.11699336143524179,0.055083918206484,-0.12924922174443,-0.21787909421737653,-0.03453425203554509,-0.028039359516296956,-0.0456867464577259,0.0439082495282946,0.033959467707480796,0.17576321289719088,-0.08757506192106104,-0.07888682153746113,-0.005325969678461153,0.045678096777994844,0.12834310392081252,0.004399314373738956,-0.00482719586255378,0.051776968623927146,-9.3806632597611e-05,-0.0650573712875052,-0.09938387899496405
1997-01,0.11394957500352017,-0.16224001646759006,0.06131205780115228,0.04780373001523748,0.16067265458861035,-0.07968685375146574,0.17857865086495836,-0.009262717427950262,-0.013350272680171714,-0.03516138239337655,-0.009941815208734724,0.3190660638512781,0.0717862787460727,0.043182602720327964,0.23408745849211393,0.16201923351116843,0.005744595917550491,0.0986431076113123,-0.029145919504252653,0.07529112205881636,-0.10487051477619144,0.11876738690945227,-0.057820316384081215,-0.017714248828308393,-0.07974045155407451,-0.10243498267930139,-0.1671353579462933,-0.06941772379627334,0.17967544650918404,-0.005469129219043394,-0.0172392596451806,0.04530483737170821
1997-02,-0.04702545091607018,-0.1153558533595857,-0.0001548114812085907,0.004938561679666697,-0.03358701597096814,-0.10069173540953905,0.0013486710613682064,0.01971679404859661,0.0019249955909157181,0.01182653088572342,-0.10355008823508721,-0.10035844064386232,-0.20630145474482378,0.006089487237703651,-0.1122370731054653,-0.049966490891836274,-0.10146918388353486,-0.1317568758102563,-0.035422754744047415,0.0808246059252367,-0.15234264994171856,-0.033285082142290125,-0.13208729978723616,0.021472266476679977,-0.06530637359266382,-0.08016198107897568,0.09723345614866634,-0.011378251311231822,0.0698976322791303,0.02979706369382767,-0.1261730042172695,-0.05209598803611338
1997-03,-0.036594649219191595,0.04777963740914762,0.0065249971632244455,-0.02714496214908883,0.03187250959753276,-0.07800563555808639,-0.08121877477701643,-0.1227598444300302,-0.04970624437596405,-0.0006746382523412277,-0.09408302871506971,-0.07789754852262325,-0.1442151602603512,0.051952753695418644,-0.17604163361871683,-0.08164554405230713,-0.04484179020283965,-0.03679401261098065,-0.04930428526824151,-0.11203542748465742,0.09473876315786439,-0.10053644713579847,-0.07089840757651542,-0.017946074347274618,-0.01628621227825151,-0.054119427313438405,0.03478449384486232,-0.1010230776479248,-0.10030010155626433,8.939384865316398e-05,0.025318189820725614,-0.07741540476975352
1997-04,0.2622185366986439,-0.16337505106865907,0.05032661493070929,0.08487528055013906,-0.0666283634588407,-0.022303070675816668,0.1360575142768073,0.0015794210475486997,0.006484013545367835,0.08511842212963781,-0.0488989870588693,0.242394093044069,0.08245003002240546,-0.16645142679030003,-0.11990320642862091,0.2499216801602154,0.017835488254641083,0.07011707294265658,-0.04088984255302899,0.07508940127190149,0.8457710961221637,0.02491846055427796,0.08035445443939268,-0.012576561384216929,0.026142278372155717,0.19109855502020184,0.02261115052588875,-0.08966808124553835,0.016986036949603114,-0.008773983458020914,-0.13329760187724873,-0.17782058495983752
1997-05,0.030239151703800576,-0.035417037367288524,0.16177459032250108,0.14865755062570155,-0.04561668483922998,0.2111863191394471,0.0828303515706111,0.15703415093677678,0.0873087915443099,0.13476267251289398,0.14037767426556572,0.34231428912866385,0.09019661532057945,0.20791363226555765,0.37861490247643914,0.17402994697370594,0.18692336405269344,0.12746740739353668,0.13553617962051417,0.1325177526726738,0.46827485857676565,0.08077183283815058,0.23704022083241613,0.018242630030586772,0.34038191593469136,0.26966893309555534,0.057747257051352696,-0.03897105906023758,-0.017316760328772985,0.09418209704337846,-0.044381920239867687,0.4153977406856875
1997-06,-0.003291290390738433,-0.15460348062004134,-0.014524270603905924,0.032064306654612254,-0.12350016047028356,-0.17770205415504478,-0.0779334320242908,-0.15021654791806277,0.07640483747410583,-0.027183338930783896,-0.024739332451748437,0.1779224281520866,0.02791776573147457,-0.03293076872806928,0.1482892585005322,0.11285120182010087,0.0759494330834458,-0.07485406384479182,-0.024017125448268666,0.02638881788775608,-0.21166816498291596,0.03802177821497943,-0.008459088646122378,0.010470825692205853,-0.061459246388382544,0.13422507891052662,0.13679141232091335,0.06802300777038417,0.10594733840257828,0.057775216746796074,0.017245348296784216,0.05568656837655458
1997-07,0.026509084940400978,0.11057976532354233,0.08865762952726779,0.0027452959465632883,-0.13096234604458107,-0.016367593378340203,0.2380744982878797,-0.12935466816780208,0.029311423188158128,0.018668491957202327,0.05158653892893142,0.29306355723698696,0.08154388161826494,0.13386995728422282,0.5062568289301219,0.2755226735268298,-0.06623673016546767,0.15581234214179324,0.21921523694448325,0.11833789876880647,0.11280697111743945,0.12119506865490555,0.06053316780371306,0.048548421543128904,0.04451966411765231,0.24941021468916458,-0.11444739008240444,0.11363778789300283,0.28837420793598323,-0.0038518173574044914,0.016087518716516862,0.02187156747175483
1997-08,-0.07424241914193597,0.01110358772156806,-0.0707454541189026,0.08252889455419742,0.056152732813337124,0.03057799552778422,0.05922546937084391,-0.18527280324683548,-0.0579726852829332,-0.042949966943473195,-0.017647553428554272,-0.00654697590658973,0.07013202707653457,0.02735190960605309,0.14143082206257854,0.19071259853379013,0.024568572007452744,0.05255141552847471,0.14643945129911312,0.0648690605420624,0.02776235559074669,-0.045417416025895066,-0.15530031791788512,-0.005544200381464865,-0.03002496215595611,0.05610700614573655,-0.1086525710678872,0.0694826958817305,-0.09573021842197524,-0.02972864549085593,-0.07459606652546116,-0.1124905138171711
1997-09,-0.021738919932531894,-0.006843999035278635,-0.007751930002008577,0.1648657865718533,-0.1812767658483939,0.12533247845640433,0.12150590860394599,-0.11213998954839045,-0.02668937149635575,0.0828575859202626,0.09748448219765626,-0.0883963987289169,-0.005212231010618714,-0.22696693867122444,-0.21787927553259956,-0.135381331292557,0.07879534273836744,-0.048910899473957936,0.07631663499088401,0.011086429686987271,0.3182875266381032,0.03456681667225698,-0.07643906285688172,0.014641321595301812,0.10056015690302195,-0.03126774780138051,0.021342395861977483,-0.046261404315306454,-0.042811169583894665,0.03633500227510322,-0.005606712460298274,0.27294435569725806
1997-10,-0.06858083455002205,-0.0613606729460618,-0.010011906814295826,0.032903860293072865,-0.19086870894010732,0.01872966878224743,-0.23341727518769434,0.03989287152608384,-0.17141740446107379,0.112177660212203,0.04639385057982104,-0.37036913455614473,-0.06902521336761099,-0.1811907671149405,-0.1248633559440632,-0.31959132285732766,-0.06261557869903152,-0.18457172339993588,0.08932973481891246,-0.1254615380734906,-0.41469057155773803,-0.0688272116771028,0.13740274242940062,0.04860350999191989,-0.23154307777338395,-0.04122524274790643,0.1399112578210958,0.064065900234236,-0.019191445792811672,0.02549182699644925,-0.030965787362232766,-0.012930242951441143
1997-11,0.07615263676568423,-0.12706846600518376,0.1204133488038299,0.0708183245929327,-0.07479066423012143,-0.10653380744298853,-0.09780601181077643,0.023677277443368984,0.0002770240596257227,0.12080941376601452,0.04113751223940849,-0.233712441019157,-0.019137750050112912,-0.07737562065867146,-0.25076331714369327,-0.2325278142319121,-0.045477557991908404,-0.053861797173322255,-0.08667343674877598,-0.09252359345012538,0.024335454229363795,-0.06375720078946297,0.09304536266913213,0.07291068176106535,0.26189358056777745,0.14005265236714998,-0.024181471803404367,0.09980893856938758,-0.031224927379744683,0.08209949923254276,-0.1191871096049594,-0.05943235044170735
1997-12,-0.04594725993006365,-0.20968825597923182,0.0029453713260618993,-0.03769005772012579,-0.2196466337993433,0.012692069178028868,-0.1399575385905277,0.0723308171716541,0.0571920772924248,0.10943209795315476,0.09866939224524983,-0.19261697724535534,-0.11467414035725217,0.13713662453309458,-0.054133009720218124,-0.0914178569378567,-0.04850802664205545,-0.15257457298174268,-0.1176457794839821,-0.10747338125899925,-0.21079656290043816,0.026179368697730368,0.14765729326937313,0.04494437648637876,0.03232064538510351,-0.12299618597127737,-0.05809338225034495,0.0008485109962464781,0.14167749084170955,0.061246116714266344,-0.11747817580297101,0.15204783682222064
1998-01,0.2036489948396956,0.4240085864865923,-0.03654016330981946,0.044228031354163595,0.15913477417834307,0.02137054277254344,0.18408303504034848,-0.04893280444604562,0.009576141566364677,-0.018797711408142685,0.002601522014793946,0.07018986804548359,0.062193616771155195,0.4065499530761594,-0.21696549977326698,-0.035403804769222294,0.03487996798565237,0.16983398948869585,0.13872090952334296,0.16167790229065424,-0.07128537139163423,0.0010486543277169141,0.010175879460403091,-0.019568527504288665,-0.016322676874979306,0.11197539003656676,-0.10026555633549272,-0.13486550075136697,-0.10698189638678128,-0.07427880115360361,-0.13680619730273585,-0.02013802046569155
1998-02,-0.0023536401537196166,0.28242992846007403,0.10223649773721034,0.07803343799827647,0.070652537686292,0.1269369131379674,0.001342921195565811,0.06454012479805134,0.09319110613344274,0.005166799584960809,0.10035542698569005,0.032795581751950756,0.08529585851837096,-0.004573590393184683,0.14349692353132587,0.10690058072934205,-0.018057924730415873,0.05844852124865796,0.2499349369526683,0.10480103350202258,0.22105095095257282,0.08198970319709206,0.0012082217802023485,-0.007858128706574439,0.2133802515682996,-0.07528955021489483,0.18034595156700362,0.10177619159162506,-0.027670369980772342,0.01958930124415633,-0.08001509112745672,0.21048624152952838
1998-03,-0.013506713275307043,0.34001156959668943,0.06091183532923958,0.13852532517172272,0.20415056733919792,0.04863210956580484,-0.0976291950878756,0.1000338285989777,0.013831472900888802,0.12732516605485555,-0.021351732360231152,-0.05785049481382516,0.06012735578151233,-0.1201602430566907,-0.021837072535819697,-0.23602163442043655,0.15664680908780393,-0.06132396818535881,-0.026349333241867244,-0.09798462916066819,-0.031738703881000974,0.032245112242998794,0.10974537397759883,0.03257141813953455,-0.08022699206317857,-0.0770812207555812,0.12696316181460882,0.17897186078959612,0.026866227206562922,0.08325202166500117,0.012983500714175877,0.08694245070356445
1998-04,0.03449661393279227,0.01226653582998212,0.041767796119902195,-0.014317410009802089,0.01712103458865556,0.11824660591365259,0.17999602439160603,-0.01604192579910622,0.03193535271006186,0.013211165229796554,-0.051619142286670056,0.009352740312735329,0.15923462914346292,0.08582631519730569,0.1433764395300262,0.07663127069233425,-0.177522503473417,0.041640432637442604,0.016963872508393797,0.08656142928152392,0.10853672774283796,-0.0769064206804511,-0.10661291935111095,-0.04468371571060469,-0.06702110778553129,0.29209183389512233,0.036889896589255435,0.08322485256500473,-0.12109113067201009,-0.035406587158682536,-0.032952587763836264,0.004375349184978331
1998-05,0.018520239372238026,-0.05978065346062581,-0.0084476807581414,0.030928236856787118,-0.3047716554607216,-0.19332550334396953,-0.20180581455430616,0.018111237315647927,-0.09096225944337594,-0.08026512130647279,-0.04478169032019252,-0.10582836712959055,-0.3742958595143512,-0.2553191326341285,-0.2715140057311739,-0.16734345019841826,-0.0667801894542028,-0.07658603117248385,-0.08333319847425799,-0.15249769076044112,0.09106477828877135,-0.10314799135806292,-0.11099062639561597,-0.011922063422225572,-0.06992554093201944,-0.11463478799639226,-0.07692441698850297,0.10002076040584254,-0.048947887076947985,0.013267621492990307,-0.06503656266669357,-0.13023698957880903
1998-06,0.27047779542926503,0.08347808511068988,0.08259876676850846,0.03894245191044847,-0.21578032811542175,-0.006502003916609149,0.035833687661996495,0.10336519423783722,-0.04130528486931824,0.14280936417251214,0.12645866507019057,-0.21294869895841773,-0.03868363655104808,-0.095515431465927,-0.21876252121456674,-0.2628902593442803,0.10028833056841706,0.0001676011204945414,-0.16347809529572405,-0.08500721090651814,-0.027391780568886775,-0.06617539444920098,0.04229641945042117,-0.0016637844502800053,-0.05004622655927765,-0.031095578378151696,-0.03741552990256156,0.0530052590337842,0.06718885260376961,-0.03475593428684127,-0.06571514394941066,0.24025492796395645
1998-07,-0.004453505532358462,0.06943390122270471,-0.13997583774388814,-0.07586937895997331,-0.07922964726577134,-0.20445894521734542,-0.018761023235104403,0.08252871615082114,0.0018841397872442355,-0.059975686924208384,0.04826513032340257,0.11336571192754366,-0.13372720379516292,0.1941601913494053,-0.025787089782851432,-0.00601003856850173,0.041653369742315885,0.1800627599380644,-0.18622949526378604,-0.175779964859367,0.14215032699451202,-0.10063641425151042,-0.05287805634818987,-0.008815800464867414,-0.1790144779311809,0.015744500061849093,-0.06647271847103693,0.010658951286458366,-0.18047786517104009,-0.036797752214169116,-0.2530200672975874,-0.08085400425994049
1998-08,-0.06709037815605126,-0.12558550191286835,-0.15655095152825366,-0.2752195300054638,-0.2511405907746443,-0.09087787228895351,-0.1670323827934298,-0.10916416514544157,-0.09670162468821535,-0.045592768930793996,-0.17753901410560707,-0.20380570098503104,-0.17715287948867445,-0.3351146983564338,-0.41711482241035375,-0.3381795161077852,-0.1720615708229243,-0.059721242451816176,-0.2460276488183371,-0.24280352173720185,-0.41011644069498815,0.008832493154073407,-0.14638023148036067,0.10621193815023004,-0.0783004784831439,-0.3681470833857522,-0.14296855083936588,0.1870840797286298,-0.25731956969083336,0.04406587957543056,-0.22489288426995624,-0.271295077920363
1998-09,0.20343317862425542,0.15088892225611175,-0.11697142022924337,-0.047683904106926245,0.2145987824191318,0.3318260272431329,0.07133038029770637,0.3015074252368014,0.08304660763293847,0.19262309624689455,0.36875875490932764,-0.03442313922161303,0.026994154774447925,0.2240133865368012,-0.2112358995190044,0.030084527595255404,0.33526051306750904,0.16538431180107116,0.20649240829429913,0.06416676760388398,0.24655674657144572,0.1441475629329526,0.34891969481625484,0.07887793083797316,0.07135657107314307,-0.19342326628850415,-0.25909268842564614,0.11230008943561387,0.12154655830654057,0.12353828764583173,0.4753512640480319,0.16486664527679107
1998-10,-0.04556666846736241,-0.12941650445445213,0.13369065369775024,0.1286196438971217,-0.04736021699697718,0.06424254025609932,0.025527128780115104,0.020947221007902014,0.08725448698925185,0.008171507777615309,0.037982409138414185,0.37216466480880084,0.23714809686284616,0.1269963111017441,0.11496634274713038,0.4855546283980051,0.008303020360855354,0.10416624245038943,-0.22347564287209915,0.20730132351084896,0.07897305198971587,-0.10112404084321643,-0.09580252674822703,0.006085849853337511,-0.025112360812084577,0.24287726370702986,0.1721544413512074,-0.012214511703702177,0.20108624069833797,-0.13329250871168383,0.01868345831085492,-0.08417857918326256
1998-11,0.14625939668681806,-0.16827927892425287,0.025948978600953236,0.14304065811528135,0.10079150286948174,0.24176663764913658,0.17539035352373766,-0.0696145932336838,0.03343595260908278,-0.018794067659268946,-0.05647488879129673,0.08756575999123203,-0.04091998986979264,-0.036605532792366294,0.12767455539593087,-0.07077585525411774,0.06949630571445249,0.16051455605027254,0.35327385212006407,0.11619889788300602,-0.15838436887985252,0.04924304975310688,-0.09075325933666908,-0.0230206632874733,-0.009750392222400907,0.18007372007087716,0.06529246117376089,0.05547992608810194,0.05123633793645685,-0.0587932293738127,-0.18360596750947367,-0.03169167728043129
1998-12,0.0791963856908864,0.10967238384758289,0.09944875450210956,0.10347153887343313,-0.00695553047628641,-0.07287505187384588,0.12418545360537347,0.1102562839314163,0.0516213038936325,0.014986541308272967,0.156231304297229,0.004782792230073234,0.2554792035723926,0.16265042243687286,-0.12276025309774932,0.12870700904994045,0.3180482260261963,-0.013121231554624408,0.07036280304503145,0.2839655566699142,-0.01044948016076404,0.02937187533142782,-0.060894904993599404,0.047548055479990796,-0.11355406425654771,0.19867513343692944,0.06860830785130896,0.0636657560225999,0.13432981563548838,0.01653316318701361,-0.030195955434885357,0.24740387232353905
1999-01,0.07326649899799942,-0.09324991052532768,0.1724992327888364,0.05573586041332797,-0.21243715702683913,0.10881488477933136,0.09277494763579447,0.1692867843814218,-0.08282623880477846,0.01039666150660921,0.09832618831334732,0.49820558819809546,-0.0952650626470588,0.3685015185468958,0.7868612799354391,0.32595378511026,0.22234748450255368,0.060857923498609814,-0.03863125676507063,0.028554775522337386,-0.21809249623884203,-0.06524137134854939,-0.13972057812481187,-0.06445904989601635,0.008294335508767535,-0.073837259641136,0.023266546226879497,-0.061453589168928596,0.027645802817443412,-0.056326320883498045,-0.014866826233912696,-0.36241118063693156
1999-02,-0.1941862564638791,-0.2036657708226568,-0.06224238071956771,0.043085766903245976,-0.16197261128540652,-0.15537426160867035,-0.0904772074810325,-0.08184888165683371,0.13072762682510833,-0.016226880409184588,0.01899426435274091,-0.16768306436605357,-0.26071021995895133,-0.19808418762610572,-0.22777616047349158,-0.19069145973785256,-0.14365408062088325,-0.11421420666943535,-0.2530057590332161,0.030348273745952503,-0.11195515385619269,-0.024460404804047885,-0.1540620497796711,-0.02769234470254642,-0.1472685394131524,0.09364265990582343,0.07260876183119083,-0.06311557735065149,-0.050123550491399764,-0.03296690448260995,0.11975911937093857,-0.14559975951033172
1999-03,0.07673599460468244,-0.1058268233484489,0.11382753381062195,0.023693739555907103,-0.1445458764469493,0.1546837270385524,-0.042795513946490366,0.022231257959498624,0.16587869260902283,-0.07722654966646601,-0.15987726383648634,-0.08413569493214844,0.06017739358209029,-0.33233910034387093,-0.10640779498999282,-0.17509257227564537,-0.12421731471362883,-0.14867249041757816,0.014492182729688663,-0.0015569185652292666,-0.09233152513729212,-0.008336265449807988,0.021579630869199243,-0.0518960950135054,-0.12783713247523604,-0.04622078207211612,-0.08550058580941496,0.2319051058880541,0.1921296396183323,-0.09824397533542713,0.039881717433246276,0.10634156741425324
1999-04,-0.20640777582800607,0.2789673300871664,-0.18027747282674778,0.0014354411246215175,-0.07458841208333705,0.0302793069937936,-0.08412276720127775,-0.23704644071987768,0.14621654269544132,0.002805423391473056,-0.17949473648859143,-0.21512625935847246,0.07397740165663634,-0.26858645775533063,-0.07365158660390447,-0.14178598011527915,0.03974826710559743,-0.08514917490829146,-0.13806934449892302,-0.3794106115185162,0.38332788168437315,0.2436043160917633,0.05451802934325143,0.012922933890239467,0.38266204683608224,0.3892359753295059,-0.020270373202433196,0.008693838579762603,0.07905610914134173,0.03508614501382997,0.10063342306521504,0.07937781288142612
1999-05,-0.14432327772195402,0.02063328675432452,-0.14758259391094222,0.050418847451627585,0.0035586733989693845,0.17430166980582193,0.09148454481595052,-0.05178316611427899,0.09150031920734278,-0.011636674947225138,-0.0591131165400032,-0.08401553505923046,0.018312953460859538,-0.01056042813435394,-0.11504185040586663,-0.15770016158646402,-0.10358271202367904,-0.17021978266548127,-0.05261650677678501,0.17872219382048052,-0.02561354521719464,-0.08855647270271068,-0.2140751589737112,0.07031747766787347,0.03319097200923228,0.11341290187145257,-0.045336043082340065,0.025191922853392786,0.05414413635792926,0.017272002655610436,0.00018364435511136477,-0.04906784087586307
1999-06,0.09296779285885409,0.06803887134566876,0.14575904625693567,0.15964194470284854,0.044073858087600705,0.06827848120974495,0.2403161166439337,-0.10747551574271301,0.025436001536412827,0.08649434645525199,-0.07165804901217905,0.3610173381884472,0.3443775181876445,0.06385711777101839,0.6823367257808728,0.41373113963865726,-0.001740760660204376,0.030523418001150427,0.02041351745009919,0.12092764942196563,-0.28742696884809926,-0.03450304029432315,0.041291408933810544,-0.09926334928775338,-0.06221616037179621,0.040179119596096956,0.0651159939715427,-0.12626831132697963,-0.10566454238264207,-0.07002602167099042,0.15184127841968678,0.0910495363315668
1999-07,-0.03172777153333729,0.10615350975857872,-0.10364027830868533,0.030628737233888426,-0.027584472650236343,0.035486762890803984,-0.0040376622228902,0.08195754113748824,0.05225922114458315,-0.057467277498632376,0.01361832645690843,-0.01762790272877246,-0.13852055397230412,0.4106679013553253,0.035132207022904975,-0.07231056811636201,-0.00032170248006065534,0.11706221807671964,-0.10909758416161414,-0.03142395155645481,0.29147330361498486,-0.020333435084784218,-0.09945254905560547,-0.027185650239950312,0.02076753882492676,0.22108566176436137,-0.043470855118159124,0.04660373598793979,-0.07274253680971826,-0.08202019360736051,0.02661373615452227,-0.026132686110718596
1999-08,-0.018939999417045113,0.15270119186284067,-0.04513832048042204,-0.09442803893161932,-0.019223849747145638,0.14111284056856754,0.011290598291134974,0.04786312964217843,-0.06368285245307292,0.029784289030152525,-0.1897849484576446,-0.06311126148008879,0.19080180074485784,0.007969335319237693,0.04276589501651094,-0.22865220350039508,-0.26491207179264675,0.14581147133636177,0.061139378906395266,-0.12108156050931992,-0.2671515832917086,-0.08311441249847644,-0.02205471535842886,0.01572102678558535,-0.0402267507182504,-0.13565396979236033,-0.19762315290817886,-0.029644133024425458,-0.05460283455110709,0.02713375527598518,-0.08441642046027002,0.1833940457719529
1999-09,-0.023233487176090153,-0.0850328171161609,-0.06019694412334376,-0.054468524467036615,-0.17309026937854444,-0.010932811215215908,-0.059211199642046894,-0.10251247917475832,-0.03485616611751825,0.14356751720796623,0.17646614286935172,0.09376326368441491,-0.11018572056805541,-0.22321115603345387,0.027191461227659267,-0.08304250034616305,0.06297466467612661,-0.09169256968318136,-0.10072753845031478,-0.052760381534850055,0.030487969675935155,0.011062696079473145,0.14708578567336514,-0.0680629773164536,-0.09383686605957306,-0.06057033774736527,-0.14249561977573288,-0.04799587964885076,-0.2542509584426275,-0.0723925220084108,-0.21058676369827745,0.008159437967765935
1999-10,-0.008076455238398866,0.15331523239992795,0.05815587617053652,0.11910127303389742,-0.059749511894548406,0.15998677704404662,0.05518931429536327,-0.039209485882175196,-0.054309898185147455,0.04019292000022983,0.0720808751920555,0.08974014119099594,-0.057405399856293116,0.06359012913501295,0.29122277738417696,0.08814891559545611,0.04043820730157991,-0.056590694252540624,0.219409197933909,-0.16766433287465995,-0.21124418532456332,-0.02066833020361729,0.22243362639575218,0.016603367068701674,-0.10647409411064628,-0.2716777712050848,-0.022560813332063622,-0.02301876341899215,-0.04056976438791145,-0.03675641449688985,-0.08805021519698729,0.10165265534343773
1999-11,0.04823842154462828,0.18816426923975868,0.11294864773393162,0.010038731790399965,0.43664660323426296,-0.16178838129528333,-0.030861183448317606,-0.009240445318682709,-0.012821861678333256,0.013247354963051761,0.024885712036365096,0.005325985223947452,-0.05954375198373778,-0.15568807359760023,-0.17030422344769128,-0.00261843376722655,-0.2652668726075199,-0.07347104523946102,0.18136530889514757,0.20839435976970144,-0.05962251436162669,-0.06868835588651738,-0.004498916352538098,-0.02232265129970906,-0.09400687076100163,0.0023577086582537753,-0.1472447318637546,-0.08961669339592046,-0.2407999044785572,-0.05532530467596245,-0.24432225344523661,0.20918737312600316
1999-12,0.2558660015788288,-0.03650976217238929,-0.035017772200556255,0.03377482351484141,0.015140923744847865,-0.25241795003860606,-0.05761182959703274,0.05167993522345793,-0.11641852170005422,0.08216369982205826,0.06973166159678439,0.2000549293496085,0.2619363710892245,0.04174894663467469,0.40750028061935656,0.20837217248625522,0.11434381513180203,0.025379081786835473,0.18645749009092383,0.1580196711168127,0.06063166891502321,0.05523539022760604,-0.1111821797785861,0.03726365520141476,0.06890300538948897,0.1560883404757592,0.06549270232356624,0.07527080354421958,-0.14031658722961746,-0.03356769533094821,0.4309578268319009,-0.3424187462485888
2000-01,-0.04782700223422469,-0.16807015243307777,-0.008435189652232547,-0.06213636704688865,0.14219352179868405,-0.11231528552414695,-0.04122435214682242,-0.30601530127690313,-0.17119659933402828,-0.1265500390324625,-0.20332356385883688,0.1354658647936915,-0.0787450388541755,-0.2296469114138985,0.022625273487973614,0.07479998287740847,-0.07894131612440387,0.025029888340091476,-0.15889273500978696,-0.006378225678697527,-0.07265424803594427,-0.08228670431051044,0.13994783759529317,0.03518919114310311,-0.10584709205102709,-0.06325478038739984,-0.30462226946080806,0.20152291485994692,0.11110502522963922,-0.019814927361722506,-0.11801896685199002,-0.19569536167283738
2000-02,-0.11038306013296181,0.09114746314368638,0.04262118002111553,-0.16679882617224934,0.12960816699989178,0.8775576679793975,0.3884630908096645,-0.13241878710300284,-0.04158173522575388,-0.13847050376782635,-0.21404574634512813,0.24086766410277324,0.49540770360660896,0.34202383501420885,0.20874303481275108,0.32021248785089423,-0.14193695255697333,0.11742969528588511,0.006217320781669468,0.444756187394481,-0.12405729234671896,-0.19175863003445698,0.13329675544142464,-0.13199058620511986,-0.005587858711982976,0.04826605464131986,-0.06323175796687346,-0.06812485528784223,-0.006446514698640811,-0.11755843049596407,0.0590472663059075,0.22131254010957085
2000-03,0.10557418924906731,0.2825163734012293,0.04695469412646664,0.21719178845825768,0.5102886293450397,0.03553560650065634,-0.12559969215804936,-0.30390812542315826,0.019401850661621846,0.0991281504264089,-0.06846916238505164,-0.035865500188745424,-0.144762844997416,0.2992008111736229,-0.28145243939499115,-0.06149583804387571,0.6319113501999236,0.16054866648414245,0.12958542308232732,0.0663106195381235,-0.032985904423307885,0.11215911473834134,0.10219085765249916,0.0007138523737020972,0.23479227908109643,0.04919356765123111,0.693991236147778,-0.001159900063858256,0.05633653877771673,0.08494920597658057,0.19378099924580935,-0.2511936885086853
2000-04,-0.19831260417302923,0.01527477498064446,0.13490411974323713,0.16993154913744687,0.46198461200274593,0.14639989878849133,0.010452215221935152,-0.17298418770185803,0.04189851922842369,0.02271205564639429,0.06636996852508165,-0.060969103613480936,-0.025474038118883977,-0.1143898691445049,-0.018247117206134554,-0.12951346130804128,0.18943214252390994,0.01836462036317457,-0.19444003505114793,-0.09933204493996471,-0.14812654937914385,-0.08254605569459793,0.10001342016061589,0.2200887979859907,-0.03978848567881707,0.30271408560803437,0.01827897092551048,0.09978677488354584,-0.01643618102801141,0.09323464791464077,0.036290174070811684,-0.13705415812157654
2000-05,-0.14810970961116074,-0.3815569426608273,-0.09371842629849461,0.3803806849484819,-0.003314978111342023,-0.05886332801220464,-0.1865020741815167,0.08827062306959198,0.013047105543052944,-0.05926431393488445,-0.14253200002111438,-0.26998959636784814,-0.25341155908522905,-0.22772598507011227,-0.4437556883281733,-0.3865675030689998,0.19585084344250914,-0.014526499842852394,-0.06937397719267353,-0.03487575962740037,0.09723719864910006,-0.11257757708977688,-0.14017987797704431,-0.013985486937153586,-0.017626794810745035,0.20565938006740445,-0.05015692618190534,0.03374754054627538,-0.04026568436692142,0.04051081495107431,0.15763027962273082,0.10034095726818487
2000-06,0.10160434555825622,0.058887060186991025,-0.06008310137394573,0.1665834887971953,-0.1074357063861201,0.008179708344307472,-0.1116786663749479,0.055764038188211386,-0.3566892663267563,-0.009984675209923568,0.08659780292699257,-0.08279245346450517,-0.15212335580169378,0.0766520428446164,-0.12785669368774336,-0.051409958290383515,-0.22223783822147672,0.03382305513546515,0.246000783964642,-0.09333356593357696,-0.055669270479655815,-0.11072632064040751,0.3249572410957811,-0.14299081571693362,-0.06730107845883578,-0.2250700573212231,-0.29850805864272095,-0.03751190704945475,0.07349360339380707,-0.12022837921855808,-0.24541337847952222,0.07125187937046266
2000-07,-0.0650766954211305,-0.1033491111111603,-0.05402759947515975,0.05260972938070545,0.04931986212637191,-0.14138032389509747,0.0033256718690997953,-0.12123449146272688,-0.06865233635522981,-0.12768346071571857,-0.1345546484999884,-0.19404290043184452,-0.05559597331975252,-0.09984538888066193,-0.381895323021755,-0.18434015831116873,0.2867632983607051,9.732528759733614e-05,-0.010199276240730804,-0.38251797093157575,0.04894366945548745,-0.007751448087739554,0.02611311534768889,0.1186971433965171,0.2332848619083149,0.27777705818268084,-0.015009602199809468,0.04188446646430248,0.05573260008546176,-0.00888781068210756,-0.04658661112843907,0.20657103983795644
2000-08,0.04760040400966716,0.17137855645472996,0.13676926080817528,-0.014019046225004293,0.09573243116173011,0.1185819673750045,-0.031915247134954736,0.04500035538844164,0.0008386943832148135,0.21375973742819243,0.045805446405423604,0.05641580183009868,0.5032861928210407,-0.10176482028333159,-0.053464623086198364,0.17468547091251038,0.010477561933486045,0.041971370521043994,0.15418611182593453,0.2161982185353896,0.19239263540873922,-0.07810571639624148,-0.032613776800747875,0.05325982608052779,-0.02726789254161602,0.09755888592926629,0.1217735939152657,0.14442273219216922,-0.0630755886812049,0.14712408531087587,0.03203383952721015,0.14245892087719964
2000-09,-0.1019815291755196,-0.023493400465085357,-0.05813785894182544,0.1061031450468539,-0.29293022341825026,0.18816231360831,-0.30946812767969584,-0.1200884365406856,-0.07464428411804097,0.059384215356205805,0.06271480447215073,-0.2288754874463111,-0.15506261930140813,-0.34959365741422166,-0.3190864737541459,-0.29706528503224566,0.051589798818154155,-0.3172739469920468,0.17805920432975988,-0.12484915045070759,-0.04949907975170377,-0.034138379664690764,0.18341520061034938,0.05386093483396043,-0.11988317813396321,-0.09465790722303488,0.06628641074129232,0.22157046765207206,-0.16540169750927397,0.13150718508620074,-0.08772726944612519,-0.09962903267883554
2000-10,0.0063011670817807635,-0.38315137854344283,0.13772705503695146,0.18200307475584407,-0.19184047238358454,0.06517128400293411,-0.10957308302539169,-0.10454924749478255,0.2512948505040238,0.00511195065949589,0.006438064291123178,-0.18503803936956362,-0.15913641715248975,-0.18183824436300747,-0.18277783245914025,-0.16878073082865658,0.02989177593008616,-0.19613311857914822,0.10218388262375748,-0.1906186671130454,0.020438776012021133,0.16387035450394782,-0.023180252216962554,0.08412697749240713,0.23150918519244618,-0.007075553343285069,-0.03219548555394282,-0.015593705763491372,-0.019238958424901427,-0.009907328486214034,-0.15233699858598743,0.1523784044310008
2000-11,-0.10037760060787185,-0.17934308108143396,-0.0016065973789796577,0.036646205049393615,-0.322455967135925,0.026188310718468555,-0.27771812412134506,0.0997636899553614,0.04703990841684817,-0.04605454930610456,-0.059447116639600686,-0.11123423390136376,-0.31895215523994147,-0.12917713648125154,-0.16560798050907563,-0.03059654828374262,0.09765889325162085,-0.15313537909368355,-0.01521481300640732,0.1389789935693553,-0.35103461049748763,0.07505944752909423,0.02589908551461155,0.16701813639246832,0.13520768563869537,0.007049759128336371,0.2598851047327101,0.04711064773484914,0.2261411647699329,0.09797509617792986,-0.06597468286345873,-0.2507556978425368
2000-12,-0.18517396533342304,-0.035907237994359166,0.18236037816351588,0.14376713356549997,-0.26413552582017097,-0.12874629080445638,0.23354213626674872,-0.034997404309459204,-0.009582197550953487,0.0009557461345281317,-0.00943120008807758,-0.08881887194399578,0.06651113525136751,0.047230882979490255,-0.012196941783588164,0.3591992447850558,0.11527046678278224,-0.39058690763421294,0.19030152249676335,0.12319988937674324,0.1931646467601529,0.05962998885631015,-0.19710970306697123,0.038345167252220196,0.12150527309483185,-0.04785448219459462,0.12295345048492759,0.07679631123639734,-0.03659302632460119,0.09820138113851132,0.24058878524434338,0.3745148015994203
2001-01,0.28538943207141537,0.2517037226622002,0.17234671518162867,-0.11982116453673534,0.5831951378700357,-0.20456947110781942,0.18347166514892305,-0.05922214285450126,0.030051355025607428,-0.06027883884100188,0.012503107743756646,0.36641248937108595,0.4720185949817654,0.12448335594269165,0.7367073795894294,0.4370315431183193,-0.12094197652980737,0.20417760420195316,0.28117945179700926,0.6167739041286419,0.1518364824485378,0.1194012805045311,-0.14460372671462163,-0.07951761293718082,0.11390342121466446,0.12040839113101216,0.3569868702366888,-0.017621250980117232,0.04306860245945113,-0.1291943539805344,-0.03628856723577431,0.10459498166136844
2001-02,0.034451449827610836,-0.048816607086037835,-0.09801549405949848,0.0893791301051411,-0.027456896325084502,-0.39618974027915455,-0.3096640682212178,0.06432937514573825,0.04479703244194453,0.04436558581497037,-0.011654257337781667,-0.10546756339304593,-0.28823505452107834,-0.10861966745695782,-0.0657755822675168,-0.22651817475534267,-0.24877356613816792,-0.22866986965044528,-0.07646970788262843,0.04901040728736553,-0.05592230732862401,0.08985456323722896,-0.1417043016360438,0.05372409319978474,0.02161053869419866,0.12103547684858429,-0.047331698223663676,0.03185052919174248,0.12487979907220502,0.0038734612219693,-0.08991586963850276,0.11017089899613132
2001-03,-0.004975289595221341,0.3949658071956728,-0.07765485816259704,0.08523415467516138,0.4315857112234882,0.029777450685775093,0.07633823240384195,-0.0778891154061222,-0.10523903306400527,-0.02725343825944822,-0.038675104374608124,0.09676517819127725,0.007961003600583237,0.04045732897906267,0.2935010391198442,0.21185803077178042,0.08493444590903798,-0.0807387879843431,-0.2691040698949647,-0.08745176280940274,-0.1270486932773779,0.016585975086919485,-0.1256964154824874,-0.005427017150023743,0.05050099936037803,0.049799093158237565,-0.04467461810714048,-0.009145246634802809,0.07437701443363565,0.10924114624905851,-0.16083539812332762,0.25715851792294553
2001-04,0.09843575097175102,-0.07005531369319154,-0.10826954901761812,-0.08886620661433753,-0.1669629751402526,0.24349294708875302,0.007879954691553979,-0.0538126374472241,0.20220697869137857,0.12808638597264463,0.05924392969546259,0.025897608419460226,0.03408492786105549,-0.08834026695374428,0.09668628530133803,0.08071967139963136,0.15290002416762308,-0.005108407857487733,0.06556288280822618,0.15159226422866467,-0.05713867039787371,0.07322084897943483,-0.09907311314838078,0.05263995359236736,0.18468072659968238,0.30487109505442966,0.1778783544251431,0.03971783570801531,-0.004664748649617747,0.08625347735869465,-0.039109133249511485,0.14394947376224435
2001-05,0.03723939885501523,-0.17894861639404386,0.09762291172207896,0.0166217723095951,-0.019338624853456336,0.023770838024193802,-0.13738703746834585,0.08954926801901952,0.11348542730214393,0.008942864781034909,-0.022575094457098058,-0.018414056565320074,-0.020895929387667746,-0.1296603374315972,0.0231541413687141,0.033433622110039266,0.11046031892291358,-0.12985426453640242,0.0036141602849254343,-0.03469863219902904,0.026816260012446937,0.11507538629613209,0.11409051402642521,-0.002004961596218782,0.02888829162443809,0.1343407131147758,0.18022940707679838,-0.04782403234918464,-0.04597956685011165,-0.029224674063593744,0.013543593887793888,0.055759892644438536
2001-06,0.09239517137365942,0.13426424290650335,0.060172217342345256,0.0812494811542706,-0.03342407920996055,0.17743289787220853,-0.022150413582618437,0.0058697070956380635,-0.17032536757113098,-0.10056951433126102,0.027141139858441358,-0.023124268511016687,-0.015430528370839625,0.1499170686501911,0.1360681761231319,0.24245644567339597,0.007717160770475508,0.05075487741880458,-0.012167872482810382,0.15469032618905826,0.23427980757960012,0.05788907010044346,-0.04596888704062115,-0.13395863749519316,0.09389761501902788,0.06663467201779594,0.03240357697512602,-0.103710788513346,-0.03917342415242386,-0.08300262852662497,-0.18838397917844926,-0.030340339572016907
2001-07,-0.045157769389338874,-0.11230573786959817,0.0637881998806107,0.05359847768395042,-0.3081425508341512,-0.13281187843746825,0.13798511660639398,-0.08423642713966786,-0.00599719052011113,0.035267874818563645,-0.10812848395231141,-0.05712487472110541,0.07530280512790233,-0.025771039846769973,0.10710087618269827,-0.014971401773142172,0.10435111027729864,0.11563322379568357,0.21784874174032304,0.01537815813452986,0.19546815320999886,0.050257393480645604,-0.041559859125716095,-0.07575885180617624,0.23369580170891893,0.055409314481416096,0.052109156512931756,-0.09814694718157384,-0.11748167072977007,-0.0980464662244056,-0.08272930640822754,-0.019632052466494247
2001-08,-0.1202765641344777,-0.022932476341722133,-0.1140958601000132,-0.03196952023541687,-0.2638926942631947,-0.04386886053196771,-0.08011996282732643,0.0030264999765752774,-0.10256402872871645,0.03265157878022539,-0.03812602806887799,-0.06343750061610386,-0.02248222266944978,-0.14033257961306922,0.022019334003501954,0.0008980327164340594,-0.062179900412772306,-0.044467920967997066,0.06846824545188507,0.08280781369739444,0.12059287242924603,-0.07740512757359908,-0.07890321461945694,0.048933367841007956,-0.029068670205096188,0.05152168515611595,0.23017880429848986,-0.034695838837451094,0.034588961398511066,-0.04093797791518955,-0.18323115698453982,0.029569168896235776
2001-09,0.03618358446162149,-0.00459412203117498,0.050518767847444065,0.06970509526632908,-0.31393824814351623,-0.06371113344769035,-0.08480246851128813,-0.01099180049575073,-0.09099895995396284,0.02298387035026549,0.04892018606165688,-0.24009586911377526,-0.16985761022269014,-0.3888521378281599,-0.32567492509646123,-0.26502036285768305,-0.1209686434450976,-0.13585381468677996,0.002032285306726485,-0.0794295103386515,0.12659758687056372,-0.03510327754762273,-0.05052328360089307,-0.08120992470007816,-0.09436578611208359,-0.09769418067476954,0.10254260436632334,-0.030484581003176314,0.1748693311094543,0.0978434994368851,-0.04098503566409897,-0.13362704521236132
2001-10,0.20702436214491524,0.2581301311206551,0.10303125145787143,0.03055546117082424,0.05890171877618154,0.3761497444451288,0.2660854542290732,-0.028534453635802134,0.043898625020170216,0.1155567412372759,-0.04799025402965793,0.39967221826873256,0.27951692445731124,0.3480098120441082,0.2172952348586738,0.44307882842154034,0.02776175666126042,0.22621146285699142,0.19226599932982882,0.17987298546362007,0.34290627970948007,0.10951001724875108,0.018572635558525966,-0.02265953066591117,0.11239795983405952,0.059378032302926875,0.14982459103360501,0.028919338045345574,0.07568941686439544,0.027023135819333244,0.20047477644275744,0.13226385711911054
2001-11,0.06990188272081893,0.20942048844746197,0.06538859368659197,0.02339308759097337,0.24884617069022955,0.16582266548115923,0.07325343055800972,0.04327100560913373,0.10122285805144736,0.10125852148173613,0.03085914041431827,0.20960621940148993,-0.004598732180807279,0.017938965651973893,0.1875084819066741,0.21235613354106317,0.10215674642720136,0.3437521007787574,0.16935889989054975,0.11748550523041869,0.0012552467261863736,0.1325986726055745,0.02566187550756377,-0.058665090195685894,0.24497877620343492,0.009130459078794879,-0.12886926943687593,0.1191578728490124,-0.019181421505914377,-0.03102471599981536,0.03839948934791968,0.09727525606517154
2001-12,0.03464723067897406,0.08790633677388514,0.0677126923977982,-0.015083183949594276,0.08156033791087147,0.039168228920324275,-0.06486700807446191,-0.08650760789785045,0.0830649530418554,0.0381585076978421,-0.00902572902822901,-0.0013821477560214859,0.04883458107074532,-0.033243283448916576,0.07662146553010707,-0.0019501461419925011,0.12823832182297348,-0.005167871548273545,-0.09485748983376788,0.06868528785880441,0.26977276095650254,-0.018950391654427304,0.02575073738992815,0.06897430709074381,0.12440368271509707,0.09866307470350624,0.07629139319261051,0.10887486609077553,-0.04734705189083361,-0.014823588694947423,0.10280686874580723,0.002550269302590872
2002-01,-0.03637253951348399,0.13722682366940328,0.04131446630704321,-0.02709213321515506,-0.09143509260035837,-0.05624233481777994,0.0019202755220502114,-0.1253196967990596,-0.06689680297940084,-0.04548834989918484,-0.03115073419545615,0.06212878123395378,-0.04145100470368141,-0.10487041779282846,-0.016639772090853586,0.13835347851622778,-0.006439809731381197,0.04253034805581153,-0.040202539774296,0.12519140229367942,0.07511031986057162,0.15771605990277965,0.021961593128389405,-0.06313532045560984,0.03783345294026589,0.005863382498782772,0.039797104872716385,-0.0006843430891348219,-0.1274941884766352,-0.07439677633657378,0.010378625191380629,-0.19999094937426765
2002-02,-0.09096984064351396,-0.11349729894848251,-0.08532282792343676,0.05034436177164354,-0.24393227753493157,0.027122794454112434,-0.04766448126942732,0.01171389122262388,0.029064394768669413,-0.007019803147352705,-0.057503058157393594,-0.01635845215596826,-0.2220936007327311,-0.1724693154601936,-0.042252467123202735,0.017861909097593744,-0.06552605796443702,-0.1658659683738731,-0.07919185038833756,0.11383063535291324,0.1317640813173114,-0.016617799618540232,0.022319190163628735,0.03849519879028201,0.1466356412570707,0.13790908026475754,-0.02359668938301253,0.0886532096300317,0.15746044664543335,-0.06209642522232962,-0.05774629383002094,-0.009688256546970938
2002-03,0.07414354608265758,0.19847848428795498,-0.09277692505635483,0.027111962386692574,0.04680442009224878,0.07516148330478044,0.16547057509897495,0.04325305753209241,-0.020186777575194673,0.12773781523117894,-0.026464394011984697,0.19570393089270077,0.18438873985185444,0.05481982369919075,0.4479529914761357,0.13604524873906437,0.10471221616902247,0.10625570267708534,0.08713642745213901,0.041156638438947644,0.30862324126597507,-0.004071692999462044,0.13417556739758482,0.0564669676656199,0.008821628951975595,0.02816322936666918,0.017562986542528698,0.060568490703395844,0.026016258178873427,0.13998387708475218,0.09442064067191633,0.14587098675735702
2002-04,-0.11143137311826107,0.0667242131483046,0.011233430346136226,0.0038852821837744556,-0.24345075486263007,-0.04502658109098347,-0.06476075856205057,-0.14081633119125014,-0.05137538478278542,-0.11765921655441998,-0.1665688451938474,-0.14899748453521922,-0.24552101179771632,-0.25035472722069024,-0.11482867254983105,-0.10645820406047074,0.007268797179721842,-0.1004844916996075,-0.11974204107484687,-0.24605623820154005,0.013031787105454171,-0.04767204643280793,-0.09257456863296698,-0.0019778549552407435,-0.011546763784842994,0.12205743265922119,0.02011754500599305,0.0306302496963249,0.02602852034815585,0.04593437473365159,-0.062121902676902895,-0.05988086736732911
2002-05,-0.06480748210525068,-0.033129122721619386,-0.06120744000665939,-0.028379990700794888,-0.16191847208155394,-0.13937762844576485,-0.16083537724607755,-0.10727697119993376,0.004562383688724708,0.016680178834634792,0.06036427900776906,-0.14818337377659394,-0.12518465172583162,-0.15918720726080632,-0.08274968444079793,-0.14506031534167524,-0.03636631577479901,-0.06677487121213134,-0.14104446053410738,-0.08515413934178435,0.07488737937506366,-0.04192767251090523,-0.13941105371811538,-0.04547039171349385,-0.10314746781237612,-0.08760976227813153,0.04883253950141162,0.02053995157558598,0.1363928906653423,-0.1519894837300042,0.014672558313918569,-0.024588785022220713
2002-06,0.1959952933505197,-0.10173812716193273,0.052023850191609496,0.05580622542258883,0.03445443754078637,-0.0991885837691364,0.016191176471737307,-0.04996053410364631,-0.09714874861595135,-0.07968468629924404,-0.1499988176773143,0.056246064528263785,-0.10257992606653278,0.12588954265472374,-0.14082656614875377,-0.03763778586155877,-0.06280159421591593,-0.09777468577135821,-0.07445764317487472,0.07834651669511628,-0.03984105096027147,0.03997971529137856,-0.010214656796347256,-0.07368761304522661,-0.03373276420598415,-0.05999345960640613,-0.07107209802308197,-0.03857614180050909,0.07180856882967468,-0.22553329211187523,-0.10627866821685437,0.06996588325563888
2002-07,-0.0754479343570519,0.0172621331719478,-0.046578039464201575,-0.07731909030728724,-0.16330246269713278,-0.04786055793282033,-0.0677404199493736,0.0177552886120882,-0.10250787486590257,0.13153997885237423,-0.15892699905218033,-0.18768761511994972,-0.19164282587164455,-0.1122198320888901,-0.3067914192814065,-0.020764581853802987,-0.1487964305331008,0.028691385487426856,0.10191090215998692,0.015915280525873852,-0.3878224772385256,-0.026259521061993016,-0.07880604356998683,-0.21289688572251209,-0.0890593568977109,0.09724572796499208,-0.013036271756465118,0.07267178992654724,-0.17148447793061414,-0.4700401767689646,-0.1640836813100913,-0.08240092596909172
2002-08,0.041351979298309034,-0.053722925728040036,0.06234593129659684,-0.07535314533662504,0.1127193746216365,0.14104999522621656,-0.06261595847990652,-0.0005418484146113548,-0.06487872152179508,-0.033461689273639135,0.09067111065223102,0.09173796776938878,0.09269525773738625,-0.08523394007069023,0.16944017592739213,0.01011377948537432,0.01665960183369287,-0.0270751497706877,0.013264880681182869,0.24033405937025282,-0.05906180772599682,0.02030652362577562,-0.021622649317393012,0.027354483801047637,-0.05124494285338559,-0.11713356200520711,-0.02917171172558494,-0.05557574487109969,0.06997954984481734,0.14118419669226645,0.1113278993837661,0.10901791930363011
2002-09,-0.09041533285635654,0.0786649372243431,-0.02488727144398983,0.0798746100579675,-0.4017207208547322,-0.05646324326828541,-0.15580368860094743,-0.04531119798192842,-0.16058758093813016,0.032824028806061015,-0.10586409296993354,-0.11713783650261328,-0.149055164944979,-0.1573573660558265,-0.19578514186322954,-0.11337532845530315,-0.008626093101158628,-0.18658001569750382,-0.23731796698103907,-0.0244786588732584,-0.04484743669076968,-0.1468479548203017,0.04293511828693211,-0.03104763132543189,-0.04410196326850228,-0.11749095871953272,-0.010229345711530119,0.01495678063603198,0.07274554737128204,-0.004535378785742129,0.014882663447309803,0.09059072849179088
2002-10,0.1334808810818136,0.12014764621116798,0.055716260797307106,0.17149341668494905,-0.2145807442752749,0.20240714352107925,0.19348605504008667,0.07312197143080117,-0.05911209638007841,0.20443507782119644,-0.0010407511235944976,0.26718745799113885,0.23275736461893606,0.24209987616404977,0.6257173611109234,0.35288713264599236,0.08833099264919649,0.3216604290921592,-0.0942993157593047,0.033571612968183624,0.14016058042738908,0.013316435568258973,0.10342829154007363,-0.14101689358328764,0.31124412018679326,0.0773769544848116,0.2460879521774268,0.023147542913401754,0.04199968859734809,0.16133179178416787,-0.1261048857575395,0.02676704022006742
2002-11,0.03251322700504909,-0.06009781324569368,-0.026035685356942746,0.00927211318034262,0.35749609266767335,0.3901724464755921,0.0958412484473268,0.026177970832190058,0.14705958188177579,0.10420480117678343,0.04348607883238476,0.09431305599360111,0.12734098286748105,-0.11615809754512865,0.2059776271408278,0.22329017306276588,0.06818354317329309,0.20572238506016846,0.3155458906964661,0.2868422319899299,-0.04654980971655398,-0.02071476850090417,0.08093747428236393,0.031036078674955118,0.1163622261828064,0.04381747654065002,0.08047263876668684,-0.012016764811876506,-0.10579636703554571,0.0801716765996166,0.0281493993161642,0.04553974570502232
2002-12,-0.08450708601631082,-0.08522121979593075,-0.12582691490639825,0.028494287028654638,-0.16783719879902825,-0.20307669075896076,-0.16121182677200024,-0.05900845610086165,-0.08608550789508841,-0.12197040497408426,0.15879743869030316,-0.19424965455043997,-0.18826752738416105,-0.19228024268950494,-0.318591874097374,-0.16588199497405595,-0.046751983765579264,-0.20712028040850441,-0.07633841078341665,-0.08534625503504406,0.038827364385668854,-0.011522471339722834,-0.03891057376562049,-0.03843194322819032,-0.03606800704243355,0.08818863207411003,-0.10564254832912326,-0.01450318012628523,0.017419316439547205,0.3495624841759416,-0.018220134410326598,-0.14497648027960688
2003-01,-0.06721980841994667,0.010559439214053407,-0.0007521866767901139,-0.016792791065785153,-0.16583745482039702,0.12964606759857555,-0.039888427146436714,0.02893144655034629,-0.13221804256548347,-0.016772761263722007,0.3002153027382954,-0.21850547427257713,-0.03763195805647258,-0.11698319306402293,0.051805175811606846,-0.06750862472482191,-0.0906035438276195,-0.03233331275965916,0.15936867671129373,0.0674737283991627,0.01922178286479267,-0.014640241860719223,-0.05330920355243213,-0.012244007669018503,-0.02258382728467571,-0.11801192399280187,-0.08929245005579765,-0.016151350230756048,-0.024705270397940123,0.029948917617701923,-0.05219739382593447,-0.005206054740500296
2003-02,-0.03672447154827903,0.042836405094847034,-0.03591950767558487,-0.07477688783836946,-0.07927678974143973,0.04706241113850446,0.022729880833956835,0.09576223988966481,-0.13091894576730778,-0.07272968022579734,0.06214622880019941,0.10352460581312167,0.08797967671675135,-0.03339119909545688,0.149086520793717,0.0567230405142619,-0.08450332385134998,0.02967393907798454,0.1132926122150314,-0.01229234692412507,0.056555705590680024,-0.052021411766190316,0.04374145634975619,-0.039236467850019933,0.08527241428421548,0.028482502883634384,-0.11786745617298919,-0.0717033053971603,-0.053490339183742575,-0.022252662626162448,-0.0314101985188141,-0.003912192936649872
2003-03,0.11117079416669126,-0.04134726169078838,0.10532836406273893,0.12939743682018612,0.19264409152811793,0.1963332072528849,0.12739870030228098,0.08959552187748489,-0.0193587245733194,0.10867840824350052,0.07036349611726521,0.04792915129600079,-0.03393792873520897,0.07614483937609477,-0.08793072478710386,0.08708645164457651,-0.02975970992271746,0.07334697671049581,0.0030698492466570185,0.03934426023493404,0.18540161840424801,0.09687018902657964,0.08655881488839791,0.017351596595067364,0.12526996686942019,-0.14824834001702403,0.08436726291201667,0.0016930277305111476,-0.04798644198345415,0.12880169540546485,-0.03434695737291688,0.1659689923110577
2003-04,-0.09007105598713579,-0.04413670421085694,0.11954718785760418,-0.0031154811451209186,0.02845555859242996,-0.003256465206006287,0.20573045997880554,0.01575130958981044,-0.040678479820504834,0.04088265432897771,0.050151255761575794,0.05545520925211198,0.11926749306726625,-0.05420096824804898,0.13648809235036657,0.07640175552393698,-0.02181878070297689,-0.022723013432251925,0.16709786689359768,0.036374509503587914,-0.07072182649045897,0.06302129147700217,0.08569133709383452,0.14896081727405414,0.11930758600033207,0.1633075878150208,0.018301600918823456,-0.003566651972067059,-0.009634515484182371,0.05436820776133844,-0.09674467028439586,0.016601506576574866
2003-05,-0.05033894974661386,0.28768621754287405,0.07045232519116235,0.04271136641857253,-0.07334716636444723,0.07371399907918881,0.14610685939511125,0.06380019443173653,0.10239984251949827,0.06254468716312028,0.004817237336191417,0.025519942645188316,0.1491824498765459,0.4612034289365668,0.29408494444922584,0.16693035825021707,0.03992601527581681,0.14992744795134635,0.2017390514797111,0.024601642672847552,0.2015035657570474,0.007199079381667597,0.008354996073132531,0.11072037847515194,0.1627296718709376,-0.02227794749508096,0.13049245822922118,0.07330157778377155,-0.004304085779677118,0.107436352622881,0.17818091579272266,0.15145427253728597
2003-06,-0.03979941993871815,-0.004147018690580032,-0.057125666327938106,0.04124307063224605,-0.042491220376363256,-0.08868712140253811,-0.06656637739010807,-0.018153907102084102,-0.06571836078927203,-0.028018374524084677,0.0031073569404078327,0.00037863469322505677,-0.015312481626528126,-0.03472625740028302,0.0038554725538750925,0.015744588455776105,-0.029893420146778444,-0.045214584042452016,-0.10340404937814546,0.04676589754058467,0.15394828145552755,-0.09613429260453082,-0.0526608204761497,-0.006455033777436081,0.06317685494329714,0.03475646979209794,-0.004706097827223616,-0.012975991065396372,-0.06527513443444201,-0.031198100821806823,-0.023999722224365194,0.08513929412716327
2003-07,-0.05987842639406203,0.0559990685960463,-0.05211828718570141,0.016469262914246646,0.16240932606404437,-0.001503595332129731,0.013468120560597704,-0.0042861842539322756,-0.05375496341825696,0.14917985618340973,-0.05609731728898991,0.15029409403445085,0.0038363098545336856,0.032526156194104414,0.12436822059518157,0.10522007606980462,0.10956328218046628,0.021107796366002213,0.08921573674818499,-0.07910681247254155,0.4409882447846264,-0.014147895021181607,-0.004028639136893459,-0.0909656896890005,0.10487731057179513,0.10390154118544351,0.015527663151291666,-0.09049434618800947,-0.06464147037671514,-0.06658051674550025,-0.08380766948923679,0.14844537568968225
2003-08,-0.027711981698751324,0.0689892798775635,-0.06253395667923516,0.005802044703262047,0.25289911514273494,0.1842074465378955,0.33481544851649186,-0.04826376691282287,-0.02313865586926186,0.058512318688038384,-0.00979861085804246,0.05894049290652909,0.047673490295540896,-0.1393243705846809,0.13686562617196502,0.11396138592722097,-0.03813312289305938,0.07836793484179672,0.1119692798009245,0.02639523361972796,0.19872062298468757,0.02022074605771273,0.12130603363448815,0.04694139601122629,0.10195894340733305,0.0964145848281062,0.12571299042041467,0.01481299106627769,0.0021079911418911156,0.18394385922860196,0.017555321597508847,0.08451049737765261
2003-09,0.08975673514781031,-0.054889034052303366,-0.06553390433236733,0.06073934881230951,0.0005147312826097094,-0.011880956958820486,0.06011034011404689,0.010117309513412628,-0.10979685873952479,-0.06267679940716302,0.07288151513374073,-0.18147658390203417,-0.0378171808719141,-0.06982247498374586,-0.13094082896913964,-0.09977379643249606,-0.01689854836263689,-0.03186026500122225,-0.031700752916375516,-0.016930523559250964,-0.25218953485448864,-0.08928698617755826,-0.07089515781322928,0.06042770845511077,-0.12888471405346077,-0.002406773749554319,-0.08178926864357142,0.050023329596326854,0.037905142977631166,0.07541624792542748,-0.09800121972044294,0.07204316562711743
2003-10,-0.07737735623364853,0.12355388453572717,0.0908856364831269,0.002926188337783567,0.13131172417572762,0.041022725041441256,0.2218224319235987,-0.07380213211880507,0.09682881905703256,-0.03303648307228619,0.08415408397195155,0.18754000878996652,0.12359950254058923,0.035431610725574166,0.15887733945122978,0.11515934136304355,0.07338073771350707,0.11257182524349606,0.09262708152877736,0.12655738022450694,0.1950535871318159,0.06428291530128537,0.09611429036860986,-0.05746533302393111,0.024150771852556752,0.15251683473182331,0.0549370367501402,-0.02155158153528181,-0.03419721375171357,0.04190057327048151,-0.07285408805690573,0.08646368986299109
2003-11,-0.06726574121730382,-0.07684209230847112,0.004210996855608452,0.01496757244805642,0.155042756570051,-0.07974793813930765,0.06344528199471307,-0.05312346178922724,0.014270838433321663,0.009076683750781495,-0.04899442359293799,-0.04639331008204999,0.12885488462514125,-0.16996346049912303,0.05930421278512875,-0.004790223860164637,0.04777437615037496,-0.01303256111886141,0.07017149339922295,0.024154643424272756,0.4814582883568363,0.027436148056770932,0.010770733318675188,-0.02048286979539564,-0.012587139073865137,0.10084519182637378,0.10176586150959324,-0.020327100888372425,0.029379493515434545,0.026670674495519978,0.020189892132583525,-0.04619681183697162
2003-12,0.02380893905262732,-0.004456300360971182,-0.012346458945783078,0.002820671573419562,-0.24108266042510165,-0.0924224479547904,-0.0749085467862783,0.043108494722107316,0.16443433806877186,0.03574384668959194,0.07437826083586266,-0.15068709587486978,-0.11931821311722972,-0.04345171940852372,-0.05239262216011526,-0.053269407939252056,0.06667867498621341,-0.08714778975840744,0.054293608446628255,0.08166250277701396,-0.03848206378499731,0.04372502580938369,-0.019620987685421278,0.04462647184467121,0.04490658370378505,0.007618858999195631,-0.0761775899299767,0.07391488289521898,0.023334495643140708,0.026381914515238285,0.07982147644427078,-0.03961718332493776
2004-01,-0.02837751442584644,0.025284774829138205,-0.02535334460120025,-0.026464814852548587,-0.10682039038930907,-0.12477132121228814,0.028548498791591836,0.012364719352564233,0.07459976064696135,0.041408189179864954,0.037976125405467874,-0.08189171675297931,0.0007615946572896908,0.053244803819846066,-0.19749047878364945,-0.030229621261132055,-0.062034930429418385,-0.09054776911875165,-0.0490134639175519,0.08207948327995088,0.10304519938459865,-0.07668993557365385,0.022992707622034217,0.0822581721534887,-0.05185637862565884,-0.021436586411404463,0.05575138239629178,0.0006654089569265461,0.05641005829241657,-0.04184807621984174,0.07279919950651502,-0.015421845460802988
2004-02,-0.05625864918972118,0.07969407851896862,0.0817907814709643,0.0938950704364411,-0.06636397737871189,-0.06710122085548641,-0.05939385219238575,-0.03353096328671756,-0.007045708019399497,0.024618508360687307,-0.12235071091926314,-0.11744894007004093,-0.0731968499581053,-0.06725533523772663,-0.11973134716540794,-0.13420624800194836,-0.051963895768693445,-0.11415013636707178,-0.06069104260080253,0.00014070939512269282,-0.059183111649146566,0.0033084999941517114,-0.16748372824418267,0.08423751074501298,0.02526804028080373,0.04144124941483118,0.11727775800463404,0.004159995111733118,0.1623311470215385,0.04312872983376082,0.09952823684070272,-0.0653943679392438
2004-03,-0.06162305098268507,0.1730991237765563,-0.004615647984131323,0.04887006713457431,0.0748394058925951,-0.03287673805160504,-0.0836709397648792,-0.10380626626916593,-0.012143082713969406,-0.014106779683629127,-0.07063581285817326,0.00467365201968749,-0.06139568065144497,-0.04294669469575472,-0.0376877613779432,-0.08091194752467487,0.01733823648809999,-0.07931153856173548,-0.07201488150809678,0.15813789192038213,0.140679610588403,-0.006511553273552788,0.04897788278248044,-0.02847247432509379,0.019159958444370816,0.09106425800236659,0.04461370519167358,0.037153163341373446,0.05253536369336288,0.035245678000168576,-0.07240739430608481,0.1321310555863369
2004-04,-0.02072668796014447,-0.054682620896509486,-0.02655498479992749,0.030204876545656553,-0.13883719022070526,0.08494992698024764,-0.17251064924501258,-0.10849508494804712,-0.017033170956242308,-0.019902514852488985,-0.06011421292916795,-0.13777509761156984,-0.12188503117415511,-0.20572414575776352,-0.12600733885200033,-0.12417111130491904,0.017940330185842256,-0.09700320724818182,-0.13061114685844585,0.0716915193448317,0.06645323925228164,-0.009694052111507744,0.024452231164610004,-0.10210842595568645,-0.06204799601927632,0.010695368428004488,-0.026750125339736357,-0.03135915449869658,0.15881424681644016,-0.05426826547394596,-0.026722633321359823,-0.08929017006539362
2004-05,0.009646770215121917,0.09181158061230034,-0.005764852046546212,0.010693213682200962,-0.03321339882770517,0.052128309739861545,0.003937781096829592,-0.05593588437105752,0.03177756450542601,0.03543501361189416,-0.07514749596530122,0.0036279980761151818,0.05175152873582052,0.007616666966476733,0.0608565251175506,0.10072837275219815,-0.016069053556699086,0.057822332090541016,0.012866423924282413,0.1382767992490325,0.6372127751074976,0.06143619237938649,-0.0027353446779874546,0.06707292055116232,0.04725154664870237,-0.07179304175745105,0.008061541450758897,0.001928542142113567,0.0793913486802372,0.0350378098018511,-0.0037931912681552194,-0.0374696207633881
2004-06,0.12007535456730774,0.16707351348081928,0.09531559325985502,0.0500921860138627,-0.06579782454173437,0.08562757399398296,-0.09097559157552815,-0.02883543847015005,0.08636648358111111,-0.08293140200271595,-0.004066747223636705,-0.016615885898764202,-0.08958171156108702,0.0038874905183112034,0.08443839739019045,-0.012908635141040023,0.0686596877821052,-0.04655549363768757,0.04930469749020408,0.21227693577453632,-0.0332610918708616,0.09125520973094285,-0.03678788135212397,-0.012011948611699417,0.03299789787078893,0.08328176546675418,0.010362619900988055,0.011792694259530456,0.05389878750184695,0.0033375333078877155,0.06163635199384377,0.07052312270081329
2004-07,-0.03882896465482449,-0.027404531108520164,0.013946581934886201,-0.032978905752619775,-0.2080710200905969,-0.08653291333914401,-0.034537542942750375,0.005269827603513393,0.042709201349309237,-0.04054666670225558,-0.0361509577579763,-0.06963340955624972,-0.14094843893866438,-0.030218148476357478,-0.09156668101668114,-0.16979456030560644,-0.14323697137627,-0.0356943517467958,-0.06215609042044174,-0.09806739809831719,-0.11983204900348877,-0.07885324415252445,-0.1322559105172608,0.0003093590474367689,-0.013803484916694475,0.04019065801626019,-0.13551808917308586,0.013702789282176492,-0.25426394779545525,0.015120436961876291,0.06093226181947715,-0.09335378083269871
2004-08,-0.017954380410701482,0.18373360854891288,0.01619426962580995,0.0334430075282489,-0.0424153418399951,0.062305694898308055,-0.05560911260238094,0.043195153814855336,0.018710023580122158,0.017337816295669092,0.05206672510282218,-0.04325680557656368,0.038251092823712425,-0.1292342377575179,-0.08949851727291723,-0.09315744625004951,0.025760109811812197,-0.10270309619329829,0.05353965091617843,0.006945226336619944,0.09604807013419803,0.016862308845962397,0.006271878832813202,0.08084108578489725,0.00016045760986000416,-0.023387099945646462,0.020450212152955456,0.07536618109819804,0.063711261849285,0.032224275625172265,-0.055972213656989775,0.009760081723543665
2004-09,0.0075399033039772806,0.17864321053502039,0.07785336248833366,-0.03852666910570713,0.1279042659741814,0.046989941185975125,0.08674159776700872,-0.035527527390829594,0.048550435464730576,0.05731365746424192,0.026345298736512403,0.06457067264348161,0.12632865656097203,0.023068177499648772,0.03908648586657977,0.15045320481556482,0.03442588339791202,-0.020998189390347786,0.08029472435251218,0.07516064193243921,-0.021354757383117852,0.05424975494906658,-0.004699268821495976,-0.004831811376495071,0.1329415551851043,-0.04054485812784773,0.06851932967545865,-0.022055145736504477,-0.045042407017601815,-0.010755953485398843,0.09934562798233586,-0.046457545155822504
2004-10,-0.016454364464465503,0.2600424089773262,0.18655486883718972,-0.01992468342815383,0.2251133403223302,0.16358516069700255,0.04608095681105852,0.011919821952410694,-0.059998978219600325,0.07966654870131273,0.050842559495368256,-0.05952646752566278,0.030121037992489066,0.03261016064816471,0.17601270879058567,0.026633052584849735,0.022123426139018885,0.03487051309132059,-0.126100955290518,0.06889575401338846,0.06160360352733169,0.15460128479401158,0.07388286755053144,0.033540607730391435,0.0050936865888964915,-0.04681005796739106,0.09757980732571557,0.0183648752470412,0.07042050388713882,-0.04753901025758802,-0.03931280791311051,0.03156500525104285
2004-11,0.009084900414797504,0.026548977160296708,0.03851550434959614,0.03008767859353971,0.17105950847874038,0.09013301686887185,-0.04540061910727429,0.05085044143917068,0.008823921747899376,0.06363142823472025,-0.0385643724872222,0.054550260275858846,-0.13786969279368191,-0.15370352735132947,0.1554648301874254,0.04490280564505838,0.03398836640493882,0.02918118137012992,0.03505380927210323,0.08812832209285072,0.08986277792932149,0.032976851133099144,-0.014591098257581,-0.007426435198320643,0.06664031788786608,0.10422479623154884,-0.05606477300776512,-0.01260468525383933,-0.039079520755725884,0.012371135001597798,0.010833125046386127,0.12946391571857108
2004-12,0.03674216565690647,-0.11468647636136842,0.08777495063651027,0.06229116027798445,0.029487639380691367,0.04633000277850255,0.021686475756075324,0.10019293951432359,-0.005745095432648546,0.02369427989160587,0.11743080167623289,-0.003669838236592293,-0.029065761800711385,0.05401598349194895,0.10334654803259516,0.024728138828775767,-0.04421496636401363,-0.04383911990154512,0.05134240236558064,0.08240908468093733,-0.01933489831473947,0.027057679462059687,0.015405131943888664,-0.013532203538334692,0.0513415303533862,0.036358568060487526,0.043467118911435045,0.007692842841557466,0.001609206866486106,0.0193576474098734,-0.04960944502617107,0.2219642388740239
2005-01,-0.04519195137878163,-0.02251459864423732,-0.07282545238970861,0.021807295305493937,-0.20047044925714136,-0.16688880359072694,-0.1252437852894626,-0.02140657343683358,-0.006357805533041399,-0.034216774211684994,-0.058191749419795075,-0.1341058467437482,-0.04623343558218079,-0.2048626473624531,0.01442074094762265,-0.07108557906469674,0.008234631143390897,-0.11843118328121045,-0.01698261546022007,-0.2556407578149204,0.014111498080352359,-0.021354942123070243,-0.15623036718533254,0.05340940485664446,-0.1839881749924417,-0.06270294303102777,0.010880491083321177,0.0004090573748797946,0.029674445823698,-0.010685019200363776,0.00102114005673528,0.0195843186004968
2005-02,-0.01922296059239285,0.06164820344161938,-0.011660822245436969,0.035508891848115336,0.05382738708870971,0.055522813427410035,0.14384798306119287,0.019569997528944116,0.06349135918622698,0.02099815703197569,-0.006991680850662025,0.11328205975433661,0.01697978250922868,0.09963689023982013,0.24271690471782056,0.09870484533307089,0.013473673548891564,0.09301896170218188,0.16092976755760666,-0.07615173332420343,0.012897201910358135,-0.0015183120575234259,-0.02674708924069005,-0.04052260054139949,0.034742612501141586,-0.024554074337834426,-0.02511010836797346,0.04756388453193542,0.026080364479082813,-0.02902247236379624,0.06724823190382255,0.032866687833417466
2005-03,-0.05234984442686246,-0.12927721697803235,-0.019674057537360862,-0.030881079150468792,-0.1106829153290033,-0.007468423204682343,-0.03614928480424277,-0.055054366078787415,-0.041543112355254354,0.07836049027360004,0.03894469744978087,-0.09194233193267048,-0.0479831723317891,-0.16151601149130695,-0.10527010378986748,-0.08416689874082979,-0.07286196796074382,-0.07677892740620328,0.0769853736338617,-0.02176923417602088,0.22791135494566936,-0.005839834029482172,-0.020875461254604755,-0.007270993221692429,-0.045006385485986435,-0.04342051091608911,0.043321417522502514,-0.006319046026508614,-0.0717729213658827,-0.017418789029473955,-0.08883403976174951,-0.040694147905131685
2005-04,0.050956191172726095,-0.19760340919417632,-0.005184780841007651,0.039858985647329405,-0.15099272181917614,-0.0975111007691445,-0.0934910793401184,0.017759482063670808,-0.04062232549145815,-0.02717487794123361,-0.07791028217813258,-0.1490848675266882,-0.1027622122549202,-0.13613581197963645,-0.161518037627464,-0.17725510325152438,-0.10140109413649154,-0.03643717053984894,-0.001855081341043923,-0.007679791630871559,-0.18536923889253934,-0.061778029244327966,-0.09664806993882746,0.037562626195188055,-0.0847895356328995,-0.016675665949210758,-0.05590928889177415,0.06394880144522734,-0.04256208297329574,-0.030259513786598795,-0.13191617689298157,-0.04632846020552688
2005-05,0.04574054556880495,0.1696428976085274,0.07619983858157946,0.04877823709997323,0.11523785331427286,0.08792210286189409,0.13583728591743105,0.08007945989131138,0.03485337193539134,0.017386532585897098,0.005952940078076063,0.1392764120398526,0.03311300441617013,0.1386162772059234,0.20644391796779113,0.1634131772515136,0.03999791278118301,0.17005066796232862,0.03816591145261113,0.20751764154173724,0.14018638487994914,-0.025911047864160774,-0.09024403706877011,0.018315604078326567,0.01403852834156431,0.024528751543430028,0.09450053969012176,-0.02358497713989036,0.08124035277852798,0.05996022495409645,0.04837418958706314,0.10923123126782466
2005-06,-0.03365383522775028,-0.06098285422835467,-0.011094289505366303,-0.021970786117877943,0.013551938008925686,-0.1360785094456921,-0.0012869756093914723,-0.05414453162110329,-0.000946969157398782,-0.057739984167882084,-0.07274606275571925,-0.025492982169764724,-0.03896718940131657,-0.08238597378384974,-0.002161237728925276,-0.03879600897410042,-0.06004451946060593,-0.057101952033412964,-0.01454164631463534,-0.15394297382827726,0.08173457481637497,0.011408473049385581,0.056663033789515836,0.03006918540286291,-0.08729497151993686,0.04749482270795414,0.03326772430035896,0.05192286313240564,-0.0444760381318293,0.043299660582254165,0.08142463596657917,0.02713052949313975
2005-07,0.039816798629249826,0.09623900777110846,0.04541064693748503,0.021720973091466807,0.18632679293604862,0.04577415555581707,0.12184895478529034,0.2918966183973857,0.05348940901352154,0.06154488072285523,0.013559884680662935,0.1884027671770322,0.05148719525472338,0.12856128638832381,0.026689326301258053,0.25090370340563717,0.13532527564054567,0.06335927148054124,0.28102812422879614,-0.033287377218403025,0.034874179747045035,0.05856065642338528,0.0745346365404772,0.04367490277629665,0.07971656811271376,0.09711874201667725,-0.06362314541607074,0.0135467892210669,0.030933990006091264,-0.0040451236260865865,0.0639133711249262,0.05968703957674807
2005-08,0.07866411404687848,0.1008947521025946,-0.024201075242983202,0.039140654492336224,0.0204939578761658,-0.031100343384885848,0.0657168465530118,0.05718785074274692,-0.0009294359406370342,-0.005966498871269029,0.009987509151482703,-0.0021615290234219026,-0.05774213162186542,-0.025227580930013167,0.10400381852939004,0.014152001705289225,-0.034873460121642365,-0.020814443319117363,0.11180749057866779,0.24529757341592756,0.012918991291813326,-0.04650040121994905,0.0089022827420906,-0.03424284571326405,0.01574911906419918,-0.06781003335821838,0.004510092770030956,-0.006512624821304682,-0.03878091857628248,-0.014671127139868179,-0.013941172808777899,0.0018563887545017996
2005-09,-0.07122020614586039,0.0792263931688147,-0.025475683502944914,0.025149015172368373,0.17117353599706744,0.0589109590796854,-0.004728906087769206,-0.04085494234523542,-0.03798113109877263,-0.030100533620810433,-0.033932232860367215,-0.10302944855563957,0.03120709523183101,-0.005913334968460777,-0.020090950767399186,-0.06447890186428927,0.0408755717254343,-0.07133042680180096,0.028556539833251682,0.09613533789104886,-0.08554308016331613,0.06523927183483268,0.00010469882786602945,0.03465378567897915,-0.0393015535348004,0.00998592391821248,-0.020350441058975745,-0.06709426068508385,-0.0379599515373169,0.032837014477961064,-0.04080752579412082,-0.020291382294408654
2005-10,-0.02710564114217118,0.04770836521862503,0.09253307525572997,0.08100708479720585,-0.13800620003132982,0.13233078716151236,-0.08404127329210652,-0.06126378762730223,-0.05365889077466902,0.09021252972790368,-0.05538684836711303,-0.030864140083477487,-0.16898813265394047,-0.07670064349782502,0.06940498974949162,0.001804074336806678,-0.033286593981923275,-0.03487566383800754,-0.05935964495817808,-0.008567739468241005,0.09670428777903815,-0.029464743040695653,0.032531746036833134,-0.073154555823523,-0.030378707962356127,0.055959802005047535,0.07079276398559198,-0.02211363459610368,0.012066990207447423,-0.06578577240849778,-0.04977342743029947,-0.07338271864805453
2005-11,0.06888667846631553,0.09983669653574045,0.034790397117105396,0.0030776596630565953,0.044310402334783304,0.054217958615191936,0.1132018564204778,0.03396134142947548,0.026240944965055496,0.0001681586658314589,0.024183665827089997,0.10867898236461329,0.060779922705297015,0.0033783656928623104,0.12430298469128073,0.12107823322670062,0.09046609164094009,0.09906113125008123,0.19421012243714664,0.027565127650623755,0.13157097657069444,0.07768274211714916,0.12233800965570746,-0.016053066343622253,-0.02020697238198637,0.07075627531461606,0.13285753893438101,0.003035893382411327,0.05445821916227226,-0.002086918228879195,0.03282377019516723,-0.07013543950459493
2005-12,-0.031242730967218198,0.011882022525439106,0.022936816689316186,-0.014079541359605029,0.1290385674169019,0.04916866675691285,-0.05495642477137888,-0.0709458769611047,-0.03434449888030606,-0.028107044278039953,-0.01476986629151801,-0.007244729094642558,-0.06962226708516478,-0.008855017661412912,-0.07159818641640414,-0.06780867865896026,-0.06973172302378725,-0.05804285846407638,0.04909190413718416,0.057838947679913856,-0.042873549081098396,0.04367585601936765,-0.08171922414022835,-0.020519394884164408,-0.03181488236172988,-0.04509621847490745,0.06043848132549362,-0.011440135999630799,0.02682125388116251,0.0039105494941513415,0.007512002833808718,-0.057569164109355725
2006-01,0.07478168759750044,-0.04580580872188257,0.00818059358552208,-0.024396628941729323,0.2940008879406318,0.062018337393229324,-0.10035329942148112,-0.08473682718366053,0.042387520033192336,-0.046078979989777225,0.08892467286354919,0.02137311315370909,0.051522969670990154,0.07761509442351912,0.1653397943966792,0.005366805839472059,0.02516270614019154,-0.11037194967419113,0.028880902562526973,-0.042909123858170625,-0.03512971819417529,0.03572564842864857,-0.030494454609928924,-0.01936504019859824,0.035507079824033234,-7.848877084885393e-05,-0.016095235668410476,0.06889572733019007,-0.010394621895038264,0.04661109834349312,0.20937275457457374,0.06184588690078904
2006-02,-0.01284591197602132,-0.14005773724915926,0.030825190304683916,0.06395147619442516,-0.06068324527152678,0.03176765819709066,0.0250121087823936,-0.07950121247374638,0.07176217168535212,0.0955564337609238,0.006613217530900695,-0.05340194303268127,-0.007735929254493137,0.05222652667332571,-0.07037990376878599,0.025898113238621723,0.019450875436136227,-0.021117704384071966,0.058102092213101815,-0.017824047206001017,0.011894555860679964,0.0735324335216665,0.15009563398543166,-0.016724232788835933,-0.017961467743072137,0.11657068959196046,-0.002824250713531316,0.019089277569615985,-0.005203772130276566,-0.023584927438572406,-0.20397347116389125,-0.06258561014203623
2006-03,0.046669164939502045,-0.15292696588123855,0.10676656819286386,0.024596822321375812,-0.14879059514416576,-0.061547274524440976,0.09770037125066883,-0.008713394554236286,0.0658112578922904,0.025184876916199885,-0.0027202836528781994,-0.060150200384798715,0.00468886571080066,-0.024237135919849856,0.03197027099225543,-0.05343271844767532,0.06565169995588357,-0.06008436911428767,0.10123688876543395,0.0657448089331589,0.19542046149283374,0.09134643406107133,0.08718617279139079,-0.05440706559625467,0.03330696724808496,0.08824515753501706,0.022534628593809343,-0.06285837475081266,0.04676080429072075,-0.016135142499716558,0.019354007428787054,0.02962976966847857
2006-04,-0.011360959206266107,-0.04455547488118862,0.008375244161900646,0.004463322509990413,-0.004260081246756998,0.11508402105355722,0.06627346004339303,-0.06415233504111209,-0.004799824002796341,0.025706964739454247,0.13236634107977407,0.029299923945395344,-0.012865840683774409,0.06462585130160868,0.12695585346392374,-0.015105979872702952,0.001368063455939385,-0.00031439412954193204,0.019300591991777666,0.11632781342735073,-0.004906877125021652,0.06864747288338942,-0.025738544258263236,-0.037002664720431386,0.0022490466946770036,-0.044673465548142825,0.026978982253407065,0.03413149255059852,-0.06232189556804992,0.005726608617383903,0.04540385526082153,0.03636367477252932
2006-05,-0.10137304897183472,-0.21318681885990864,-0.017729607537631593,0.07049581355080464,-0.16308893652747825,-0.2365958390293672,-0.09013054803315076,-0.012083434205250806,-0.05940590387023456,0.049896675181340826,0.036868515124730473,-0.06485701095449595,-0.1115839090667836,-0.06557571288577982,-0.011554444257241477,-0.14673998631916366,0.0658516576105275,-0.08089022715233654,-0.006768157676129369,-0.13985353692354138,0.1380742494720933,-0.07908578883283345,-0.03954569175648742,-0.019536454432809835,0.11052980066385013,-0.07949927889357841,0.017231925226532996,0.03758774850854641,-0.0005777125625942711,-0.02634309741832835,0.0597034118737784,-0.19242069670231743
2006-06,-0.01365801262384498,-0.07952871452611773,0.09300687743123498,0.014473216847090846,-0.26553499606456354,-0.046014832775806494,-0.053107263953731276,-0.013090812320331944,-0.03977509692148875,0.005991347164728397,0.0252560637452473,-0.08696161696055744,-0.07307614194414423,-0.10907247769647502,0.01738229427583834,-0.005164248815620556,-0.0732371918985938,-0.025073201532742968,-0.06571247249649902,-0.043770240441836916,-0.05923239407611462,0.013775541583407654,-0.0031395925596155025,0.0004617046377852694,0.06668418511906345,-0.06996354814154479,-0.020179812437311307,-0.015811452722064766,0.01589601520727818,0.03263764237418125,-0.07714944150823305,-0.06300082419988164
2006-07,-0.0182027174221868,0.0007871271317084486,-0.03597340108027952,0.024910123514664078,-0.07256787002299865,-0.0015603576740801778,-0.057135469416330915,0.031341933940456056,-0.07431789402653118,-0.0034148105967095957,0.05126893372265962,0.005961444427151228,0.0249776068799237,0.048062299033064436,-0.06539241520579878,0.0786727535976807,-0.0935042573742367,-0.035193623013153534,-0.059045917339627184,0.014645552818262625,-0.04735798222459344,-0.0958724151971893,-0.13389710567110366,0.05892128977486155,-0.07427656632098556,-0.05692915302695726,-0.11067796103729687,-0.03366802770736466,0.08047567365173722,0.048660921973260114,-0.07221722786895114,0.09006904462704803
2006-08,0.034607939675329026,0.008278105433407575,-0.09093792528742833,0.0689577859170518,0.1315003273941727,0.07923510838190559,0.10273740472295861,-0.04082718661387072,-0.022653134895006522,0.03291689497013714,-0.00644010463297181,0.019089144686240945,0.030928696826376802,0.08130523646611099,0.0072548857759865085,-0.002790054036716184,0.022496953358767235,0.044021972539352486,-0.011446174508045382,0.015970184678010684,-0.27132065259617233,-0.027745087668985743,-0.01759022047311483,-0.004061412828262037,0.00032055818946799704,-0.03301889158938374,0.0012559136041943883,0.018986790425376505,0.04041386799848829,0.020097603124310574,-0.1334593191816768,-0.02087249646473749
2006-09,0.06755685544049995,0.07286956716679091,0.013925739710776533,0.0030251045065923243,-0.013472132271744602,0.12070484147974302,0.09444748679774874,0.03290780439977827,0.02460832377063059,0.03418955673622759,0.07121300068993956,0.02277209516070921,-0.033458936262171335,-0.04440426994160357,0.0009448095468377744,0.011702963339670632,0.1194163748355921,0.0390829295546372,0.03491900378855776,0.0049303718224943316,0.04321618091941257,0.08677994722626889,0.05858466095063152,-0.0008427851748378156,0.09303785147478458,0.032571829779565506,0.09102179520625583,-0.0679827484206865,-0.024224130528700316,-0.022092883483415555,-0.024918903822251117,0.07252471493808095
2006-10,0.05834811948691347,0.03036066711833045,0.08706581578046384,0.013089573523126962,-0.06625684691862725,0.007840953642230655,-0.020768601263535063,0.06908070625382264,0.04935447430205452,0.06157209399615775,0.06550078511050446,0.04197488505883625,0.1135987408147902,-0.1388600834624758,0.13098986923593303,0.06652104079812375,0.04938156511778364,0.04077635164246786,0.07452488421839082,0.058121486822747474,0.01599490074097335,0.11287962831300934,0.07741552529545775,0.12340288043528903,0.04332618291950254,0.0394002876369365,0.1531439823691491,0.042311436898383126,0.01903696016995025,0.05554957482477241,0.014316942530397305,-0.08523109757718135
2006-11,0.04934170629776627,0.053835353070333845,-0.022403456200355283,0.005177467955544922,-0.010030201050351338,0.0763757494028677,-0.04285027361294763,-0.018344617156151103,0.020496103957402145,0.012549492982311793,0.025522325583799025,0.05137574697168523,-0.044317488575633515,-0.054371955482151825,0.08704928942060106,0.05834180941751102,0.03409867573772569,0.03202608031548333,0.06051668856386249,0.023746890173383262,-0.027610192743757866,0.026524270844572168,0.00853139388484281,0.010237423591830644,0.13270064290265127,-0.05945692993241167,0.08113211397727545,0.0051676303893328866,0.02833774686930299,0.0220005988675561,0.05723231705280528,0.014801089712833249
2006-12,0.042043186263640196,-0.0921929870311281,-0.03305667755757981,0.019352943315042972,-0.06758926278727302,-0.09985327579838206,-0.06401028069690662,-0.05513538492859082,0.015609031041331602,0.02324647751096102,0.028225862607269208,0.008696618127598761,-0.006296405983134569,-0.13340861064242157,-0.023282291980446037,-0.05656705804454525,-0.041144195820843346,-0.07339862499859082,-0.03818947112105142,-0.021193042049915903,0.15975894870617705,0.011970265283949282,-0.0032967169046544923,0.015800718591932886,-0.02754878625438895,-0.003528587582908043,-0.07300657240764427,0.01863233179597451,-0.011831056693930229,0.018957263017881112,-0.003950406710446999,-0.09653901432669476
2007-01,0.024216127684956897,-0.04119285252533559,0.06796254037156955,0.07699438159760179,-0.06275589214421552,-0.04013755562341137,0.037316150899852504,0.03247312206980138,0.04727902919505429,-0.004726338764848834,0.060651382627247334,0.03631495155956395,0.019206711453350296,-0.09503405954907587,0.03942504962849454,0.005433743293677289,0.042906520399116015,0.01694572620763088,0.06831406485695413,0.04907029487287184,0.09913387878171748,0.09888126813110101,0.015085718816191501,0.02429962846052752,0.047171291939472365,0.021318384874904114,0.12393873022402292,-0.045340252057771084,-0.002137888930554084,0.019967491426048298,-0.06589701532277097,-0.06303678131889716
2007-02,-0.06374338820880812,-0.007617114429879989,-0.021091413919859678,0.022534328671169692,-0.07151804229337372,-0.01753463399977334,-0.01689159733670744,-0.07083382236275715,0.007902540814159547,0.04925800537053591,-0.10303766904916029,0.029285617626526237,0.06395739815960819,-0.03634447171368966,-0.07082352267497087,0.06093269808798901,-0.018035343822062296,-0.02773801805137406,0.12460669037950332,-0.036552019059910644,-0.0981833969290973,0.11086224568648508,0.027285407281436174,0.021582573573527872,0.053853815512444836,-0.04796972633999185,0.040743861355856746,0.07864092302897371,-0.018949434763168783,-0.0025270748729456153,0.010574228963600576,-0.09106507674292595
2007-03,0.010362343615759084,0.04702112817546562,0.009910424395871434,-0.006410510029590239,-0.0820521807368799,0.02423916545668535,-0.05603341606599134,-0.06659048607786411,0.023419738637837775,0.006071825919558379,0.03333157443428785,-0.025291068468304635,-0.06755982968048443,-0.015918402249682426,0.03689305205242452,0.026389466831531393,-0.029876423755447117,-0.02119507391952714,0.07531722297038412,-0.06915504035046205,0.06012851408303411,0.18790320804010083,-0.01400755973607122,0.059745753498673934,0.06671588150856146,-0.019850975391490562,0.03768924112108326,0.05122406745439609,0.032706982720836615,0.06895624960060011,-0.011808783374487191,0.009201429088488271
2007-04,0.050411341503231316,-0.02433662650952674,-0.024069475432411867,0.03106853458075711,0.028561840477230635,-0.02395123472608657,0.02604829346436574,0.005851301377239685,0.13425711708372715,0.0026353081057765133,-0.00860549180568637,0.033905269881810425,0.01087497235732354,-0.09304621989010488,0.11722343295542013,0.057591334158722855,0.0401350732234952,0.12347561532366431,0.10600527907890292,0.03615581139087667,-0.0360752367047817,0.027178754590310536,-0.03481984426550788,0.056582330351335614,0.060009268556626055,0.10523369156657575,-0.07405662950156572,0.020934827072424292,0.07543977563345426,-0.030536898704735724,0.2124316452261608,0.02441161687175999
2007-05,0.05403408170079431,0.13192518814807272,0.024399543293104356,0.04969217088407764,-0.04612542622483751,0.010205836725673033,0.03276945056619612,-0.0237091906372413,0.06847006232712577,0.0822011168696762,-0.03057261185115068,0.032253407078685244,-0.018628072534099153,0.04875292098854098,0.039792203929279894,0.004933985392432783,-0.00047803128260900105,-0.02903873433705621,0.05469843223471643,0.12170804202432593,0.17388439163320457,-0.01951951431076902,0.0486277854434857,-0.09112769816976549,0.029301306121375676,0.05459624604290381,0.015651285168803257,-0.030738545007990704,0.006661008908092569,-0.052761877869671986,0.012230755219884072,-0.013548662743418727
2007-06,-0.019221613903802698,-0.1039369438821423,0.06858487784041645,-0.029104715066766113,-0.021805485547177754,-0.06564409940180686,0.06493960838044002,0.03210266326267569,-0.04110493969660389,0.010260520321895407,0.059415333825455524,0.0720776943268937,0.08210690970461815,-0.03883551089994058,-0.02879641026872914,0.027715312384489554,0.06138994341966078,0.03860573956539591,-0.024475511989645593,0.14856163304127956,0.11616278944379063,-0.002320525022150334,0.011003179398994855,-0.05703863107099495,0.018725971449909857,-0.008907546886391933,-0.07230716906028319,-0.04901617854348974,0.025615038528513136,-0.1246640074396515,0.0003758766430771802,0.008924823182528643
2007-07,0.008881271330775911,-0.02778025265560451,0.008892011749799224,-0.007347998848807504,-0.1194353762760728,0.008034550434226238,-0.04598951593707397,-0.023906602677454473,-0.017704343841128897,-0.018379111354583574,-0.020338785776913074,0.11516995091925991,-0.04764616738474307,-0.15266276085938302,0.07566206263847668,0.09327233290857981,-0.06422637011783529,0.05310765476258499,0.010270480875373359,-0.036685150115559555,-0.07695748996189844,0.019516703994262568,0.03162533886495666,-0.0919105468676299,-0.06299547388194597,0.02978342269885834,-0.0999954296061721,-0.07789521646861719,-0.07695681594880224,-0.00010707877948053942,-0.024669083769639503,0.04966106546532144
2007-08,0.01463051965628864,-0.030871769350663263,0.013730267374129445,0.055651750639649084,-0.06726567004325679,0.0473858835166248,-0.041454919357082565,0.015246929009267227,-0.03878858565291331,0.03452224647841913,-0.04805041411507348,-0.019339903130641437,0.05095838177545728,-0.06189559426347564,-0.08232308996605174,0.024948466433826505,0.04740146751043277,0.04062591732855714,0.05566990638092051,0.09421569980838969,-0.08570688797509755,-0.18281305028655206,0.09251483322593329,0.0500579909461145,0.014052272317464738,0.017321542709081667,-0.05629818928480874,0.03651454384625322,0.09591658740733414,0.023889484206502283,-0.00821450228626863,0.059707721390161235
2007-09,0.027359656365437465,0.01892174951945257,0.06274717379277324,0.08566588786772536,-0.050603456285449815,-0.013236387204879893,0.049376785222328426,0.0853091092237144,0.05139581180700353,0.018139964033660742,-0.09212781294769194,-0.04574080596244371,-0.02397867038523856,-0.042943409591000466,-0.02165693493114149,-0.005756465567560529,0.000308421387869752,0.0008817978508838606,0.0248918600119135,0.09186330964751192,0.21795870239075446,0.04420886028692332,-0.026714518120382013,0.03944941493677258,-0.00970661770653281,-0.018229114498499017,-0.0666212387176341,-0.0017861044484792686,0.047325876029029164,0.06542933084690107,0.08823349771319199,0.08124889655838247
2007-10,0.07279774522829306,0.04226175991226125,0.015429774661568647,0.0186820976470839,-0.011566025980290122,0.06261345980427256,-0.07466508869515824,0.03182734876746972,0.03875152390297317,0.04242351891699494,-0.09235324405761088,-0.05226777658805499,-0.08228364308775736,-0.07600431384570105,-0.06560866455284495,-0.03811717542169882,-0.022491919313509665,0.009345068952729957,-0.019683469501067568,0.02084214699872777,0.33937235740581384,-0.014918329577084433,0.0035360844976665,0.03332251273789444,-0.050752225614825196,0.06583122006816221,0.02328548499010307,0.06364118371647895,0.06282062493047742,0.03788131126376002,-0.019571225597656283,0.08551729142713069
2007-11,-0.07119476073860806,-0.1491809075313149,-0.051912578297883434,-0.004671640210817207,-0.26295799551363713,-0.09424836210188624,-0.0029744506678229398,0.001965461426782944,-0.042559906998406234,-0.08763148310120092,-0.039441063408860215,-0.11277277625257653,-0.11884171159515212,-0.21098505613176025,-0.10352886021821976,-0.08502184295216304,-0.12759525324464333,-0.06548739218483121,-0.13112511906141852,-0.00885249825484505,-0.17956618252437742,-0.07450474705805189,-0.08738430179221865,-0.0037163204381290434,-0.08260317393210842,-0.08323065962497289,-0.044929859441115175,-0.02687691944339755,-0.01907262489193678,0.03419144464524355,-0.07575108562255155,-0.09865694605885733
2007-12,0.027456083438138646,0.0012194189815273738,0.04002595370244166,-0.0721902208731204,-0.28286459478856446,-0.046010102430261254,0.011587165284356918,-0.04315864161143906,0.02578538593885859,-0.016116880199007,0.011614938403328967,-0.05280294320068215,0.0012389950899449104,-0.11589253908438657,-0.09963108853280754,-0.009105214465191282,-0.06902465333519361,0.014343038996662144,0.014592094151152642,0.06272471561739218,-0.12311022748204359,0.02927106114539621,-0.06485936638517383,-0.04279025529963593,0.044632428447496666,-0.006104194526374884,-0.051806035323426154,0.03646420890759616,-0.025678363198420824,-0.06461481293550433,-0.04081981510913304,0.02666368397798906
2008-01,-0.07807855692546761,-0.156764736601285,0.050549296331644164,-0.03593508422683239,-0.00650746717020768,0.004671273392531505,0.03744312874422951,0.0656696494639732,0.017078472882643355,-0.025312993457341542,0.053208640363559684,0.10762799742465054,-0.03848190886960705,-0.03206385118222027,-0.06028825839896854,-0.0037953863410547144,0.08755668265085875,-0.04421095994402348,-0.14214495449847622,-0.052211802536789295,-0.019080576054989758,0.14455527849404906,0.06033303404021867,-0.05708118400218973,0.00832702316514396,0.030563767936685457,0.21578074926291851,0.03473059665508051,-0.04301748550799203,-0.07259726930806655,-0.09308554572219233,-0.07676488929062364
2008-02,-0.13185235831886966,-0.138507766214083,-0.08813757416453612,-0.026060937101101817,-0.11273914267250111,-0.005549934903932846,0.028787720146221493,0.008894858398025098,0.026171837449291656,0.026980611176933216,0.022975399881184123,0.011761378920420966,-0.03895859109290346,0.03568466887056606,0.03725677065753573,-0.020191330585611435,-0.10396032471238068,-0.005862740478756925,0.05101791864419602,-0.16803522297349843,0.04722821009118057,0.06491243556752288,-0.024732461489872338,-0.01654913084713096,-0.06411725333687983,0.004829642304598076,-0.04407180928542821,0.013818280416927243,0.05176471979357449,-0.006990527154387485,0.0755407045704607,0.05711059429343719
2008-03,0.027314723491488016,0.10642865856019136,0.02955114134700283,0.011154984807100981,-0.22299657752068397,-0.044261411472735136,-0.00012173480669697395,-0.021935660937328582,-0.009650584430537755,0.09789003000583592,-0.048270218384750596,-0.03337397202673883,0.01615127927349793,-0.21793949914449914,-0.06310073330104764,-0.08976169934431717,-0.0011025709110199997,0.07344858346483915,-0.028376787732856634,-0.01936620016380504,-0.15980568270394968,0.11580990089977329,0.033968527742613094,-0.032918169771854244,-0.038668196603272954,0.15959702631588107,0.11515782253626616,0.07351529882135872,-0.03726972057969413,0.015707213267456343,-0.00020951142737538704,0.03186423795629504
2008-04,-0.01596663159321331,0.07092223794570207,0.11568815797197211,-0.033306737490930126,-0.05871219943702155,-0.006356900221290033,0.0388963077752819,-0.046791227958159806,0.02703408889004677,0.03331316493258468,0.021780715262543996,-0.06882020941642934,0.04473298365349233,0.18564705848835128,0.08804087389713218,0.1357964644262263,0.06581318272068355,-0.030902287340175957,0.02914620107034413,0.15337503423345908,-0.12484296863583982,0.04992493154842592,0.019369411219533637,0.01987115293744979,0.0673770539710635,0.04567478493193341,-0.017179660574784452,0.06138839223597903,-0.10543766676782088,0.02483077416522156,0.1667128857830655,-0.01142750224105906
2008-05,-0.035222796202341755,0.019855880028968514,-0.019264464964558747,-0.02891988657310711,0.06153586709242559,0.17075270015585467,0.10962170542070789,0.07663693808935479,-0.028405325087321586,0.027680142558023528,0.06535373396031771,0.03198572874556458,0.1568648566143027,-0.0077144212884509384,-0.036154347085198164,0.05103922595757941,-0.029168653250578644,0.04553877339222441,0.0032925093792112647,0.09834110509298637,0.014630675228001622,0.04453798218697858,-0.05266972522404833,-0.009670435125338661,0.10629083492778728,-0.005885089218560751,0.029433262738916402,0.014365522817308452,-0.04245529307912036,-0.0016968046459716903,0.04649444356462352,-0.0037546538154743145
2008-06,-0.02854729361931674,-0.050619485595478214,0.006436733285209058,-0.06091444211349142,-0.21853098302172413,-0.06414564683737674,-0.08835417845784217,0.09602428462805017,-0.15251882239627892,0.01277362095845457,-0.11182630280048016,-0.004885882661725901,-0.06578845016448534,-0.2374664744460985,-0.12439563084226687,-0.1072033003600698,-0.021085575280006385,-0.026002271746124996,-0.055792995162271215,-0.1330712870851522,-0.03908110769175255,-0.055574765809364546,-0.06451809533974869,-0.05013952270573905,-0.17531508085252967,-0.1103487287570315,-0.009043497457578022,0.0402810306156168,-0.1388479463675402,-0.0366267124090485,-0.01982087217581778,-0.13852812276533685
2008-07,0.011331542870015901,0.0015416167385027763,0.026348369170635027,0.028120082014321365,-0.2991214286369269,0.05852535201138187,-0.032071136192780104,0.09489155855340713,-0.04377167973785361,0.01691665777532765,0.03178799860351816,-0.037553156345552445,-0.00981443074889102,-0.20287815381719213,-0.06880095378939088,-0.010194470097569288,0.10533318382995457,0.05941861979942956,0.06698711038753666,-0.014195023270553506,-0.12746411704362554,0.01562890630715688,0.0716128689807343,-0.006624138536215798,-0.03359181972532509,0.057635972405979896,0.08288621260185805,-0.15650310197311165,0.0655407333445605,-0.0024413508883778493,-0.10633644948755287,0.034353836839469534
2008-08,0.06381768117382734,0.05797575452927552,0.09429173958647932,0.022295616474024033,0.34275341190630726,0.05136439851623071,0.03973634800083709,0.06207759918173157,0.007172962715056214,0.11512912321645484,0.03412913138724428,0.02035063767640671,-0.05405689628593541,-0.16674476237715843,0.07385642265130243,-0.02813079560033943,0.15570800506543148,0.06472850590088639,0.0799200163953836,0.04528168410347816,0.2444997930483706,-0.051597584249816975,0.016087899578069883,0.03128107295334814,0.04189024046515373,0.11203424957618964,0.07438683405971563,-0.016620864130866914,0.024907656592526223,0.033516756381500645,-0.0511256965938678,0.17649666808786404
2008-09,-0.07749796088626612,-0.24436244878555197,-0.0256089143986385,0.11088557550749507,-0.10720410044761403,-0.16039855657844412,-0.1319964920613404,-0.04623445394414535,-0.17260799970861218,-0.04014263170885126,-0.0850613840930449,-0.16723837090980417,-0.07626137718061869,0.03810286165602603,-0.10159461319957269,-0.10288184550537441,-0.03890091218383715,-0.19485580633567165,-0.1209946253615181,-0.0987172755522624,0.12603089566750408,-0.2798140755057423,-0.0004829399665730273,-0.07041001704988434,-0.11138130455570983,-0.07472691816937387,-0.05577015443974269,-0.21243726976823055,-0.10086768162528648,0.06827371679149842,-0.19927820895198148,-0.23357761281550582
2008-10,-0.12069767931254753,-0.1336681547835772,-0.007051678557826806,-0.04830429796025565,-0.47079714553843155,-0.31392302663471444,0.11431943329219033,0.07713959355589278,-0.19089765349449123,-0.1795551071657083,-0.044483907871270295,-0.1430684862584846,-0.03851618778993228,0.23315362357921712,-0.1565638851596613,-0.2684234782232319,-0.15701233202585174,-0.08883603159061852,-0.24612053056667643,-0.3006293497999263,0.16483437510883273,-0.16022103775780633,-0.19481182688904924,-0.036793179890566914,-0.11850822626787026,-0.17665218043739409,-0.011728685405565457,-0.01397109721905008,-0.47459809603043046,-0.1167745738979171,-0.3555076014196758,-0.30057883492354154
2008-11,-0.09189984020779751,-0.10255186115058425,-0.026306467914891628,-0.00522156011019228,-0.5266486855412857,-0.09581484874505211,-0.20225748174246813,-0.10797535330809058,-0.07885528905223912,0.2192573202904735,0.016461762511757613,-0.2323262109112223,-0.1700249083209702,-0.45006583692149926,-0.11519707572829664,-0.13934204665778244,0.12764347700065404,-0.07813800045211418,-0.06635891901666655,0.010523253245429782,0.06618862642458856,-0.21514805653990474,0.031674796381118246,-0.017348185023214453,0.033077073160770576,0.019714583612510436,-0.18760751123091457,0.022535779695177498,-0.17303373777463962,0.11016978164037737,0.12020674575267225,-0.11104429604102102
2008-12,0.019604668769515984,0.04781048278105129,0.10101186943288644,-0.03769351535364918,-0.10047684115050463,-0.10416893683841053,0.14295871462042867,0.09829474287295051,0.16117928100058812,0.003951767877235229,0.10842640713403727,0.13084290887007774,0.19913288235268856,0.018767819285296757,0.12458318255584605,0.24195716707568277,0.2091111908166687,0.14560835287239812,-0.04271311208553342,0.2685945072943307,0.18894123075827912,-0.12067875568686408,0.03361114504781107,0.08790140990825991,0.19902706778161566,0.02371043992733508,0.17087289861328664,0.0008357383477700261,0.26411392616316964,0.017954966932367554,0.016538835793412962,0.10195771070414178
2009-01,-0.07621637361282461,0.026910630914031834,-0.13067069105543166,-0.07358618258038241,0.12173531210219164,0.02205838235932765,-0.0037236412155137806,0.0013141631391908547,0.018262681933961016,-0.010042170620236247,-0.051429240523413224,0.017866254858399263,0.17112223464974266,0.489796197730487,0.10820744207034531,-0.044569802033330885,0.04643106185740262,-0.09406914019740949,-0.015318424317103401,-0.008555011112246415,-0.018445302581742856,-0.07264050181185053,-0.03426249507302079,-0.04408098150964145,-0.08677852888350449,0.053629367484638105,-0.02212851172652883,-0.051211662725300935,-0.04900469841796332,-0.041272779888109366,0.09930852777183939,0.03810425464879152
2009-02,0.0034800178695260377,0.07878899012071111,0.04128989752448443,-0.007199111250883915,-0.061923688423719266,0.05288611726017877,0.029031092008796822,-0.05566316575264421,-0.17538344199015868,-0.0524631732438141,0.017933301501000382,0.13369960519976898,-0.019529124555515694,-0.13981063122160578,0.03952815447628302,-0.05166152111685223,0.07430486032775523,0.02683294757255603,0.5969898257999531,-0.10735612562290604,0.017009725030212915,-0.016877226262928084,0.03467038662875621,-0.04943207799992854,0.05088208346625739,-0.07688498812081315,0.05615382795157487,-0.05613038401027457,-0.018043423033440073,-0.02594151018745329,-0.06824015481268471,0.11623600517611511
2009-03,0.05235964945645612,0.1359774261806712,0.0460636519572898,0.061595186289080193,0.20398183465727335,0.1047029377495228,0.09357141507776938,-0.06899419291554496,-0.012443819836292285,0.000973890614052953,0.025067874127619995,0.1986361312321209,-0.03989304908213607,0.03546621082297573,0.24099851576783737,0.15107712827499825,0.11741450274197962,0.07281216241243488,0.03544207920903424,0.3014756277781462,0.03499350957402948,-0.0529856664703736,0.11454234795237746,-0.13249815753217056,0.002014131262529202,0.05526886236690478,0.1900394770614403,-0.0497188858890365,0.06333938662772082,0.06682358285147415,-0.05506197255704842,0.15872838934189576
2009-04,0.06620255255187578,0.16824376365819463,0.1510979402946759,-0.04309225011707767,0.3611817613125491,0.26353744941067453,0.134653044685939,-0.0404832486841043,0.12245720545929452,0.029278915201405346,0.19859046677478065,0.16792233567813805,0.19348885503208652,0.3012643465740722,0.2783566686811677,0.4780550026740801,0.10687194765342964,0.14085557383714659,0.33470208761968745,0.35954838492162333,0.18596252193980078,0.06922501089320846,0.15155445602547932,-0.010169955285129227,0.5891827595153625,0.31721169674420646,0.061242970655073954,0.007219213827600739,0.1344341899748293,0.02648477922324597,0.28851616204018254,0.14622713938698007
2009-05,-0.007319861272893641,0.058455641506577935,-0.023583716288861082,0.019889141369814116,-0.020586492201147177,0.10401733816113568,0.10569587405077366,0.020289274478214027,0.010392186679015026,0.11186330980757822,-0.11152008371519816,-0.12129706743666897,-0.01895713211644756,0.09817175691055359,-0.10329913163042848,-0.003930693779179079,-0.03342105056237512,-0.07424670851692508,-0.12192801590999233,-0.011317442665303233,-0.19628545196493127,-0.012227895158313157,0.0335678022060052,-0.04061241163588694,-0.13439206182159769,-0.12058851715732789,-0.045397234574698395,0.02848735601507045,-0.031496001756770656,-0.1047694901232273,-0.015683191973693833,0.2252241820331348
2009-06,0.09605432935766552,0.020582211163531147,-0.06109794655502606,0.02830863397869853,-0.2892446808958666,0.03856845265692935,0.03359552883425001,0.05856109610294764,-0.09693525861885996,-0.01621033409291042,0.06588461249676954,0.008539063683175464,-0.03984143647272547,-0.04442131446067456,0.003315885680504384,-0.09059781179025111,0.01433246758796919,0.011091664700030791,-0.0028080778452269197,-0.08591680129908763,-0.19711404934753785,0.003168463239413463,-0.03997135004317688,0.07044834763241872,0.14047020583957934,-0.02580666113945678,0.015647792206275095,0.01940287619401183,-0.018349444640742944,0.02980749633472046,-0.15078872396288312,-0.07152834707814837
2009-07,0.0481810452145834,0.07401321507669256,0.12574302137561996,0.03504864818562568,-0.07124797543685049,0.20584470703556454,0.1509659897299844,-0.008344796495388523,0.13485008808289967,0.08942521077813476,0.037960729195388114,0.2867102296628066,0.14238146616117023,0.2127156251164273,0.09549042544668501,0.20056151550735637,0.104540025600332,0.0953093739669888,0.02454734693392034,0.18342010626001418,0.004851433123320801,0.12679853964131765,0.06660529688708491,0.03379983459841034,0.1323431921881402,0.10051396190987302,0.16991721141993638,-0.006682888477342567,0.09988931841570138,0.09477237122440739,0.17393903579740597,-0.021934424131044294
2009-08,0.043395842585929344,0.0014410550362894752,0.029164562277483572,-0.041051387816580465,0.07274314413180279,-0.01847941782754255,0.02284357289137644,-0.01913435614043167,0.03670423329765173,0.03706017439821634,0.05294326137107969,-0.0906290465549434,0.059135604584793854,0.10908653094298049,0.03833117642659283,-0.031846858459225455,0.10066482050230235,0.013022868890744017,0.14237213890206346,-0.0061184890926848055,-0.04286496526500049,0.037112455741867494,0.03346857582521991,0.020490024490683063,0.04899817232803078,-0.0169883397261145,0.010017273827362562,-0.01676742839407087,0.0012939110659659736,0.00996166485943218,-0.08107136555839546,-0.10865437653927576
2009-09,0.06771114165426578,0.029280399311330377,0.00909519012565588,0.02784980398491692,0.22282114564081928,0.10024436005533637,-0.059006439746740344,-0.016190684585940144,-0.017537646500340214,0.05095013591494692,0.11918256006996082,-0.04601161308935644,-0.007690871108432725,-0.037248799877600616,0.054431402084315586,0.09285567220502164,0.11392337166475451,-0.06744992140687409,0.2134759973837934,0.08622126396773022,0.13318571988597583,-0.06829620149738924,0.03008699427349733,-0.03870395622862522,0.1023375136974877,0.0492952803320803,0.024778607640168312,-0.013661019553858454,0.026957798090883802,-0.0328099261334915,0.20321341709436885,-0.03356661122667675
2009-10,0.010880281123351872,-0.065353685349133,-0.019087521436957054,0.0215239891566584,-0.20146110701061368,0.034111138774686724,-0.07556759069228366,-0.060480453453184854,-0.06016961199106545,0.026280325375353044,-0.1374182312313183,-0.11123637691357427,-0.08879936691375541,-0.22967271376013132,-0.06691790238637275,-0.1182658423775594,-0.06554702312313064,-0.10967294831278972,-0.17942206674299646,0.06772397633404699,0.04518142278919869,-0.05735132361364707,-0.004840731499305914,-0.0657222813035816,0.004966941308048204,-0.11191558160219242,-0.1074976577062335,-0.07722865101693455,-0.08436049823436917,-0.026278284869518772,-0.0238388314547859,-0.028728108551315974
2009-11,0.08119689277855692,0.045094120877175646,0.11577844295901907,0.028765475011673654,0.2574973730960833,0.1192489440765894,0.12324248836373213,0.07019642793538665,0.1000743822990244,0.12167920291693014,-0.009564075362788608,-0.010331348237169384,0.0891116112083666,0.12382166121799246,0.021998605709015646,0.011337441173870543,0.115280396532834,0.03470499286091327,-0.012365273184896816,0.024000604112938632,0.05703869144530409,0.07089681312799896,0.10718586180240577,0.042739544341389005,0.011156335940241006,0.0853231927807205,-0.0027697464681287593,0.0019697176794116005,0.0761518289141307,0.08383081108336225,-0.0020886311090436414,-0.021029442448665413
2009-12,0.04597150242799537,-0.0633287779325324,-0.011635142399738837,-0.02909722165122549,0.19655665641103628,0.026735057967470548,0.011932941553327053,-0.03058788419483148,-0.012588569954659656,-0.024322415376726133,0.09791823080341325,0.07390157107598976,0.013640187458905198,0.19559715478708115,0.09609050543111711,0.11824763381257547,-0.02159079963629488,0.022821654043159004,-0.013704809820429525,0.08397095237039563,0.06443437732763183,-0.027581614131663355,-0.0967871328574418,0.044185939736795764,-0.06093041236209774,0.13951334273159283,-0.035477574884277996,-0.04423574824527788,0.0702547753702819,0.03293625130915967,-0.09528523156562087,0.0336295410545307
2010-01,-0.08802445605501057,-0.14676498976801483,-0.013317308680577258,-0.0028636154124765285,-0.20773303978971439,-0.07584135175939395,-0.1205055177205286,0.026892355622175533,0.015992473158848674,-0.02423889895128714,-0.06726678062484072,-0.15734741026070417,-0.14528338507210992,-0.1752967696180559,-0.14557167515483166,-0.1951372302604866,-0.0014073499838547674,-0.10016877772585785,-0.015925424573573325,-0.04663443824201832,-0.00693131521867655,-0.0955898929145338,-0.003026494632712805,-0.00953543249755949,-0.018938207753797412,0.03819543207384364,0.04732651111786489,-0.1006231854244265,-0.03384543155684752,-0.028880269369481577,0.08586589188385785,0.0036294127574037715
2010-02,0.021747400514546007,0.06943859595403555,0.07065831547335877,0.0514597006197599,0.15241255712497276,0.00586824856855534,0.11172069511005346,-0.018591927280333678,0.03802879822960687,0.022673458083034722,0.005094480877141375,-0.002601493476486274,0.03656990635487845,0.02081075981513725,0.04928700424119361,0.026540390640060293,0.06350689436252188,0.05154695493033747,0.018042693727719203,0.09979166257725258,0.06726323468938177,0.0605426427201135,0.04703085223173961,-0.020104203230381805,-0.017570115223884453,0.07830532321467686,0.07702748618083854,-0.05192969760292782,-0.030763354083908852,0.016372625910561756,0.04368150863488547,0.13389347852358482
2010-03,0.004413030556446607,0.06779869478122705,0.0038311766759941924,0.04387407197831467,0.17417777249762795,-0.07075099083350445,0.015600570472213644,0.04914655168342608,0.06451649903480713,0.048262502821695724,0.14889173626483157,0.029256501981165205,-0.03660314224663478,0.010673563416980881,0.09055087151106986,0.04189158006524125,0.12390565672820625,0.03896508515574927,0.18990418653649122,0.0093745231262625,0.01205564147461757,0.07858023838290994,0.004356814931211465,0.005414175774275942,0.22096735654906502,0.05575378312735678,0.08562624357255721,-0.026927728820228893,0.1037262090850951,0.014678360387272636,-0.03357148840196491,0.09640423393288958
2010-04,0.06078921438896475,0.013619873419362528,-0.0026735830597822054,0.0016058571955313667,-0.04385383851312206,-0.02623325996285285,0.04254708815372935,-0.0011055357278954225,0.014213407346791959,-0.03105254801972116,0.08568888079675355,0.009905771711997819,0.031100076337096865,-0.19452360961682405,0.06807308109851316,0.027445424090412382,-0.024753772780054042,-0.027916563717496835,0.16672609209183345,0.19796843974762246,-0.003112154725887683,0.054788198330238486,0.011933079002983548,-0.030603164502884812,0.06720163653517713,0.07672434177023299,-0.009172203484023245,-0.007798846294202514,0.021064718052659758,0.022432788453013483,0.06796611026177103,0.017175904920767784
2010-05,-0.11431338095079158,-0.03973556319866939,0.025422517285599185,-0.009675730750540144,-0.0073097991796845264,0.0265034595378542,-0.016780137930860865,-0.06385172569638284,-0.035414648868091224,-0.019780375853074916,-0.023290685561098725,0.02348813801272589,-0.006041005589011636,0.015639756042666507,-0.010890458809080092,-0.0837354752696545,-0.010167867295140043,-0.01785023839883701,-0.06359331426349314,-0.14564960463840004,0.07262371350531925,0.006285132510754821,-0.04657478719243453,-0.0050800657067587626,-0.08310367466730013,-0.01224215668088183,-0.0001849670013854021,-0.1043680897595531,-0.003660559857745361,-0.011152593881205309,-0.20583733121894116,-0.10234858286445533
2010-06,-0.13691322817505294,-0.0995168198126254,-0.033406558331672054,-0.013554886907514191,-0.21660984495474844,-0.18475021199132163,-0.09841887648391763,-0.019702790278203146,-0.05724229739716354,0.01992193668087566,-0.04092247417294023,-0.07027354279462195,-0.04557170655188822,-0.09777156433214847,0.015099443877685735,-0.08896135649213327,-0.07343999796788304,-0.11157486922742156,-0.08402320651235404,-0.13964959602319632,0.01098352522739757,-0.09484927157678841,-0.06823463925799896,-0.006532099270964052,-0.022168149361348095,-0.004177482231092096,-0.002888642876514579,-0.03974356728443103,-0.04472642255273217,0.02779871682831013,0.05178521403707305,-0.13481215828506227
2010-07,0.03588777446960701,-0.041775122178154725,-0.004435012668698675,0.05746422507766707,-0.036450751963459524,0.06001892908429483,0.08247889653477923,0.02893990863139078,0.030068316400163612,0.030133197807816984,0.13870492901053433,-0.06778619789693421,0.042409931624157376,-0.20926233005687261,0.047178946141219875,0.04402488761695655,0.06553606256460187,-0.003551932819019562,0.16312656893938218,0.1568204576289118,0.05223339436792828,-0.002934413688441079,0.03184877107682697,0.1015419778474751,0.10250468999166451,-0.04014483555998326,-0.02991321459835468,0.07192245938453089,0.10895386764846181,0.06983230158715127,0.08811146363949988,0.12981252953200267
2010-08,-0.013216604369856656,-0.025072534276815012,0.06515660567429293,0.02804406061314233,-0.14842170074867933,0.043985100452245955,0.023880217530220404,0.011132468860486553,-0.03199078093464325,-0.019080852568768538,-0.05415443742851449,-0.06946780865961683,-0.02882435188020939,-0.03274604672144543,-0.07695229005489387,-0.03466071319221016,0.024345146771485512,-0.05193702685106599,0.05200521999482618,-0.027884437614438613,0.07025107386206417,0.02887588909304797,-0.02357457557366359,0.06294890910071178,-0.02465858770974223,-0.011492764676498641,0.04829442673990811,0.022228715522034436,0.0716834951050056,0.09253084029283024,-0.06362156314797143,0.021890535557182355
2010-09,-0.002954825920063618,0.08488544364115087,0.07282316966738843,0.02756515859354496,0.11344824837704932,0.025412163684080617,0.14103054201978873,0.0805474383086288,0.06661748017258189,0.04366128605973307,-0.01622135127149539,0.06821674367408742,0.10789821187785006,0.025337373873021977,0.09578440030172744,0.21690475519107083,0.030333831118645252,0.03205991218734462,0.09945445485734049,0.0686888927463097,-0.0025482303782818046,0.058539136002211,0.02371348201308369,-0.01350266610768121,0.11001193518299868,0.10430809764064003,0.047624100576946646,-0.0015206827404320015,0.09229036420902442,-0.006681174187711961,0.0852312582200801,0.049127596144853465
2010-10,0.03495414713760139,0.035408835013270974,0.04499683877402664,-0.0019079513400514485,-0.049243019842011876,0.10520033048235511,0.11088712387437931,0.055245916179370115,0.0481149061537405,0.02041970413949143,0.12715318320804428,0.04467466010428506,0.1078215906934546,0.015144621426095265,0.09621597333695217,0.05196253918463673,-0.01906328634088799,-0.011997154150444023,0.08907767069196201,0.15955143480114684,0.05744170206838422,0.054264223811674644,-0.02339488959425862,-0.013898540401611235,0.05000386260065603,-0.06037388171536632,0.03803995053500028,-0.06669385972212123,0.023103561827270993,0.008933763496515292,0.07852690113106403,-0.045748087385624955
2010-11,-0.04115241952641323,0.009431947186667133,0.10382329779051229,-0.004922162547884354,0.010073854995577634,0.03669171950156201,0.14949228039555915,-0.010876820261265484,0.07123182803637454,0.028468866422475533,0.04268042694283327,0.05577419100131164,0.09246875814662196,-0.13817980414250022,0.09050990688822705,0.09820005355244799,0.02959365388694757,0.07638492231502039,-0.031046981787591646,0.019213848970648296,0.05906577838259612,0.002014897435875149,0.037242459001732904,-0.037611314292907136,0.07716107235531786,0.07067565014092525,0.14028679737160732,-0.03308822357401762,0.050127226419822035,-0.015470620703386674,0.11847486309047159,-0.04018484737543721
2010-12,0.1108028223917271,-0.02181283158942408,0.05956862916383164,0.005761436710175398,0.0778079863200122,0.020227159230232012,-0.007928197809117384,-0.0003270957715729407,0.047218037099318384,0.012711984966303104,0.05173842003536146,0.09352185041748429,0.02380483069726111,0.017964071061046354,0.09606785878683512,0.005660899595016428,-0.0024596606098493835,-0.02389367332649313,0.03132480520522873,0.05494727237169984,-0.03832474498484295,0.020539627374683306,0.028769671073509646,-0.020049222135483314,0.006389782811046803,0.08272933254976858,-0.05262070108261109,0.015382032886165645,0.022663298007639665,-0.025997233544118332,0.049234614037650476,0.06916517066346674
2011-01,0.041181371837843754,0.04741632994580392,-0.0009112157079704966,-0.039749173812031253,-0.11275806343392304,0.09918664092788014,0.07221918456187383,0.020569772446700416,0.023262332479739533,0.0588063515743998,0.04859725439570382,0.0624185467550911,0.026893574427037114,0.03284743443556066,-0.037251196318014095,0.05750894936928151,-0.016606208473576276,-0.018995415980672493,0.021069682002731904,0.06355470355618924,0.05415828762681812,0.04103708958211029,0.02476821583237965,-0.024715632758712237,-0.040189694875241454,0.0016713445904874681,0.0019052937046700434,0.00735323415860668,-0.0010886590632826715,0.005872626342357625,0.1010677534092089,-0.044224425949405566
2011-02,-0.03698703567100135,0.04731164450750452,0.05278584012784085,0.04535274377548037,0.18129591233378953,0.05313771632129236,0.05776190922667148,-0.026869208647698043,0.08104619798089585,0.07416456576480455,0.137278429866367,0.03169592602944077,0.044672674753890224,0.004600755721529869,0.1238812938042663,0.13179779892278362,0.009049161491560782,0.037501776678524945,0.0819072554650996,0.035129373538577126,0.00884180150831039,0.060123894628822026,0.06466128048719623,0.032116020699671725,-0.08125738284010967,0.0864332649036911,0.09704410911317538,0.00018650565043004213,0.06599376456720007,0.032033320256196686,0.04819241878961711,0.14238611741070217
2011-03,-0.05032357208353187,-0.03693806125047051,-0.021697075694208146,-0.0007247097249335605,-0.05643244771769972,-0.009382336560439217,-0.015411416972046994,0.016246439238671622,-0.008760062411992882,0.04551659030060972,-0.029417941347960618,-0.04256365088605853,-0.0101456198004447,-0.0841457825506277,0.01243396687640387,-0.03569793805160292,-0.0024760989192254483,-0.03483879259444352,0.008288507151535113,0.06809791392061008,0.07729268045277875,0.02256003576890374,-0.05124593952201483,-0.05178049197695602,0.020961529432370257,0.03813997600536362,-0.0002683116480997171,0.02786796593166195,0.002318938634127965,-0.021880551565734093,0.007587778195029977,0.048710118435673494
2011-04,-0.005305017021143549,-0.05031744664272696,0.09043118752724542,0.08281727513191695,0.012801634733348397,0.011524498373484068,0.07332285347791573,0.06727378356367061,-0.010907805148635832,0.06349591856161722,0.06647629592793441,-0.028390649035033782,-0.0217874268849183,-0.01883310716312581,-0.12188064750482507,-0.10046799656872454,0.013242904938124488,0.07686360186480161,0.045263165389612725,0.058876927244576646,0.08233873628721344,-0.03068668747858435,0.03177095385247479,0.005234887606321799,-0.05283683151484735,0.002985768098059358,0.041750771196553516,-0.007328547958306148,0.05140986266206722,0.002038223502404307,-0.05240182718181928,0.029721041319220567
2011-05,-0.025497879455876095,-0.011667375572707478,0.029521355165728555,0.0406141610164643,0.0180405535802361,0.03479751155318478,-0.00397086825243325,0.08820582182674476,-0.03223645716489502,0.014210621916063447,-0.05232517831958525,-0.09975963960680388,-0.03200657159240482,-0.10544158351031799,-0.056753369452690744,0.004511847428375891,0.05895407321074614,0.04895124520171442,0.05938341665298591,-0.038264744276070156,0.06156566578670319,-0.0025024465906322885,-0.0017363360574130355,0.03741607299952004,-0.05063425917381687,-0.016958165955234056,0.09898440906704188,-0.009957536538852235,0.027914445404266942,-0.0008090420385509343,-0.07567084043418741,0.18671492327370057
2011-06,0.04893026717563848,-0.0529305344869533,-0.034756195844697066,-0.008537265112706128,-0.22067295072422838,-0.0309502370172199,-0.05187959282483409,-0.02079532526746779,0.004294127713798307,-0.03860942517549642,0.015153188939098857,-0.05054573633900367,-0.04837606609750889,-0.22601889509121056,-0.04998467242153064,-0.05340962231798138,-0.0003304018741812096,-0.020920139695360756,-0.0001422576759489201,-0.07549920516809894,0.12401137453356918,-0.046694199041068474,-0.037991173871693366,-0.028754005293356335,0.03779023650640931,0.09167124019922257,0.00943524064068801,0.00856052434775352,0.010273879909936225,-0.008891045839672082,-0.004616048658983619,-0.02584456624944412
2011-07,0.12156024182901921,0.09860007772195553,-0.02523999899351377,-0.06275344287425369,0.005899790064796153,-0.10190272037635366,-0.03572025084872162,-0.08417662927156189,-0.06002724143211818,-0.002974650298690307,-0.0408444122679386,-0.008472704341843282,-0.08191865763367738,0.024218570090330096,-0.011126246453048164,0.05101666810356865,-0.0824401884014129,0.06565159121305211,-0.11733723241655494,-0.1128285183837178,-0.0406474627073742,-0.05478814903546617,-0.06143720110949465,-0.02240842697927802,-0.09329130450615188,-0.03281210796647825,-0.053298069598243486,0.02527224502507634,0.013460479323818013,-0.0014340360883253874,0.11383040139917212,-0.03680002100944274
2011-08,0.04128707874165658,-0.029761084299281287,5.857152399752576e-05,-0.00538755289994119,0.05695751059165127,-0.03306514030999464,-0.059783524408404766,0.07492524516468235,-0.10619419592362853,0.02402345657317009,-0.06464153827748005,0.025219022513397884,-0.01309622631790532,-0.22556602223800773,-0.07507803155004247,-0.06210851386622298,0.02343692999930319,-0.03564894287182145,-0.05535280162606797,-0.17440177892014913,0.11073449371262022,-0.07734973679717361,-0.044128374924087166,0.030156011416509608,-0.10905822056023218,-0.011258721020150566,0.06996331781391908,-0.01802523063097118,-6.576110215919927e-05,0.027718463906053082,-0.21978828785221755,0.057001461457395056
2011-09,-0.015441560171218565,0.008169683180438753,0.07341045139552398,-0.030740074792821464,-0.09033412466804736,-0.023789641558455914,0.019755416756229945,0.07144460418864307,-0.03128047062465004,-0.032564445952095886,0.02443937286240225,-0.06467567855176747,-0.021337494960925307,-0.06587091957766203,0.07374194652371675,0.08936666580421183,-0.0984866243019998,0.08603017691270198,0.06216672163154955,-0.005979728482488778,0.07937557113076099,-0.08215843488428255,-0.02176518995589162,-0.003111489822719244,-0.04879730565420025,0.02952565202752897,0.07680519573574414,-0.00510142336104116,-0.04014816842095127,0.03048604262917836,-0.16060076804325926,-0.07652048650373389
2011-10,0.05638219613083039,0.026656226060572722,0.031649663138509164,-0.0160440585983231,-0.01860874055916837,0.1362992188329827,0.14910452041548275,0.027014429245854975,0.12672038953190568,0.07385541759666042,0.10889939064302297,0.14284824224867557,0.12228015840878652,0.08663771277947688,0.14545043255111323,0.20909630949795796,0.029799405520724995,0.16604607854666611,0.14397762430134245,0.24074799030288827,-0.029704084168584312,0.11589114998256139,0.04288775365228882,-0.03200380134311381,0.1507627812777161,0.1007033573375316,0.03285969865583182,0.014629098942708989,0.010412166993709815,0.007987672452584194,0.226688951772516,0.1275955382956948
2011-11,-0.04066555280045661,-0.07734483835132304,0.025402897733603765,0.02576356706518824,-0.018657958406081587,0.03313734395195419,-0.038995184832553584,-0.004999637525035298,0.0311816006501953,-0.010821357027764735,-0.03419356783648229,-0.06450133614966429,-0.026360023010965475,0.05804039722385461,-0.05089830050860018,-0.036574622786519254,0.020628558212395863,0.026828773498353164,0.04640509332752734,-0.07306751345828973,0.05160060855127521,-0.02831692825843713,-0.021400849828949783,-0.026485373080362265,-0.0659067429431204,0.08508346018076524,0.014125557637688666,-0.01693635465790845,-0.021529515832109505,-0.009647928697369742,-0.0682588407845205,-0.03186204847956803
2011-12,-0.05105288350794318,0.007685017425209985,-0.019129269208041234,0.009839996424058816,-0.0719820669137133,-0.0195386818759858,-0.020716950766527194,0.0790424448618193,-0.0570238538176786,-0.0010351309253643162,-0.046084208377906125,-0.0790522798390801,-0.01834516310481419,-0.0376103543829642,-0.08849532162764112,-0.02052621384735921,-0.01138956451348894,-0.0485561937875234,-0.07979951226563071,-0.09899570663210434,-0.029125837439062035,-0.10214891420637365,-0.017405895403736833,-0.02094996692747463,-0.12943224977219966,-0.014158460678440418,-0.008316656792057758,-0.06068618180743826,-0.06518459636009731,-0.0021811550077983073,-0.1683042090631179,-0.1820546711263603
2012-01,0.1268682394947304,-0.007984033872645336,-0.013667213569111299,0.00012026466824732156,0.2646386476127142,0.14444791696780968,0.11580516483564825,0.11238042957247919,0.049009274345112756,0.030878725570879548,0.0758994350933333,0.04759178728431835,0.05777207945899802,0.1356439609947917,0.08001975415939495,-0.010690038661144999,0.04808240437549861,0.06423746753078553,-0.06539736990250228,0.1385958752501777,0.08430333446273858,0.05855605655878527,-0.004337388785819245,-0.04860678566574415,0.05204541744273722,0.0533919545905696,0.01819812581971502,-0.08936375784196114,0.03143886727002188,-0.040056793899228955,-0.01677934641071727,-0.14378958575948644
2012-02,0.07567651751803661,0.11827830312700921,0.02458375828057903,-0.017611303666991842,0.041171482595342625,0.07655368878483484,0.03782203402763157,0.03479094779020618,0.037675016083642904,-0.03155840789653922,0.049924889909807056,-0.060615992463674294,-0.021203527424597007,-0.03981546033439516,-0.014010361662662708,-0.05116288486926444,0.021886873883697488,0.025055628005976494,0.05947015147295396,0.05169050973153228,0.05552141155942733,-0.06483869864226605,-0.036343649658837934,-0.06189862954000993,0.00231996727175207,0.08393027144995319,0.03003374905751935,-0.027046817407963164,0.06650225759876768,-0.0168347334977252,-0.023195668585026117,-0.13562980248479925
2012-03,-0.0023973128140999125,0.024954525701495013,0.06283276456075396,0.05275419802502996,0.05773058815438652,0.08030255882014826,0.02703204304754407,0.0071930993618690145,0.01813626658242089,0.03151485209054809,0.03960395220845444,0.019552114098013842,0.05698927988822576,-0.06800940560051934,0.060490229354819985,0.11580577942794439,-0.017815401876456853,0.03221662228813118,0.0072816862684529655,0.17544061779391418,0.035906813230612615,0.026972682249390027,-0.010093520384111525,0.01898717587818926,-0.00041029142027206115,0.0051208492120762665,0.06642394799638915,0.004623254832450952,-0.01714941263355662,0.02671189324125106,-0.13504048812439529,0.011626388347088772
2012-04,-0.020278134898682434,-0.11345714738760569,-0.006418915090470068,0.017933207599178675,-0.06867652732638582,0.02425414715279552,-0.04147257542703427,0.06521978828865724,-0.02401959007199757,0.024103861098336083,0.04853496789355597,0.0034390167920032326,-0.029356108841795448,-0.14454590699770137,-0.012983274316428251,-0.008543684783594775,0.031267949028147245,0.07474709820133488,-0.04361991828259549,-0.010659485152006458,0.016687861018151236,0.0634617199052091,0.001105277208605414,0.015747180527254382,-0.08160953052837512,-0.09654696623853028,0.04639023116690589,-0.0008834229592992912,0.07643753701349032,0.044439352589628965,0.00801142321672903,-0.07414149514270843
2012-05,-0.040392616700099894,-0.042619710450418714,-0.004665703887620953,0.053426798894079815,-0.02631161573967949,-0.04145373508143653,-0.05310473356812472,0.013476205864364797,-0.04278963728174173,-0.03364727847592798,-0.0011413433557285978,-0.09122014233562951,0.009763458134119067,-0.12336559488302508,-0.03794234543602776,-0.061521921412449034,-0.007992764272382817,-0.04260127453462838,-0.08914485189860333,-0.04359453605565185,-0.020210456276612516,-0.02925587013841682,-0.008114231470152142,-0.002187813854581279,-0.06303687114963295,-0.017717343235854208,0.061174676252388385,-0.03219582107903044,-0.053674835388739114,0.06507170027909459,0.026666776533686654,-0.037425430587391346
2012-06,-0.02007050106262733,-0.0036585162426346018,0.0829638339347906,0.03720092318122145,-0.11134769077472988,0.11116719980582637,-0.02524882235731151,0.02767303634374767,-0.012433419201591338,0.04037188106738844,0.06570402272291644,0.04704179480036525,0.007982306803648205,0.08244089110062437,-0.019136653912678398,0.021785314689933333,0.02409712914093536,0.010187101705972592,0.08245565678776025,0.07329627865561471,-0.090484489008166,0.0572057379703995,0.03423078766124409,0.021170323246791398,0.015058318854934907,-0.0842097079136279,-0.05153090794356875,-0.00013378517856640058,0.021588235719129757,0.009769994797784261,-0.026688620687869723,-0.05891426851998486
2012-07,-0.03957626820672018,0.05320051160552784,0.011633625159539692,0.07209824183316126,-0.14112653662065577,-0.036636714495283024,-0.009793675886003635,0.14339114262744873,0.030478163996088787,0.019143641951218655,0.016549785603387244,0.007328687573536021,0.030787162792680525,-0.08869288168979599,-0.018004224074516725,0.09421593122734075,0.07419440258135139,-0.0047722690104058975,0.14876571378698591,-0.03214501718423653,-0.05306662566913178,0.014283924415237233,0.04594743770330812,0.044283033206891975,-0.007636974545029612,0.054749798126883964,0.06294476868149756,0.03440619368816302,0.07456337941009546,0.036142032673939194,0.023479219459652922,-0.0791553157043925
2012-08,0.015262775744366694,0.044093355411304644,0.008057545543941278,0.010052796084878447,-0.08615535015562266,0.021689044733898565,0.04241586170562536,0.025477938699811332,-0.0017230343622152721,0.011956632384899229,-0.015068075829371195,0.09930280157313057,0.0361470657812623,-0.038372665053495944,-0.007265412945549981,0.019935713955249675,0.00807365854031112,-0.03083488845204719,0.1016633947740333,0.11763829582420239,0.016673259557754942,-0.03589402897425553,-0.02020946519888889,0.009289177894285327,-0.01111728665587928,-0.001566666201905482,0.0034482682614873548,-0.0798510784427282,0.02280383861975476,-0.05226908173110589,-0.004617275504998235,0.0735751490202192
2012-09,-0.0023193917555592814,-0.01567434481206842,0.01034924610555429,-0.03266170171073256,-0.04360617839747757,0.03895980029792118,-0.010840771684718904,-0.0012340900966042684,0.02321703029476025,0.048189613131552,0.04984955757358626,-0.010608924963541008,-0.008966069224649676,-0.07897754126038765,-0.025027523356914137,-0.006644743261436358,0.021231189196202187,-0.0548884414603887,-0.012649811312564655,0.06793319329248616,-0.06355919171940787,-0.011500515947344523,0.05535675277673332,0.002598943121534628,0.04294640422492134,0.027697599338899568,-0.04984518529330263,-0.03774849534373304,0.05542136521170838,-0.013389268446803151,-0.0075796405195304156,-0.026030324414550433
2012-10,-0.059868348587716835,-0.12272652267616543,-0.0668266607751558,-0.040556272100349594,-0.37023392379375625,0.024924384708728268,0.029452116061308348,-0.0003250896572978007,-0.007030716074580526,-0.041595458859341405,0.009227042912251794,-0.06739946352865503,-0.01887817970439651,-0.1425660667074249,0.10048576906695046,-0.03305878985871452,-0.04066787426961506,-0.032431701248412444,0.002266373595866963,-0.03250153887910981,-0.17291663280321168,-0.025309240317015952,-0.05569621510728018,-0.01164185427194683,-0.0022002212254512996,-0.03313022345581803,-0.06878805505412851,-0.00998285589662419,-0.0003570833906413489,-0.004742347498746157,-0.029542328948313892,0.0003307292563973657
2012-11,-0.0585715832300819,-0.09562347954333365,0.013278627188498772,0.03070749956256694,-0.08105376277187433,2.8078673921128383e-05,0.03754022402720921,0.020731209961870466,0.026686101449616438,-0.027676693796663203,-0.0016326346228064705,0.04037752886638547,0.13363524657080209,0.09542665304527491,-0.02677381441516551,-0.03540761500050955,-0.015662987657016333,-0.07018855286471427,0.00011880616052281371,0.032515368555038754,0.36295934531782226,-0.022143069502376465,-0.0067693531931721845,-0.025421900210794445,0.02528814512116003,-0.0617624035500725,-0.032683836010264755,-0.1380077761861334,0.006062824727425847,-0.06223517771241553,0.012321097668654662,0.19067826009691316
2012-12,-0.01851351393989847,-0.04096375998138902,0.022817367306670513,-0.007219545670946196,-0.048173273308675636,0.06782341111895863,0.07314074543675494,-0.02391077635839977,0.04953552134139077,0.02518697271176616,0.010024533662330689,0.09039741667314757,0.03971198639973888,0.04652548427634997,0.05117500378829276,0.04016017976470901,-0.02042413692699575,0.011365674525747941,0.06867219016558539,0.09194514243074944,-0.03251519674841656,-0.006426090239087114,0.0048530437259888945,0.010413135495171765,0.042432220358018545,0.12494267029819345,-0.052632053994092876,0.0022670529049351974,0.01601341062899051,0.0018614307021742832,-0.013301746331816142,-0.008119538607851879
2013-01,-0.005335083774943134,-0.08900420041946558,0.028861431724974285,0.058747331308644644,-0.1565521150011989,0.04212932784056101,0.09502263244747233,-0.0011154360139078424,0.035766019593741774,-0.007152123202930526,-0.0042085339786360285,0.13611331779328045,0.0345116327939735,0.1256243930068213,0.1402943270294182,0.09136392076289147,0.02805761238227665,0.027267168940796352,-0.007492025485684223,0.007047600437854793,-0.1290377901036058,0.07151280568775646,0.005893738814807375,0.06331268865310019,0.05581987805949221,0.03424018342450042,0.03890340914680514,0.03318002063365299,0.08212907827413357,0.03540622674055538,0.08024187844079401,0.1464519189417007
2013-02,-0.013019746647324557,-0.06828916875921806,-0.03556642993998468,0.034411792657551794,-0.16741720765674373,0.041034713126159306,0.0230868291115803,0.03574237574536703,0.028318322417362055,0.003013994801753029,-0.03640981793939974,0.034756761732989326,0.014656735830173786,0.060935113333326255,0.012590360823945417,-0.029319500104523957,0.02991856341273867,-0.03584635186928168,0.02732565758004797,-0.061411998216024014,-0.014518620520904104,0.0003851714429150239,-0.0028240374221615034,0.02298243693325238,-0.005903762724176402,0.007827113291216091,-0.03988791685878729,-0.013931846450329617,0.01297728820911857,0.012325566833043948,-0.013920412735977921,0.12038068963855636
2013-03,0.03882890191862801,-0.007406963655056504,0.027284415688742902,0.0438857718193858,-0.04329008840571712,0.06931648706091137,0.06407843002183167,0.11800088566552477,0.07208808506184844,0.07533952921730487,0.046575899855518146,-0.0050550445208898025,0.024184000175190845,0.0682685397432371,-0.0264198066534927,-0.0565889857305112,0.045949413899649336,0.03862330527853127,0.027823041789390674,0.12384029666368507,-0.022568448957069925,0.05699314411240512,0.06615904854258468,0.04596686647051865,0.05898043293435319,0.00024547043438854214,0.060241496447128215,0.11589400582388025,0.04897791896349413,0.04789381612869456,0.03017961768477597,-0.025198777075598804
2013-04,0.1781313677447491,0.00047110034160394767,0.02878600714376851,0.052764625061156575,0.14127314532060062,0.045780381366901726,0.049726883324360135,0.05863384396353166,-0.056193778312738786,0.03365183884777362,-0.012956527289724785,0.12739695683951469,-0.056360743538922675,-0.07237903602041877,0.07929262979573021,0.11527544932328189,0.03897779360585603,0.1522246536095504,-0.028578724335855715,-0.00284363197239918,0.18705348889787154,-0.01565335966097107,0.023496021135992834,0.06352777436115369,0.0030620580968430916,-0.012712547191496957,0.050251220316898694,0.0920078560454167,0.0015063744260544,0.0416699761458004,-0.03358916760814995,0.0074822623757401
2013-05,0.13116723228614424,0.0037285033435261847,-0.010208873411410167,-0.009810495888892504,0.37237612555561383,-0.030079472512595462,-0.008889621681318582,-0.033357149061425874,0.0804248043077988,0.0007584216491872506,-0.03219671900334338,0.0575249102390052,0.058594065796884,0.25543135955145313,0.030249723580077523,0.023341982097903297,0.024772885745169525,0.024045447144124016,0.10417813127119029,0.05028068376935596,0.06835443474186288,0.03501681794169628,0.03806895664249115,-0.06613204257643923,0.13919967156670016,0.07631469825473872,-0.03447245902919322,-0.06616334192835224,0.04292837392916943,-0.0820774057802283,0.07559808997433648,0.31373877713612053
2013-06,-0.011812778773055204,-0.10806654403777859,-0.0030092689255840615,0.01380334173315878,-0.12722107089751086,-0.04063448864034679,-0.059502446311725674,-0.06221508534151294,-0.017106287584984007,-0.0028341770629845857,0.009346409782092838,-0.06129801657040627,-0.04347686805517389,0.09225535714162252,-0.07900502616890288,-0.05170736856188116,0.0003391656954860598,-0.04763256099850675,-0.07941548559544627,-0.10494170462512385,0.05428556749265854,-0.10811095946053756,0.006766952715865533,-0.03533847515184181,-0.018503276497109287,-0.1310883427420681,-0.021397995313852503,-0.017906288428268788,-0.06308832333514514,0.031514239278940086,-0.012650287884799107,-0.008951113514059793
2013-07,-0.01146276276148728,0.047948194728247455,0.01211836015581011,0.01720275978989069,-0.06010177524067363,0.006903884460130691,0.07769800257038262,0.07464703921746037,0.0051757775188866735,-0.008496582274479466,0.0048640890721326335,0.03262882133699554,0.03569139504885631,-0.114940264675274,0.041446039522840844,0.006204175392133418,0.03931137405740072,-0.02638353124361277,-0.02766276440768939,0.0017339747704946866,-0.07230373158776753,-0.00306633508672556,0.02996032754797173,0.026165578629210286,0.011013392154572716,0.030505625478538433,-0.0007237870049407634,-0.003985293816615723,0.037125962379650865,0.03485344059524619,0.01400121909691656,0.0594236471968753
2013-08,0.008567541214076622,0.038577690384042476,-0.0168489387992471,-0.0298829298785227,-0.12009174103056068,-0.016231891431157924,0.004867685998042567,0.004092208079880563,-0.01949804962388316,0.08824519537512131,-0.057175583747376225,-0.020947490534625825,-0.01704723039487029,0.06079320152029695,-0.01643225006770932,-0.050850315793973526,0.026296969480363797,-0.04563702703493981,-0.06191585873984847,0.007180704081814357,-0.052440894979200514,-0.03666105678031668,-0.006395893113660859,-0.040776063334978935,0.005345899210689152,-0.058702578246785354,-0.02810997518305231,0.04642425064574557,0.014386955654645412,-0.032339555854145594,-0.002031507166126659,0.0851807470985407
2013-09,0.02048900113972566,-0.10057450142696653,0.007177922492912618,-0.017459038120242812,0.0691810765306274,0.056976104601320646,0.020740811878236357,-0.017069218001610143,0.02695433135052359,0.02112579935285896,0.02716700210430738,0.0722137129443528,-0.026506563216915583,0.08507829748263127,0.08702646688734886,0.0664480539198588,0.012511654510103705,-0.021252901958502043,-0.03297247237524241,0.11855751918289996,-0.09593980769966678,0.02122672865482812,0.08290803628343488,-0.010769562946182526,0.027698177616137618,0.07403062965657585,0.033122687670603244,-0.03668409966172521,0.039678240734042754,-0.02866547975034343,0.041649479332913776,-0.06061891268980339
2013-10,0.0192151650978556,0.029062135692671666,0.08316841089189575,0.04153727181207582,-0.12556147552081118,0.08970894732056375,0.11395449056812079,0.0476973907448008,0.06991554110387029,0.05193130509903231,0.06846877623287312,0.04223188468973718,0.05745118715641242,-0.023528358658071208,-0.013243033740179714,0.10497019454933805,0.08323042647832041,0.07671663218476353,-0.011323037203203962,0.0035905016073223945,0.09124389220598718,0.024468819294746782,0.13318501699964796,0.07456021997203,0.04328845068971362,0.09862660314085912,0.10273307503031381,0.0036357273674117742,0.04479926760537548,0.034192318365430845,0.10768846480830135,-0.030260276999528518
2013-11,0.07413794244309153,0.053221839698215936,0.04358537823006981,-0.003054873924081647,-0.009815893767988894,0.012534554116249244,0.017797095867332642,-0.04918073552232847,0.015100739665217256,-0.0007044570165804544,0.02564221752339291,-0.036229828689548556,0.03844589845633138,0.11953995046617125,-0.04907997786131658,0.005740351236483898,0.02198872891729985,0.015934688698499958,-0.0727626493777431,0.13397095673594112,0.011142998191176241,0.032633428451242286,0.05093238537308598,-0.02201518565669834,0.016530161298607064,-0.06596569419566031,0.02182246165267292,-0.04128094344177814,0.008623925278564232,-0.028569767428519015,-0.04141579696811576,-0.14391049652276547
2013-12,-0.028803387028382595,-0.03636889844615306,-0.04691060947453983,-0.02103591326284976,0.04472996591367533,-0.03177282829494366,0.0025636600026651777,-0.035822688429482996,0.006879982036036656,-0.017322085154752673,0.016094887901559267,0.003176031906661758,0.04843530566971756,0.030794196015295403,0.027764239248477846,-0.014619595321656425,0.011371608471638777,0.03727493583651245,0.056877673387752105,0.10471077378113408,0.06803234907306004,0.02089075161238556,-0.04246582637922926,-0.015168554930532646,0.022908226178614485,0.03249474242943447,-0.009369470067649611,0.028502437428558635,0.012772988474030288,-0.0016168638740711823,-0.05107331268310288,-0.00038246818658277826
2014-01,-0.043449458091855624,-0.025091929142809145,-0.06164288365558812,-0.02357929106530718,-0.05672407925748156,0.08572656078732015,0.02298843255062888,0.07209631932818948,-0.008904155441683196,-0.06930062885291481,0.023781518046258186,-0.012120259603947452,-0.021356399085779954,0.023904209532533218,-0.08002192751615311,-0.04369623313642864,-0.04617975343739852,-0.006036286111602845,-0.02813627199944482,-0.00923212831255028,-0.017109753205583025,-0.0032422233107315427,-0.06235077820644917,0.03454688999000799,-0.020058702959322005,-0.05905032427084002,-0.09304111858880565,0.04657901703392343,-0.0098499766050669,0.027080080887650678,0.05284536274674915,0.03921981666043394
2014-02,0.005273111145218134,0.03207629613314919,0.019317719722404765,-0.02698100646022906,0.030891316880561532,0.14241564567640325,0.04915003379071598,0.013714597175161098,0.03587589487505275,-0.06667616211588703,-0.06951764999748941,0.1442560602158677,0.03637869307258658,0.007151155673716878,0.02593637294251146,0.0887062554253568,0.018644727140379846,-0.0017272964107151894,0.11431445002456739,-0.01555561651006706,0.028637728707723572,0.026503231057875824,-0.029654696227655153,0.03749420105392604,0.08790556520208045,0.06298824967885565,-0.04181513468838942,0.05452566574686582,0.09856168975919948,0.04725392260149343,0.09076148956441882,0.1233239186081979
2014-03,0.029156502326202573,-0.014517962707750666,-0.0534138144669575,0.03349173433920508,-0.006132094468415207,-0.09348428348192563,0.030081452906813286,-0.05700706756368467,-0.06563020792537155,-0.03989755516009813,-0.05927292408151555,0.028009295960855354,0.011034586253865263,-0.056120881954505555,0.008980702509038494,0.03129492871477909,-0.08097525913041682,0.014669547252488285,-0.0343535086189736,-0.08658630197735691,-0.09324494527573245,-0.04287327399445792,-0.05198100129253146,-0.006674879255186162,-0.016825667906392384,-0.003980901454550324,-0.08913472907222733,0.05974001130967297,-0.008299421020105037,-0.003758196524624723,-0.011647930359021811,-0.004350828478519481
2014-04,-0.03997891047306076,0.03630682983232516,0.019056162519144344,0.02314707640405613,-0.1184595069994533,-0.07362233895945615,-0.07675252576285967,-0.12076846688700263,-0.04580395333932901,-0.02505643142251303,-0.013572319481879957,-0.07064774974863096,-0.04106588971631681,-0.08120553096111818,-0.07128008662595776,-0.02510778291482818,-0.034555845749814657,0.02972830730558617,0.040468203707529946,-0.06338721520400281,-0.050760773783440405,0.005398462309079809,-0.04697704881536656,0.018466129331162203,-0.05707306710054757,-0.05703817355217337,-0.08183146681147913,0.10182541175031769,-0.09321560852025061,0.02843548496923701,0.012895504652460083,-0.03714089010125687
2014-05,0.009643138964183203,0.06796696717027054,-0.005374930383278048,0.056079680414826506,-0.017147142704485422,0.05251399721364653,0.009921588825755048,0.036868475273613775,0.010546120101255317,0.00956678321261498,-0.004239619268325601,0.0387205458696918,-0.00677066992541548,0.033517128613478775,0.06797853346637014,0.03899075210093574,0.05853875958089173,0.022071440642572226,0.09910878455296775,0.023484410196049223,0.07399994789396297,0.037915516627635405,0.0025260669121081047,-0.023603202097462906,-0.024935636638662294,-0.020245615421276356,-0.011949306304388075,0.03139156995267692,0.012612098037145556,-0.04887994533526809,0.012385219916837548,0.13947107878586967
2014-06,0.038691942493950665,-0.005797047068028392,-0.006779630382381935,0.032544489079697196,0.020984083631530082,0.02953269023219142,0.06601612079491133,-0.020574399862428747,0.010531148913898383,0.025512616227377508,0.03894131779700783,0.10694910699728957,0.01501706121252832,0.04517233089933646,0.07262440037189388,0.10828165291406183,0.027326831001597295,0.09944000598504169,0.06123901477081751,0.11551179799122167,0.022875343525457847,0.04940256282213877,0.03649319224617019,0.06520503356024487,0.0035022742648709187,0.03292052422924618,-0.02826638957217335,0.03779636142941412,0.07188496889752627,0.06638250462297032,0.036602045622710515,0.050457675868545326
2014-07,-0.010714028005797236,-0.023495644260209662,0.007189419531983391,-0.023280369576128668,0.08427298834505526,-0.018574018058701913,-0.00020493923546352513,0.02211870829545712,-0.028173172718255708,0.01881506116042961,-0.018486554468748598,-0.09574322151003946,-0.05352069987584787,-0.02777853693411375,0.02341479312877051,0.01283539992685775,-0.022130534904559827,0.06591280962156001,0.017790105184366266,-0.06033111398162931,-0.0450177070438526,-0.023162289731962955,0.00041349124385350145,-0.06797521118115532,-0.05816021125015,-0.051359371144540776,-5.74099581724833e-05,-0.1309600911619305,-0.05533083118438965,-0.034148740978119874,-0.08605831539332462,-0.034959140898276585
2014-08,0.03784605044720209,0.06311168275417615,0.029023294566541725,0.024051159573199213,0.09563584526128621,0.015481713247490288,-0.0008186664597594353,0.07887240516319467,0.015553499348794306,-0.005915608284922404,-0.00037859149768005776,0.028883890552153114,0.02012481101965012,0.03281963764347513,0.010694187400705841,0.08062006724825647,0.07044047393794398,0.024744556531771444,0.023598019822975342,-0.038155705650022076,0.013832430130832003,0.014116775406359852,0.010406759724937353,0.037857849418028874,-0.031387152822295414,0.004578867458293013,0.10793633293427435,0.07663149418216625,0.03844317008597844,0.02497380696004647,-0.010356976045062178,0.11300444624126367
2014-09,0.07583903598501521,-0.014294622178714795,0.02183751388924468,0.014584748549824262,-0.19292788187119594,0.01819968799130863,0.017169864851411462,0.017976988670338454,-0.0019249073898135044,0.024387227484948343,-0.01448399274524893,-0.03100544893003153,0.004091440425509901,-0.028085646943206963,0.04248548313802359,0.050480914922940934,0.03870083116917452,0.011866829607076454,0.0009471634370156077,0.06455603419924345,0.04700022574855689,0.024848059661733687,0.08239059338831674,-0.029636853764338087,-0.0720750666972289,-0.002090102388922719,0.030238202889855886,0.028227133226698807,-0.047736812234783293,-0.03345697125075696,-0.058862099575448364,-0.044214158512788954
2014-10,0.008214406910380157,0.012655951885004646,0.062437540828917844,0.025075555450487935,-0.18647450583570885,0.021589753848481327,0.019731440641607253,0.1245453330653365,-0.007583112331654681,0.04644588617561908,0.00371623314613776,0.0231568463413866,-0.006574563677578028,-0.1353487334015845,-0.0017152832070318291,-0.043686643755654966,0.004494229116648089,0.02136604562664568,0.023801555886124735,0.047321385853549155,0.07168318102111332,0.046424911152152616,0.03611877165213371,0.08322869305907736,0.16695057417385992,-0.0008769609889009617,0.09961656748339992,0.03895263530247037,-0.033126945636704125,0.04821103895008603,-0.10945213901961945,0.10490266363769724
2014-11,0.021363043780223977,0.0657593161409813,0.029763100633253818,0.040466287572690926,-0.06632538823681172,0.023378447649677312,0.08116155116447085,-0.007057809426406576,0.019713895441788403,0.00625063352633428,-0.015345470391153072,0.08068575152273924,0.05558731709648991,0.10387911311045143,0.04133979465216643,0.07114266029390996,0.008577677510151975,0.11357783580612225,0.05859368382225517,0.005051835585225628,0.044414490669205234,0.039696925828896515,-0.0008791405490773543,-0.0003112024236723974,0.002701859939899665,0.028966665808761175,0.07615947673449512,-0.01002539876221308,-0.009237923333671424,0.00938641404833885,-0.04551260967874319,0.03476942912562226
2014-12,-0.036036193676921464,-0.057299006277559815,-0.05164989046413144,-0.032698828683315355,-0.011883962633171144,-0.08481852668923548,-0.043510097676111664,-0.030994785329886407,0.0017829833615419643,-0.026239682553195066,0.05549968428071077,0.018458094169098573,-0.0173003505881865,-0.051155689171945684,-0.06796474818473473,-0.012967678502715478,0.023674767683181445,-0.024105847193798616,0.010003801215581589,0.00882673032823239,-0.05043961660401954,0.012519608906272128,-0.02377500939025664,0.06249129097151737,0.0010242640304954267,0.04575896929925134,-0.004521474946330161,0.03894048405541132,0.017517637657373873,0.06331408667042215,0.01052616093308184,0.08472743456982024
2015-01,-0.05667120208624305,-0.0907842191029781,-0.02732062818935196,-0.030790885757401687,0.048602671795408815,-0.026717440498774732,0.01580013391033176,-0.057794325346980105,-0.04727156907735234,0.00840210777001075,-0.07069557261213096,-0.08922543023808092,-0.08886974501446977,-0.10554510921998075,-0.03515630116739815,-0.06281978977184,-0.03113323579510084,-0.06735554294280355,-0.0733506624755265,-0.09512649180455325,0.03868204981099488,-0.05303105741514752,-0.034099276814405714,0.003188561222730813,-0.10747669085507557,-0.05244795993033495,0.0059651444117820585,-0.05103900655741505,-0.06319914906217072,0.029990795176431606,0.026668183471632363,0.10001948558025793
2015-02,0.037187090655241485,0.06502741666699816,0.056197022182345256,0.031763394939614664,0.18110747200792782,0.09101207580835612,0.10057089576268428,-0.007014103313292348,0.06267543908498747,0.06135341109104798,0.124747585438719,0.1420333357611085,0.1365384045106881,0.03649879160092943,0.06999397847632001,0.06360185936149672,0.03697654381990324,0.01662347700207295,0.11357706008739774,0.12787789319196885,0.08701332981160886,0.05534377304389906,0.0815433570071786,-0.06205047977265997,0.04886729119664672,-0.061347803115476024,0.0933656696919742,0.00739932694396501,0.07673286935488331,-0.04708688692877904,0.07104273622691293,0.04598202625978862
2015-03,-0.004118192725075941,-0.08246834569300124,0.012590460792102489,-0.020559790987077657,-0.13255940042569347,0.020889284577973205,-0.019489208133502498,-0.0033866895189739307,0.032823851361587345,-0.016780622915593058,0.011845185510131459,-0.06936552794174757,0.07937098362844008,-0.05147361673292379,-0.11355977894227526,-0.06659653491674208,-0.04516491980392717,0.04117910172659537,0.07679578949349504,-0.019754423539716688,-0.018775185814314393,0.011907294030072223,0.020501883622751342,-0.014664953846393112,0.013749814530514918,0.038261430099574556,-0.02066520082069017,-0.033386045741100205,-0.04141192423633397,-0.02245420363309757,0.07185159217217828,0.05936461495579361
2015-04,0.20273196114340042,-0.03819327226695618,-0.06036214409851079,0.003370216930262093,-0.056753327934017134,0.06291827421378297,0.03253380450191735,-0.021945013804947924,-0.011420515691374526,-0.006332233632090185,0.0039888322626959564,-0.05024513353377505,0.039918040263844455,0.0736627897785404,-0.009289710713745434,0.030006496726152854,0.006543851397153885,0.09243708149142134,0.0133578515843582,0.008071796605361335,-0.0029745504424441888,0.16894260430537664,-0.03150956825929052,0.0056615325170740124,0.019133062225837976,-0.0005896816449952502,-0.06223398693027409,0.04778631065440822,0.021700316259206733,-0.009088946772199421,0.06972887886916458,-0.0024579414926533517
2015-05,-0.02378664238487196,0.008234568714451008,-0.013958277346452738,0.00941681864204257,-0.0667271246981478,0.03145642698882491,0.009928051166404155,-0.02892496297676178,0.005579347062578717,-0.0040929116661323275,-0.04528477446023515,-0.03482353714398828,0.03418823075259412,-0.03480842906754748,0.05873871674876888,0.02330722474092625,0.06035117041330904,0.07600346373025085,0.040349524088460396,-0.043421739643446866,0.0007648654816231089,-0.04073542500815916,0.02188962874596896,-0.004626857487477044,-0.02972167752151435,-0.021027828505873168,-0.068139388920937,0.001215574678540515,-0.012028946038919146,0.0021287180088323527,-0.06481041921362224,0.055788495861464775
2015-06,-0.06525699862544414,-0.03494335940726464,-0.05540601600666918,-0.034040082937639014,-0.004466698550885885,0.040850365168864936,-0.05690934870776004,-0.05328520862006813,-0.03501274162272877,-0.05471784677441237,0.03390264811528745,-0.040077819850609556,-0.06647606990779135,-0.16970714202466317,-0.011672436116647547,-0.06009516902098769,-0.01370864010291824,-0.09773055378077977,0.009822802452501686,-0.04334536619780201,0.0015885908897945566,-0.03717103206226308,-0.04473935311738855,-0.05853526884741516,-0.007320957885938956,-0.016486425821641403,0.02602678403852615,-0.08596917010826838,0.0011621560957166316,-0.03500942204614607,-0.032930661050420404,0.04101010772014975
2015-07,0.06312277396786015,-0.020669185660102233,0.027461204016107854,-0.012850552602331488,-0.12179670484567554,-0.015624632652846304,-0.035040628708955926,0.08140847067525206,-0.01628649448886449,0.005176894927410452,-0.010487831576784783,-0.09072449373466582,-0.06677478770463804,-0.14658040686240834,-0.10380634761753554,-0.02467613753780728,-0.03577438608258201,-0.06265928180824575,0.0309990896389665,-0.0359484666726959,0.11537763881806984,-0.10469105343468674,-0.009180915829349552,0.06736996020136067,-0.007994776541179756,0.010000272784529427,0.03194447567220997,-0.012881824027699149,0.05398679665091464,0.057917967848598526,-0.04818175880783865,-0.00036644701158492724
2015-08,-0.017164940211462774,-0.0008667330072292224,-0.01911283250633286,-0.001971314973723032,0.12128537555116226,-0.04360072970455509,-0.060235113889850825,-0.12072599859018986,-0.017801635634370483,0.002236016106694776,-0.0778349990564822,-0.015299489139010062,-0.04698748602636455,-0.07795381875161059,-0.03874640092764749,-0.024958762064845357,0.014909052068604834,0.02817073198935689,0.006523378248299742,-0.04521782551172978,-0.053582289108493796,-0.05382073060564982,0.00707372018387992,0.008511485164262575,-0.07476468194190065,-0.027475323124897245,-0.005425111272981224,-0.03685536393869681,0.03159809592324507,-0.007960307288440528,0.010882692417763542,0.004874176426582321
2015-09,0.0456886317290336,-0.03993930548181828,0.044227379389491894,0.031379852298566546,-0.10176594509571152,0.04819503327202551,0.03948248597235872,-0.11932648938183167,-0.051096838344939416,0.06563020522273151,-0.02390456765864689,-0.09529964007471649,-0.01683818394443118,-0.09402221516399967,-0.093340131087106,0.03339410722144452,0.008229470231714569,0.0657419682001871,0.027329492275731726,-0.004626775893988531,-0.021529777457498286,-0.026287379524625724,0.07671131035508433,0.03231333936236009,-0.08256760064326198,-0.03579669848813234,0.017782320570888514,-0.060592183561332176,-0.05226956596457798,0.07840010413040849,-0.04608314012156003,0.011894408010461413
2015-10,0.12038473668848804,0.08868701011022342,0.11713381196106744,0.07693732530305764,0.248333866408554,0.11734592746202997,0.07850426718083155,0.07248681257211138,0.060267844008161195,0.09396673930130317,0.06253419401549268,0.12734836539607286,0.03151816454386878,0.043437829898532516,0.1992717704158041,0.13439862995682755,0.0551362709619941,0.167097906804702,0.016766033048992605,0.29409908305621807,-0.005877442709872062,-0.00247095342488999,0.08691150818827854,-0.025315639914858058,0.06740329191867644,0.10167951816849463,0.018329850473459846,-0.08217720186333205,0.07262862474530789,-0.00035072708487029726,-0.015058663283180031,0.05145052029847248
2015-11,0.04191759404864254,-0.0092671289275856,0.03244674897260151,-0.003744848889825648,0.15016144748061616,0.017848004747591063,0.03029181989308971,0.016117319157159603,0.02826332467337946,-0.014146652117708,0.00018287832932801782,0.14030809950802042,0.006222150851696555,-0.0630525869748562,0.01257690428710595,0.0018480923689540277,-0.02138937013592124,0.053639327106484135,0.04519056952338856,0.17869897239999855,0.03853800988130569,0.05855925127511834,0.05969712853000946,0.021730711503786485,0.01808931295164814,0.03910565804862298,0.03304720484282302,-0.005728632329672453,-0.01816248928657685,0.029055382887208946,0.07053080714487887,-0.03533352637936033
2015-12,-0.01090602653564814,-0.10699224592687476,-0.01041112437745677,0.0038349599893211313,0.26245849279120814,-0.039755514604720876,-0.07583553896606252,-0.04143357510405263,-0.03282357364286543,-0.019489437059308636,-0.0789368069703068,0.007832763205737071,-0.08524493520425555,-0.10609527458573134,-0.04334851256781295,0.05043230871281022,-0.05760880105718089,-0.022375578755369448,0.027797598791000334,-0.050296898213498566,-0.06158422311700894,-0.07234614486290687,-0.05448274625762546,0.024802976907429018,-0.026095172983550005,0.006633968150510159,0.027127328827935074,0.036858610582949286,-0.025003405197244023,0.020856075555035134,-0.07040809798540644,-0.07153358094689953
2016-01,-0.029873477490381144,-0.05202259669464724,-0.031182472978557495,0.026178526223662586,-0.18372488997149247,-0.031519083771608676,0.005155317736063522,-0.015868843055692344,-0.006483649994739132,0.011593893512797921,0.00894812518871725,-0.04969617894181992,-0.024635935542205237,-0.20364882095908723,-0.12352802853415923,-0.005070308456040911,-0.03576638569674849,-0.017061926013827174,-0.018612673860593152,-0.20109718550640351,-0.06252768244440954,-0.05777600591471194,-0.062422937045196095,0.07658619770729178,0.07289637359391324,0.09772931431243487,0.06561010047208153,0.08989782449817617,-0.025023034174861358,0.09683333000356603,-0.0646157904575596,-0.022907581292607095
2016-02,-0.06884821070753988,0.010938672346745726,0.011998744727373334,0.018690088017128178,-0.08020224280631595,-0.036293367415819296,0.030552903015038255,-0.017928192249585723,0.036395210391916816,0.0205634277465884,0.03673958514452564,0.007254693356429428,0.00973058930138055,-0.030320217214723354,0.03011078504340441,0.058462659480823374,0.015802949089555846,-0.0020419615555434733,0.0902861657483522,0.05478044221422096,-0.028649655815288975,0.11229296209264997,0.13213741677165336,0.03810852402053745,0.08047450546887247,0.08135353308093177,-0.0017061647578984571,0.13309464779799948,0.062462561424553045,0.053773526285684985,0.009083878605467301,0.00544701636865139
2016-03,0.09737006596495323,0.10095381910625346,0.08041653652611545,0.07229873009019981,0.2973401664645284,0.026676934788427756,0.06921948576386891,0.030601929082224734,0.09605321067384397,0.07699028281037722,0.11315101307093178,0.13441943058312267,0.12518449409708646,0.062064271605998596,0.11219147507067641,0.06321703532652537,0.06321988345760189,0.06443932751842459,0.1304044328938852,0.12832207666752676,0.07482805053177487,0.0450191822514783,0.08436542240392463,0.07291260848408673,0.07628519111626852,0.11472467149135085,0.015114752469832909,0.1361550756926396,0.060700450519754784,0.07385404605793588,0.04315103802900836,0.08883001422149243
2016-04,-0.011526650439996162,-0.010832878377134298,-0.06289759572060254,0.016568226288509527,0.16912876093875528,0.03176547595916091,0.025316407472830295,0.07284694105203071,0.0201344248668442,-0.003037865200242404,0.0050619054429701365,0.006391912418094005,-0.017610075175034594,-0.01403168491037693,-0.0594769156866291,-0.010558307259354464,0.0014092988554906688,-0.01393655740956638,0.02603737899730942,0.07545447144555391,-0.024748571200508277,0.028755192461326535,-0.02921743624675419,-0.014220982232445716,0.019910382203285365,-0.01999456606201373,0.0016722579441848004,-0.004576842311435536,-0.010488419573075057,-0.034902843031359376,0.23717845299818305,-0.03205760537240032
2016-05,0.049817836778564946,0.0008947829979661329,0.012775571420737389,-0.014246584040274323,0.2346820901889073,0.07419245175120993,0.0711765565915171,0.005803969023270412,0.001284743880948715,0.012068201739217485,0.06017670153566288,0.09855327594987866,0.08676880688652401,0.09538146274868872,0.09613913875163602,0.053881834830342985,0.043424998317071965,0.021136352401684776,0.06071184276039711,-0.025770774530735303,0.04568665942139677,0.02250803527025407,0.04454230505341618,0.04535843023112036,-0.08107329857472259,-0.02524155198995811,0.016280854975340233,0.010039686420166446,0.03043736862404003,0.04046723798601002,-0.04867664762988813,0.13892767761386696
2016-06,0.05336787415860755,0.00780385106303017,0.08746974809221622,0.0650216512727892,0.056082294768956896,0.04230401100779081,0.044721706490340324,-0.02635767859021386,0.010468227387694411,0.08458071899006601,0.05690264950755021,-0.02086944936829902,0.029491872644912626,-0.0030786892667088684,0.06767494843971045,0.022460112693666566,0.046554092025886215,0.06671918631479354,0.004635423597772751,-0.012699870502648378,0.10035520025742876,0.02942770245700619,0.15633239561963147,0.07054530974498889,0.017373473961488764,0.0027217416897055017,0.09223767118277895,0.05352552949892343,-0.09160474585508359,0.08152093370473357,0.011520275767950826,0.024414705037259312
2016-07,0.03616006038047811,0.02189898125101999,0.037821148670088046,-0.0013561260666247342,0.20814157287519508,0.01690181261443881,0.03661525070875782,0.10904629744516302,0.02503896899291681,-0.047868528956015496,0.007840820868459676,0.06541298268590481,0.02739236207225667,-0.06412682158850905,-0.009483558279777926,0.024982808599033367,0.037323163102242596,0.08169902421059366,-0.0070200697284705914,0.06155878463786542,-0.0009333199165755022,0.0756689594738704,-0.026703855986959155,-0.0032846413399501184,0.10460608067231233,0.02110681421474668,0.0701977423933127,0.04586943667861894,-0.04142342014339802,-0.0019893987229067825,0.04026915677526496,-0.023144014818830574
2016-08,0.02091857635527148,0.04448169604555503,-0.017449632966565966,-0.017422979352781386,-0.015443988460312127,0.06278505829263081,-0.03836730949191582,-0.004100277799105801,0.00982616533750461,0.009107519767574391,-0.029922433250809743,0.03640903013591436,-0.04515119149066098,0.04852987381116558,0.014995585071201325,-0.0903450562117919,0.00983132868103126,0.042518230382199255,0.06634523812354275,0.11664463603309017,-0.05935163626052216,0.006740414629627222,0.023670330141366266,-0.05953903843510633,0.024825586908923565,-0.02161682410217077,-0.009085190037620114,-0.09332426568620053,0.0021190757618419517,-0.05343917673749891,0.007102559662026755,0.0764954367475248
2016-09,0.01554349416200416,0.03619274223739443,-0.05851445700316792,-0.005003869100737281,-0.0710939583636466,0.026844987495773808,0.005314721959991398,-0.015911210183491255,0.01948728928650736,0.012729547787053864,0.03188428484906326,-0.01150095618274498,0.027752182114868643,-0.04031655315086153,0.03770531864085098,-0.0031121350693414144,-0.08076779041614737,0.009877998806916326,-0.01958061539706972,0.08792796772132187,-0.04280273127116873,0.06267067417096965,-0.023882792249139997,-0.019484751316182634,-0.0011355625356966198,-0.004255855805694874,0.048310179559934364,-0.01900600730886234,0.09233023431114266,-0.00644447857259442,0.028433827360121667,0.03233833076743527
2016-10,-0.007665239058225197,-0.006634212076558149,-0.019477439352020023,-0.038063536793208945,0.0011379176937386954,-0.03938461539979415,-0.010053261103355816,-0.12847142723585947,-0.010097994719049331,-0.03973520811549512,-0.09986895137550067,-0.07906988982928165,-0.027505905988122404,-0.03259547755470676,-0.017289803258361075,-0.011771379667629164,-0.05403533773359979,-0.05926656734950566,-0.11640276358286177,-0.0383875620040943,-0.028166027886376836,-0.011221506010562626,-0.04698870323053443,0.010697228252780034,-0.04357380334244763,-0.05064368374356054,-0.04515946193430598,0.0007958361537974788,0.02156828454242926,0.004372270589063892,-0.09524167264513081,-0.09933441884855852
2016-11,-0.011627268046009635,0.014178077507095307,0.0136041620688098,-0.0457654496295326,0.05454606014817705,-0.04094566992451089,0.05462281934849402,-0.07316083915538844,0.0016722459760637625,0.11481619896814751,0.13550952476057804,0.0486635747406744,0.11594010629581344,0.14007671910958366,0.08525987689752079,0.05334335196587757,0.0931124801794887,-0.004152963552752583,-0.05062182719513438,0.049557177483565876,0.004000810058604693,0.1392802079769251,0.08191909054298185,-0.03697642694710024,0.16477994041428026,0.1864916269412164,0.03461394729052153,-0.0037233666147558726,-0.0951534030664885,-0.02388395798234553,0.1605443760757426,0.013878500541535353
2016-12,0.005190382623241404,0.06506894298893176,0.032895760505038465,0.0656588064237859,0.07429393341933768,-0.04199350725763751,-0.050080565902039874,0.002645570147377134,0.023019413257443413,0.04341388740262284,0.007019017962934462,-0.060843331105118574,-0.05434220893632217,-0.07978798666228076,-0.0670871907056898,-0.0722801658412549,0.003421534792598028,0.02544227676524598,0.041281913305466766,-0.008167407219595066,-0.07980649732532046,-0.01233859280967807,0.0038618627725000984,0.05315759514658209,0.07040977484465104,-0.033793101631092094,-0.046950272156849056,0.0630737207055546,-0.01762431444770247,0.05710284237082637,-0.006651967802828001,-0.029376911862751164
2017-01,0.0022359319376016582,0.08338949159482428,0.01579315201635236,0.006370421367028659,-0.06264396582779097,0.1165993028408185,0.030793249447469355,0.006445919883829621,0.0033977361269600793,0.007435705623998035,0.09288474848296907,0.0248328730230212,0.018525835004599343,0.10268330420466516,0.03963550900653278,0.036285122021176376,0.007607242324502719,-0.009251614779204189,0.031644749466305015,0.07401903638536311,-0.09930323787202339,0.18260520654036422,-0.009646863319324822,0.022025561467866855,0.045201663752887325,0.01294014180812232,0.008120053240812712,-0.01641772484504729,0.015075860593344079,0.005783234673446593,-0.012068941902015537,0.056992148922555164
2017-02,-0.006305049839284528,0.07198256192927872,0.052077104170125336,0.0822599364568329,0.18348942146751507,0.04599260646628017,-0.009356784350838762,0.12469528992787318,0.05965794946579589,0.06956149853048833,-0.017579260084475686,0.020548136014782052,0.0431796611278235,-0.04586941360013944,-0.0007743948875100988,0.05139087548082787,0.029683333884828526,-0.016667344519601553,0.19314930125027815,0.04732159371988288,-0.05655784994567748,0.05624957663288594,0.019973974257649133,0.06347700197813107,0.010740739508616915,0.003934374439645321,0.03059186719086019,0.0615778538961668,0.03335226450096626,0.058002738241882595,-0.08059605731923289,0.03591722570376455
2017-03,0.027731927285066318,0.04275946122644318,-0.014922078336966588,0.022133132576934944,-0.03732128639598615,0.024630848583119015,0.015272032441576261,-0.005810462730738894,0.012249055352313742,0.011585946007723343,0.012339925318967875,0.0613478655669857,-0.0020404292732176203,0.0418002653669818,0.08211073689433178,0.02620947297625075,0.0373740719369585,-0.010956394621940816,0.04346380442041892,0.00759350830985065,0.019919911893481527,-0.05076118750573838,-0.027307169829909553,0.025209746693402837,0.011760395467867757,0.026061511023748034,-0.0299848123821236,0.006491403173481087,0.06394807945765081,0.049136473161788485,-0.004171445939573937,0.031011110972261863
2017-04,-0.019044081883601644,-0.018959133428416406,-0.019052840406997874,0.02824491096384083,-0.044451486770976815,-0.0005532332921646344,-0.02640833254495174,-0.008276315957510369,-0.0446502305586829,0.0015636320451412483,-0.012524899255264486,-0.0023615385369533306,-0.08938148752803637,-0.08340787087130959,0.044244813994815266,0.03771174013224404,-0.047546272265408515,0.009562645489285601,0.08170738107417849,0.028043448410521837,-0.024360575408790636,-0.024977302836031567,-0.007982403158584395,0.024142036364047707,-0.010302638356456924,-0.11500703014691198,-0.053705644877903344,-0.022461640351138134,-0.01902515252775013,0.02286455963554041,0.03526969662466614,0.01794342633103664
2017-05,0.028891537981466413,0.04012607300368874,-0.01541722691704386,0.03435159731404739,-0.06351369966473253,0.020262138965394,0.011544283949619358,-0.036057501254613926,0.0036667761544485642,0.027474573580798526,0.036744407241942265,0.029502774297092065,0.03631150187022968,0.09466151840594847,0.03543576301336465,0.015411313063614282,0.041541740465842344,-0.0003232460987890961,0.06158029511403855,0.06804063036093712,0.0655368063984729,0.0927295561587963,-0.0021952058245064154,0.05979655574350119,-0.06278723837113573,-0.016604354822338394,-0.025634973125200407,0.03409802315581816,-0.04568720947617975,0.0580378467610167,-0.07895655688909975,0.07313836201592537
2017-06,-0.013327630854705869,-0.05537726429314163,-0.07973154777932516,-0.010144319618701207,-0.004198195953979404,-0.036080874695892884,-0.08512002752460414,0.06356229770272208,-0.024062093451600278,0.0219404228147254,-0.04319998269147928,-0.11628653100975227,-0.12505681285025225,-0.12844574869622702,-0.10891134869442151,-0.14144323651087665,-0.010233463984011225,-0.05104079069713237,-0.05907521977882587,-0.09670719225984074,0.004178165946424425,-0.019500189632842314,-0.021373887012981232,-0.03393972943121166,-0.006471474595977532,-0.038410710455761714,-0.1048736643360568,-0.015483317763668507,0.027807900677719374,-0.04128877189111057,-0.0006323643575028163,-0.09232881736161731
2017-07,0.04803524947207496,0.028433538732297595,-0.05407653599877764,-0.0004336650765929672,-0.041235312306451596,0.037919086539982425,0.0444662386220493,0.034029566644839464,0.007709352024398895,0.19130090240812847,-0.01155741751165101,0.0655306910091327,-0.004112462181202001,-0.06759479039020147,0.042781839365932654,0.0037885618425920575,0.016144325720498513,0.04924196631645099,0.07886394273203125,0.07923057603209732,0.03895478588948776,-0.053906972210893626,0.0339365952290227,-0.008046871529100774,0.01769157044745215,-0.07931124560772163,-0.07263187330976353,0.027773058535560734,0.04827626949999859,0.012814776190299408,-0.09771443314353945,0.06710534610918313
2017-08,0.03224151387537407,0.010422862531792552,-0.026814451292020047,-0.01446703557760574,-0.10801543747899864,0.03656532607385321,0.002942291877748265,0.030480948289108457,0.010579226241570256,-0.11482374326272146,0.01058013510855505,-0.029049283275660434,-0.0043286480659324635,0.083833634119706,0.0048611124706226866,0.0014753655053251684,-0.02551943018449258,-0.017992904769634107,0.05974103565424005,0.005042196680363003,0.05292824476942841,0.026795366320942312,-0.027132978823126788,0.055264431560337966,-0.03964169851148498,-0.024420883811997536,-0.05495253960497593,-0.001985713366549336,-0.07322540609230811,0.0475858550587671,-0.0671747147394969,0.0315566304840582
2017-09,-0.005688930144856738,-0.060047045732333555,0.047142891054719,-0.043500016521297855,-0.08801855283034814,-0.032950034855837855,0.0534742279930788,0.05083094612071613,0.011600335935352413,0.026224679935853545,-0.05615482115543277,0.09574745053772855,0.011612169813232166,0.09934738159895659,0.049360067427382595,0.1136441198947434,0.013779752841518375,0.07681958320002008,-0.0101141650053027,0.003400256732647038,-0.015457593458756212,0.08374672815078754,0.05633979831428969,-0.038026461314608156,0.09762243783592155,0.05877896839172021,0.06580223216065886,-0.005022421220014004,-0.04707139491821198,-0.04130702652384713,0.0474700191507388,-0.05757714167102016
2017-10,0.015391948613274163,0.0645482427151955,0.03329286223626076,0.010326872202659888,-0.037289201950731383,0.10578701407504452,0.07174301617748231,-0.019749132264661587,-0.023777333231535313,0.05106429873864314,-0.00983000462037515,0.04121016622987738,0.038977165405495715,0.10360031011272192,0.057730220471729835,-0.002663760885313794,0.019906414219275123,0.1034388726887135,0.08312080896906279,0.10844634293025932,0.045190749907722684,-0.01948162445504606,0.01788479461827418,0.07285320522914232,0.00910218102620699,0.028413396224493657,-0.004986483447870474,0.08812225629070317,0.0038655694939715795,0.03993747411933464,-0.08401272385304161,0.025920596235871153
2017-11,0.01821908887229614,-0.010842651850271135,0.12855730060667747,0.07230143202477954,-0.07279333617597675,0.008785035332409078,0.009033525103820939,0.015468617679693463,0.07996542706270982,-0.0011800817942702992,0.046285484254259615,-0.12275282918575786,-0.04622251938538087,-0.06211453716324784,-0.10367516584013943,-0.07868966146448966,0.08829639253694878,0.00022435138301753318,-0.006226075401131399,-0.041260568978290536,0.14822513684672411,0.14234826272068113,0.06754350357013979,0.05920022216764541,0.010259283922751291,0.13242942572328853,0.11936112679250963,0.044007507235632695,-0.003447260148128604,0.047368978437219315,-0.016412103053912008,-0.048542336769876786
2017-12,-0.018128786011535974,0.019917032239516082,-0.03497738667630538,0.003934605796012152,-0.0878146986394594,-0.0624724846713691,0.0345733795383272,-0.04406232612941459,-0.05364371861862404,-0.052570075771441384,-0.019122623935796158,-0.0640496493360837,0.026948945351388278,-0.10817402519251805,-0.0790056566907519,-0.045636149015431456,-0.06963627108643891,0.004931121413368599,-0.06640043886096826,-0.04413546972194141,0.0030024016475596856,0.06660061432148906,-0.0007939419504831945,-0.068993886321675,-4.396571365868308e-05,-0.007288923814670952,0.0032029108822416007,-0.06952350580562563,0.0644808115584212,-0.06529051083993855,0.039920842943164773,-0.02039108799690684
2018-01,0.0258310421398325,-0.001779998039799649,0.021917328758290035,0.012538073300282986,0.13758095347665864,0.08093410224962216,0.08278929554375511,0.026196335038724997,0.0062532678886559724,0.052150448551829175,0.06903780158421877,-0.045640969041041715,0.01919452280372803,0.030739381751695338,-0.04737916385225544,0.01698724528269632,0.07318084933692917,0.03664812112123942,0.03562074441351137,0.06358174616746341,0.03185558428507849,0.023234866917507018,-0.011908744611572764,-0.08170883615358321,0.03686540366807905,0.028802453014999597,-0.02617513287238113,-0.050885807340021544,0.0006138125036370272,-0.04130535649378336,0.019624567418319184,0.04919631777790999
2018-02,-0.013536882598424824,0.04070902243887335,-0.0032592909400314856,-0.09053641486642776,-0.1056285540243561,0.04643225896115986,0.0007596678148771924,-0.02165822795755858,-0.040035910032435625,-0.05782146762659634,-0.09464598023845616,0.06896571756249228,-0.04454689464833857,0.06793322462360078,0.018391892565524988,0.026067446503902428,0.015522132614143471,-0.0060664772949906775,-0.10681628762160422,0.06871556831397359,-0.05992606911921345,-0.036535966461234755,-0.047984457686149784,-0.02556172553772806,-0.019567546467682786,0.01103878199469868,-0.04274354838449661,-0.030020406035233958,-0.09004419435442135,-0.008793085095710591,-0.1819179457484826,-0.009906823807522964
2018-03,-0.07322231588731232,-0.06492806080514421,-0.025366754843129204,-0.01905673689391984,-0.18679081433033434,-0.042072595195672385,-0.06564771043687842,-0.0707077127680128,-0.06584251201972276,-0.014309306883825331,-0.09961010210342759,-0.0437030310380454,0.007563070045867489,-0.030558874244622787,0.026777468164777045,-0.07040806055727729,-0.052342238425489414,0.02116443708049429,-0.06050401634247535,-0.04742446896324763,-0.044822818639646794,-0.009416101234027514,-0.053245519791778106,0.03014303331401752,-0.08524932076344373,-0.012898417355878869,0.005424382705482511,0.018379582790433432,0.06231170023138924,0.053851336324662546,0.03796526373227534,-0.05342422160460684
2018-04,-0.06667576303667196,0.007860071105796954,0.014066890294744776,-0.06490169001582072,-0.08032141086112186,-0.042962548532239145,-0.07874995944101146,-0.008092709179371025,-0.040215583630505904,-0.02229395122374164,-0.098280293492906,-0.12407121106478973,-0.0744714668905928,-0.11831474089832654,-0.09862160350244421,-0.10852167692985674,-0.03722387517215773,-0.0890083801542367,-0.04551969968443706,-0.05148914823900608,-0.04825990011798491,-0.001140969429404704,-0.031558171845026024,0.013524736715488856,-0.08488224918604208,-0.06557974794096663,0.0064966313875773765,0.0030170391399320863,-0.045087503753252905,0.023978589844970265,0.26228221753532643,-0.049978225111796434
2018-05,0.08352457111864361,0.07437098134349082,0.001814324210092939,-0.017454057955906772,0.24416153287205783,0.14036766753804353,0.13044147719555052,0.04191676388569716,0.03583648851090176,0.12263763586662116,0.04446762631902668,0.051190810615080434,0.14151785501516687,0.12849704764159342,0.11566179333012098,0.14030020290514417,0.0914928006706158,0.08092076941705437,0.1015600972968584,0.08570805809121176,0.006654715784361481,0.09587771466943992,0.1094321756230398,-0.010114682921319482,0.02683337208752967,0.08747510484856087,0.03299829085046312,0.042447438176784896,-0.05052886562632004,-0.0317295235597683,0.020309130840407592,0.09655987273613516
2018-06,-0.02139710557359312,-0.011111619131215287,0.05513648518572637,0.07747298566409921,0.02640514640200731,-0.01038050760148853,-0.012708477396687904,0.037694255167593366,-0.03210412303059086,0.013816081332915625,0.05021223298505213,-0.06812175415149702,-0.00817140553568214,-0.13919802948667093,-0.1019643197778404,-0.05392925717904516,-0.0009082298746602631,-0.06171282676013468,0.03683298308877151,0.025000903866379303,0.05975495122459289,-0.025473343506792714,0.04928076955473178,0.018261924432109014,-0.017225862356664626,-0.09571351458620606,0.05607953088633127,0.00506644535059859,0.03499009740058035,0.018007076561383843,-0.0675199413334011,0.014950906938629433
2018-07,0.013072485976523057,0.013172747403115385,0.035628156531146905,0.03979953958293471,0.0565339149065203,-0.004837755546319331,-0.002707018984015073,0.04509394647105241,0.10017476061410382,0.03193541618248752,0.02636839900854177,0.02598211114033376,-0.011929232814623464,-0.0039030055706629095,0.03254169186097872,0.0770961206636844,0.07040792010518014,0.017411433389748814,0.013149455443224312,-0.011664848547627383,0.03882903087282671,0.0707002017496616,0.024428527965855786,0.01807563152125191,0.07970033057354182,0.11971527930401808,0.017446432041729774,-0.010179980634349358,-0.0035890432802387156,0.016790732710165998,0.08399478094203387,-0.06128079475932454
2018-08,0.04979180377348641,0.0982084742164475,0.0681803587109914,-0.025411179051837898,0.26759338998539345,0.08417378140940981,0.027243645468023322,0.050181058934795394,-0.0013910491577073542,0.11406525072261538,0.024100957432436215,-0.000583986346192913,0.10157433425029189,0.020940754046840426,0.007943009693036993,0.01689540934675933,0.041940130794671696,0.0658096560708844,0.06719384087094737,0.08676467049720618,-0.0007069799703921226,0.05720434176731632,0.12446331462152897,0.026553340374469922,0.05214597505284776,0.04858812573483672,0.1158075422979875,0.023836400094589344,0.03528755995227631,0.016062182178925032,-0.059776749462552826,-0.08602185608920858
2018-09,0.027722776961311722,-0.021511166988097907,-0.0003824070563043951,0.01922770644004364,0.10892060446568927,0.00443725432961018,-0.04269153216942296,0.030785509266902156,0.030878348122707216,0.03636517885816668,-0.02995774713165822,-0.041305884105356835,-0.008813964613146118,-0.026797366586124353,-0.05230943355699452,-0.10081347769784373,-0.03917790902945128,-0.00954505895622509,-0.0344332028993186,0.016836807634710786,-0.04162384360052782,-0.0022571436933163974,-0.01247068542883936,-0.013024448297011342,-0.012840707242126019,-0.01739634745286632,0.01941474334970084,-0.015335433408287838,0.044281768936749184,-0.006857327196456891,-0.00668794796005095,0.04298780119137809
2018-10,-0.11754160029772062,-0.03669611808700317,-0.007012172534098135,-0.007077144505736835,-0.2590193745637945,-0.16399561321879985,-0.06513828827753292,-0.07494443626022065,-0.12809355602882927,-0.09075993505639197,-0.03467609594555279,-0.14448318776796484,-0.07310242180263708,-0.12631299212074829,-0.08808020125298353,-0.1791470818220401,-0.10546302094153785,-0.12026224899781998,-0.1116597062724168,-0.20146479219598828,-0.08851133803135193,-0.10501106428554474,-0.14281944723029216,0.01938478456238226,-0.1481312834465139,-0.06297940356184185,-0.04050277496132336,-0.008232656808781637,0.06116414429215256,0.03918961390728248,-0.2295462144018527,-0.21706791153508417
2018-11,0.007951592893080612,-0.06477222218080368,0.006190848519993682,0.08893198505727508,0.26249305240571785,0.00818976153108227,0.0967034236916458,0.06619693442290546,0.01255557567653155,0.01814617823132043,0.004017625922939836,0.2816083559846437,0.11489928507731902,0.12943889033219483,0.16246464348670459,0.1297233425068875,0.018438134433913487,0.0678416204933783,0.004741798868354509,0.016885588381213863,0.21403918317412604,0.04547440457534844,0.06433454822837437,0.05624839551028255,0.09165673116882918,0.1524758711434011,-0.0775406018720906,0.026834915213745005,0.13832167635045298,0.06730162776491863,-0.13849992599717284,-0.08151061418287218
2018-12,-0.10595966493532152,-0.10502749929590421,-0.11137514394042089,-0.11204719898094427,-0.17105215214440234,-0.11365864536489663,-0.09562102249875429,-0.07123184341134974,-0.1079111144034045,-0.12235445827060337,-0.1496343283131102,-0.1387714242369983,-0.06977948535713248,-0.15040173599309475,-0.13403152062715956,-0.11825440017046597,-0.13524375489046603,-0.0675366975422362,-0.06238667205962778,-0.11678596511783423,-0.13224718673343946,-0.16244315308303914,-0.10518999936942613,-0.06661187464708514,-0.06840079452566351,-0.1290355234407282,-0.08439506861250394,-0.040282206005081186,-0.06211801192105821,-0.08598376234002963,-0.059921068481585425,-0.08850120141085713
2019-01,0.037694979660478974,0.07826321690253625,0.05425532003422082,0.028393249165904418,0.25809775474872404,0.0852516397666358,0.11529575414107847,-0.0033300865393979307,0.07579605762902776,0.0710405259769968,0.042713482784564334,0.1503484838695697,0.20249753375662966,0.1679550931003715,0.16811918176017407,0.16287577000736753,0.08253181895766572,0.09562414737481756,0.14000845296023526,0.19853342843241692,0.13970875857865755,0.0860699722972743,0.08576877496722544,0.08533270967032924,0.13109640995342708,0.1612218596500942,0.14608389513387024,0.10382247803970654,0.0296625109130794,0.08133233323268153,0.07830104688063255,0.20604286598173457
2019-02,0.07630712287673991,0.03801840855356385,0.013929182781631341,-0.002498838495401735,-0.06146861164054405,0.05233738833956622,0.029886081075355037,0.012662073541927974,0.0291940705106434,0.09021695834835079,0.04041215310018358,0.01903972800413915,0.06109514886320105,0.07628080046244412,0.057153588999463115,0.04530248122652668,0.10235912810901716,0.10320261299053306,0.08138529238158404,0.08846932225355751,0.04245912738062337,0.12821412905437254,0.08062499682660594,0.051585865633580946,0.029034182760034475,0.06812754150524374,0.01841364556224778,0.0771076701617272,0.002294735789190136,0.050650266052549416,0.1175107519464529,0.0017029421295368954
2019-03,0.022688224394008506,0.010371751453549054,0.0384757644229954,0.04391027236634973,-0.015840841370103085,0.0033872419702802225,-0.02589765720538626,-0.02945839395395161,0.008915916382475807,0.028319424931834557,0.025920246247984426,-0.018811000202220207,-0.03186958535120364,-0.0357744547352949,-0.021038666747972994,-0.019638576276067396,-0.02143419547582694,-0.029656741649951492,0.04435244887066797,-0.0805986106612339,-0.10126643983230753,0.01946849340801269,0.02312272490055211,0.004088435180833566,-0.009274643826677784,0.010134344357561715,-0.0343968071981433,0.014461737741380041,0.10272365147431517,0.016228979174382645,0.01256848472654587,0.03390085357063485
2019-04,0.03298653758092815,0.071394634297062,0.0009715447867329084,0.017504231275068026,-0.054916323425320074,0.017867289163973534,0.08616402443359335,-0.08823793939083821,0.05161712031896626,-0.007696939158094571,0.019896162198297988,0.06001702600445446,0.07296321327714211,0.01903225172467285,0.05487600081065808,0.027586820112995392,0.05198370552103852,0.007466954364640344,-0.042161521766639044,0.09322519697661462,0.06741248305071998,0.002416422832033454,0.01944576988173915,0.016264506861421783,0.021392132855315188,0.04692114160625795,0.024764073768668526,-0.011965310893758237,0.051141657429528434,-0.005979488913751351,-0.15957634003515525,-0.09499363479814084
2019-05,0.027791724695496154,0.03739236432452295,0.02306455027515386,0.02434735203551422,0.08889818036372693,0.051121538958931685,0.026697582445072244,0.00871241611918177,0.03736710920030204,0.0819409942462061,-0.009005385901628042,-0.025019768763098717,-0.026267444193696834,-0.01884793046871827,0.008887971880642945,-0.045208678596089846,0.11924265700810341,-0.018696408988484254,0.02953069221425081,0.087663058125422,0.02122431936070171,0.025852668285558846,0.10780050395905018,0.0050197913638321805,0.015389257756855528,-0.00044685369905303463,0.048180752747398,-0.05384728829329151,0.1056364290987173,0.021579236715826313,0.017519438813626203,0.01765461859131514
2019-06,-0.006839096660068959,0.033682872459613676,0.05501417351009664,-0.020112595420274448,-0.11423046131394522,-0.05894846611435093,0.0069049939562029015,0.022677361104762237,-0.007902907492427128,-0.033540168300059854,-0.029361314992806295,0.04560117035384587,0.033161510544608974,-0.035217422000299814,-0.005453157969276247,0.020424835622952196,0.016695625221450447,0.004038081519179246,0.011344426186669318,-0.10862941012798824,-0.04756783292622239,-0.018667894156103648,-0.09846400019985754,-0.006657602373902996,0.026085005570690812,0.01248912739464741,0.038009673544599026,-0.019003915834213625,0.04261645510466367,0.00787831809892973,0.06945173263642981,-0.005667113326997874
2019-07,-0.03206316592598925,0.01858896273877777,0.023568500588701455,-0.04971256322503935,0.0005311319096051487,0.008550365531839979,0.023886054521880883,-0.005990835037847795,-0.03735177666561709,-0.0180091533172026,0.020312110761320626,0.07214709323376006,-0.005319091415853034,0.09386001283796211,0.06925975052595165,0.14298111901831484,0.03253637202122578,0.04199232289044264,0.03361816933742936,-0.05827941196327774,0.027656308840065803,-0.007180204097243707,0.000611200624364697,-0.004129463802620896,0.011093128159674547,0.002710282187918685,0.05615747056839355,-0.06589496010278449,-0.009316810316856257,-0.006237842378575121,0.005336974836560818,-0.13558798462067362
2019-08,-0.02053177137880718,-0.030841993055102476,0.017815819287731488,0.03034126495099006,-0.047633240362762834,-0.05700558199036469,-0.04871207926318795,0.10665259890322935,-0.06527475587326227,-0.0006185900697087746,0.010003700685333515,-0.02896501353925492,-0.04750414787327016,0.01522258151020909,-0.02745874870746215,0.06181890181339311,-0.005674943311426331,-0.06788516748288297,-0.07979652407846106,0.04148951261013426,-0.04976690173826535,-0.0350013205274682,-0.01814584107900231,0.01593566255655052,-0.07231848796679319,-0.02543900797927681,-0.02888626003519215,0.03523039160689774,0.017799584539545384,0.06057564811167115,-0.10902401720564682,-0.026658863518587598
2019-09,-0.03432278394667982,0.02469211772682433,-0.03437868781739651,0.004293809967167291,-0.11018885226006671,-0.04235778188785487,-0.0063429787991143224,-0.06193696325557668,0.004870091946841001,-0.058076274197543035,-0.012344318375991438,0.013237087649425132,-0.02943513997731149,-0.0791740702050603,0.0821700934022885,-0.0034596317809591566,-0.05599192621180311,0.06900519933480684,-0.05874728186696063,0.03750902445081555,-0.010979034674556874,0.014689375668583127,-0.02176891234756073,0.026601551651962967,0.04330585702906783,0.04027989433576555,-0.005983104175473372,0.010225808904845788,-0.008374625606358972,-0.00503245505605432,0.12114957476622185,0.023362855917719944
2019-10,-0.04782833581322162,0.035361018676243305,0.04910018920656484,-0.022756242204362738,0.10681216146941001,0.0014488530029958503,-0.031159843208836822,0.08668094774913872,-0.007103224966792667,0.015168351418683732,-0.06364821036010838,0.016061111909600488,-0.10640493543355481,0.060778877977717506,0.03580779938917956,0.024754930856587778,-0.024929065307629165,0.0540833614910629,-0.04956957941905865,-0.023436413284517173,-8.914378793858152e-06,0.004018784330102713,-0.009775545455462085,0.002828108725098278,0.09327537444329302,0.06254356093637871,0.012881690003151352,-0.03918244193360912,-0.0037724383103958678,-0.031859472525670667,-0.09863917510902784,0.011156461888801645
2019-11,0.0333618581085125,0.06615488216825871,-0.014018813748257832,-0.033516174359748074,0.12234155386148363,0.03184635204727742,-0.013320449228243356,0.07540640728136977,0.009627623182516871,0.0184255094748308,-0.03741413842071114,0.037106641076075385,0.02963536948409685,-0.03577728786734857,-0.03806169151963883,-0.018855689740815352,-0.022262564765056135,0.049962176001789954,0.06299207060176709,0.20470127669531013,-0.005609324648301099,0.03358623191788206,-0.001772649575352393,-0.027547626536448554,0.06253993602420939,-0.02983048667724346,0.006021573450126277,-0.018686194207480366,-0.0710722986389057,-0.024021811345774146,0.05864424533745407,0.008902049185109326
2019-12,0.027784776088637837,0.08907838526946404,-0.027233730088696936,-0.00027327771096857806,0.1019034206514839,0.020151821991854484,0.02676818854143541,-0.0018463367382636866,-0.03215052179375857,-0.002163615888718468,-0.011249794073580323,-0.03127716664105339,0.01947585498734311,-5.28542956568885e-05,0.028197612012459614,0.019937759569766223,0.003589805698730307,-0.012509364587602722,-0.028285661539662436,0.013763309073663257,0.05171230538741447,0.003249611816063205,-0.046535613798310775,0.022499615108989932,-0.029913497700211872,-0.005893233985199308,-0.03429862946861199,0.0056835493550724606,-0.016206061347623063,0.036549121756703565,0.08240659617353654,0.030460875575380665
2020-01,0.005154773487638008,0.05363335790169693,0.047601453997703706,0.04300879395546651,0.05482411918680363,0.062043032816274164,-0.040743799699011214,-0.07061019616189544,-0.011161399614487625,0.04891294172212272,0.013730664701017992,-0.08753734134449696,-0.07049936933370689,-0.04120975863410264,-0.0615818352660279,-0.08269715493390478,0.08612777546052425,0.03803198274299409,0.04604347011539477,0.08531056881882387,0.04191085509035221,0.11796970422884316,0.0001706414429427506,0.0903782273015062,-0.036186538892829065,0.028998304194194476,-0.011439247189917135,0.04167342544936312,-0.008885639854274324,0.09136148804415249,-0.034744723028843016,0.01605593887588583
2020-02,0.021922816812728965,0.06476350825703314,-0.05276481006712925,-0.07563407828835542,0.11466474014854525,0.0272470800703941,-0.021620510221204047,-0.09757471580203048,-0.01301910320283992,-0.09869589457463936,-0.07449776972166228,0.07442505584771324,-0.010539491948320354,0.03320928502315031,0.07339047785413423,0.05479116435135717,0.02955148482283201,-0.07724641569726139,-0.018858174059818503,-0.014740226855857538,-0.11517166494915781,-0.055308676520392924,-0.08178580019104742,-0.12213042189284733,-0.0620150863706577,-0.008698262191607879,-0.030909435322678522,-0.09402950679146083,-0.021267497640768077,-0.12331053991879298,-0.2050420030358649,-0.02142813394336141
2020-03,0.07654020677328645,0.10875330142417397,0.11443334656146127,0.13804453476729014,-0.0240351620819699,0.18370493643628863,0.11021023904984946,0.3965542735515622,0.2036717253132089,0.24257685345036695,0.2509234596804656,-0.039901759012625417,0.0410146026513545,-0.048106283160865126,0.04614720095828502,0.25822748332196593,0.07629807702364756,0.23047332023550524,0.31567763718081543,0.10192483423307536,0.17568703469516259,0.22321034077097954,0.16536578225992546,0.1536509383788543,0.3391303704792071,0.20137494530555053,0.029091079899475694,0.1311671391206972,-0.18568683329186547,0.239863453005861,-0.029952568692983857,0.10498116406529896
2020-04,-0.018990094112678144,0.043826733355093975,0.05867552105489066,0.07284593463241151,0.01897270639350108,-0.03191611245906987,0.08283867873387543,0.1355330038477356,-0.047085509353372024,0.008225158435347983,0.11079070919248375,-0.08837655698697175,0.13530537243162322,-0.014888276843761566,-0.12738112279255376,-0.012237254556517125,0.09879392424075728,0.07817695935666627,0.13665637882935971,0.07220231783751668,0.04137879581129835,0.003252953881225277,-0.0250928420248424,-0.04105475024806804,-0.010553660449683033,0.07910904118962549,-0.1121276078141854,-0.07967265629210508,0.14048787217710879,0.06310689150130976,0.03898649830304876,0.07587762376473767
2020-05,0.00925576847480725,0.07691712867339077,-0.007811973364088541,-0.03031522898191023,-0.02118237465109763,0.06439851319099221,-0.0046138927885560075,-0.03209853203931397,-0.05267869198782366,-0.0214767596521276,0.014203406184118734,0.0019049508138365594,-0.05035964643935389,-0.028393399760257114,-0.005936829789846599,-0.024964336407452544,0.04214467618190684,0.007139516898904853,0.10348396554059175,0.13040534358302314,0.10733826514848316,-0.03177564952360913,0.03963960749801072,-0.005630242063747829,0.04200161095821471,0.0846603938480502,0.010424850897378803,0.009296656362253174,-0.170458162902822,-0.03578521038903203,0.08810318734293655,0.10997445539050413
2020-06,0.0887438982923348,0.08690939457613317,-0.050027825401819326,-0.02498008137979555,-0.09051527474009229,0.07082099856081016,0.0073242251414785305,0.004072810160699896,-0.054951361270494374,-0.030888731409327436,-0.03363990065508241,0.048671833669696546,-0.006567988367308188,-0.027117184916142553,0.07771318259316108,0.037421580282936115,0.04966923249473821,-0.06039179193096779,-0.0032691090396168793,0.08769751493233835,-0.07871594805418392,-0.07339209530909974,0.011928800680876728,-0.08711134692222693,-0.004652896198843798,-0.011744750246241862,-0.16622469029440154,-0.08397432692948224,-0.04577844126015725,-0.05753529915233664,-0.10159965374767915,0.00958878221076742
2020-07,-0.0028167507437512804,0.03263708514562653,0.05972413943445144,0.01288536776171183,0.19450197327929125,-0.004706284741412323,0.0025462517444569616,0.10482225019363467,0.021552622803635874,-0.060039964457673185,0.061989007423955675,0.03983351714870639,-0.028107444176062254,-0.05542239098998222,0.09699208044580733,0.011765620824314761,0.09783849159613942,-0.07699801243581882,0.06061990948949937,-0.07529529144715098,0.06901820876159159,0.028810788332642192,-0.0468760276525273,0.08889123859029599,0.12386036386866886,0.04920845780385445,0.041102170206810444,0.09617289631269381,0.05972638017804304,0.1123414859439057,-0.016128034969660733,0.006077230555189015
2020-08,0.05836921487263914,0.06359506514501859,0.04118033667268841,0.018619139457146695,0.1157613871371165,0.10369740162892621,0.10289253932657547,-0.0015461543774967816,0.0618188779554512,0.03421797410416908,0.08028067055932642,-0.08521066887446621,-0.013252206848034345,-0.04399034713013513,-0.12170951251966623,0.04050591892363707,0.0730476682368614,-0.04973590705348337,-0.015276035795367193,0.015629169796733556,0.017953024810180157,0.04709026201635947,0.0557786766514105,-0.06330480457552949,0.012276634775043658,0.03842821122475225,0.029165413587488885,-0.014470473703023234,0.014333284437630938,0.010785909972103176,-0.04670689971312645,-0.017704002159960066
2020-09,-0.0681044766564133,-0.14867469363540106,-0.01364582496261968,-0.03046982453455661,-0.09601721932920201,-0.11432956593010567,0.0035238833911272415,-0.020821328452143,-0.01653868085080895,0.038037151842385555,0.01809633963810048,-0.004790032905630805,-0.005080647954172522,-0.0012182440791915074,-0.005378113444976789,-0.05279459518892718,-0.075876061878759,0.011318207862164111,-0.006552741623228771,-0.03261453105320736,-0.05589338991485034,-0.030202976837902528,0.042054550360313844,0.03667851870049802,-0.031263292964234544,-0.07135086912976282,0.00499399317867356,-0.04439989453422333,-0.07218504393533176,0.009445215474300519,-0.0379505800328736,-0.0949454594122619
2020-10,-0.0170841970568261,-0.052416062783014965,0.020854143587239048,-0.041427571299907574,-0.13029007611835458,-0.10021001090685988,-0.0009161382800650028,-0.07562255510752636,0.03845580693657487,0.026396600119732515,-0.06857700846047403,-0.012698192685550195,-0.02628548437384066,0.05573408715939733,0.031386687835227176,-0.0006403436871120343,-0.05454976980764628,-0.03158248740550886,-0.0032617447455281982,-0.015605800796893674,-0.04625237210379849,-0.011003325583135444,0.03269264220295076,0.12733433586330364,0.015353162544176284,0.0076655512070429015,-0.09278474650047171,0.13294199015206434,-0.07098993439469184,0.02738527975939871,0.19786419182924495,-0.14118412595652502
2020-11,-0.006318272928901819,0.013465240437739041,-0.023450042601232464,-0.0008100503234910899,0.09992079883616539,-0.06029980456957302,-0.03556712028309135,-0.12173680530271923,0.041506979836133176,-0.01323596295599547,0.0750491836347486,0.22943253136376773,0.0330295945828902,0.15542917617435764,0.14452699412107833,0.11431761303494505,0.0144097988539748,0.010577105500630362,-0.06644899962168188,-0.029773795905419145,-0.055832805395656604,0.014215888495572801,-0.011862547098421477,-0.09170899754847052,-0.08046750936819086,0.05390145446240045,0.026668979367698537,-0.06535669485551766,0.014611832106748154,-0.1295458870143715,0.08541990757720597,0.04137373830856401
2020-12,0.036617730435409786,0.02784771623276723,-0.04115520442948881,0.040981730748303226,-0.04439033028450721,0.0016728885308117383,-0.0015144819880273021,0.013041991055887145,0.031089578863711588,-0.005804260097631543,0.023719142533638455,-0.0036364527905538672,0.017385833950421686,0.0629329944220864,0.03689604516060476,-0.0038852368096887924,-0.04744012349291586,0.0903788899045304,0.09770798770262673,0.02497158475756339,0.05798791882435704,0.03698975469826416,-0.04523459726207424,-0.028199881402253144,-0.012960548719846431,-0.0016345800785697443,0.17285617798179684,0.003737297892026619,0.13566631444226337,-0.012838883953876667,0.11151685650332835,0.1242731846786526
2021-01,0.004421279384517334,-0.00810419685712609,-0.03530978868901207,-0.018197243485341803,-0.1070220708911262,-0.0757587591836533,0.0013525971091537673,0.08814117166523512,-0.04465291139551403,-0.024817359422369744,0.01720633694536777,0.007239160032029551,-0.013657150197754712,-0.05938423708314101,-0.05978506373322803,-0.012970374129583443,-0.052728565152591896,0.01264217597360117,-0.04549987977777257,-0.0855223081687259,-0.03784044047106925,-0.012737321181719751,-0.019792559171241023,0.01858204263349085,0.0074441127285868516,-0.044094939014746724,-0.016512060636908493,0.01014467906702933,-0.006338813370183507,0.007659942992472364,-0.02808156364820872,0.004291910898196028
2021-02,0.03649424675540025,-0.06982805692854355,-0.054929695392674144,-0.06990642024210968,-0.013034049637232406,0.02783804219998721,0.009933618317995484,-0.04694567743331575,-0.005173946738894334,0.06714940671780864,0.06623083137935819,0.07267882731712086,0.03633234414570157,0.08863682571989942,0.10788010166291326,0.10788834940095797,-0.012833466167377225,0.13686414279415288,0.009202869771256842,0.01689278249591954,-0.015329706697704474,0.05333645120877417,0.06586899121959762,-0.0963037687797906,-0.03762578484888101,0.012367723989200682,0.024606967738107742,-0.06701682736193885,0.13247095485151664,-0.08534321332712248,0.12917586596881483,-0.01097863927124766
2021-03,-0.015463239178991298,-0.0406415843265793,0.031216832295064705,0.07153720349988317,-0.12958947906540222,-0.04172996658060779,0.015201292829145386,0.09580400903694908,0.03971612336400161,0.08659066142018192,0.04127496826259048,-0.0547266889971715,-0.03542294785153488,-0.13777981144712448,-0.0755460617059845,-0.027580551023893077,0.02036492039925167,-0.02994221455760319,-0.07013136290498066,-0.032147564566274205,0.022338397087447958,-0.020833733765902238,0.07776191164587651,0.11185419975157579,0.014951549646337207,0.06226109175534251,0.05230970523763002,0.11767123674357848,0.023294574843483986,0.15342882144041792,-0.08633515836606637,-0.025085788261967844
2021-04,0.07721300664882418,0.02458203675256521,0.03743497984268728,0.028664692118363807,-0.07289855389170691,0.04559458793346779,0.008145728335285322,0.0291855986713315,-0.0003515079159386346,0.00936835097994693,0.013470361347926145,-0.0856827157651605,-0.0115296098873429,-0.10697392065188707,-0.028801795012758757,-0.07181211483337652,-0.008663215883547189,-0.04778766817677589,0.028416098193423348,0.03128243506791636,0.024396606462352685,0.01287671466830308,0.0319717299175737,0.05431161648191833,-0.048419882080801314,0.05861070966585066,0.05751786808727427,0.024000602244180543,0.03257414393230882,0.06679704978966647,-0.08401096685917468,0.0489616279824429
2021-05,-0.023192862499955887,-0.037924389840849865,0.010008544222618074,-0.0033818624107665512,0.02116396435016636,-0.058083878272500424,0.03502364304043204,-0.017974483298236105,0.033679999001665246,0.02465686778264501,-0.012160418168938598,0.053712572307194666,0.04396470934854056,-0.019040073834524582,0.04651304172980983,0.0382967849218186,0.027973941562775786,-0.02496115681863903,-0.03591617000482877,0.015732760950641096,0.027459842879740792,-0.023187928545657294,0.03559481446674347,-0.046562963927109326,-0.0039777911386028614,-0.004246744967780932,-0.05088192710498356,-0.006567464930897408,-0.004351263773298847,-0.009603588267752487,0.22117218940429678,0.006634993904410428
2021-06,0.06046513189984205,0.08136875227372359,0.031335157636122116,-0.017085258309435008,0.10423400658259152,0.10756152558073984,-0.005992603863823917,-0.029550876966414084,-0.07760160625596219,0.007411208802885656,-0.0292763819402694,-0.016987501131376797,0.028564820680302746,-0.07396826572719079,-0.02239435891204764,-0.03239642550470364,0.07004323458464164,-0.04174466065660181,0.07468751766961153,-0.0182190271150326,-0.029486428497911714,-0.08778439089643952,0.045121498812901714,-0.034689084028014294,-0.09039710179931057,-0.023527884232219513,-0.04604917009323755,0.0030386654285564137,-0.034618046278417136,-0.0646906523171495,-0.09474876623808637,0.0009393151594766655
2021-07,0.03744418773939023,0.08783759699305012,0.06870516072812678,0.03978860729515979,0.12162505367692991,0.06827377563054778,0.02991339919037583,-0.01044616895244037,0.0941451790218318,0.0460336334493549,0.01580020629963299,-0.009861667584778185,-0.005191404217695173,-0.020052632603012495,0.030644128066034775,0.016422671266128046,0.038972282498626616,-0.006014804778787435,0.08765845415002804,0.08840914331778661,0.006914237369497304,0.005386249604743041,0.03961920383391184,0.039222091329011305,-0.06237045000049842,0.051851547137893826,0.000445505347009891,0.06313575983636278,0.05164218004625608,0.01898402709519058,-0.057913446538038045,-0.04112564278240362
2021-08,0.05470905229431415,0.04925737455907623,0.052153760789800135,-0.008282885215331583,0.011004854947331279,0.04753790019801946,-0.019766637564395954,-0.04427654426963143,0.002289098167832493,-0.0010274570751638,0.028898037364817077,-0.05507542392379563,-0.04940195266328957,-0.02624262374626705,-0.08563574428730603,-0.01948439074387497,0.010935627663072866,-0.039904631650362885,0.10656693172705922,0.005138666547625723,-0.003298397472733887,-0.007319727789607745,0.011157278429599606,0.005310784961187589,-0.02605542915775078,0.010296684834037928,0.0038317239683330947,0.039628855936673583,-0.06921650135527098,0.003043089425689216,0.07812229224087336,-0.013193753580625084
2021-09,-0.07465997913179283,-0.09323528503132085,-0.027079745910427448,-0.04052584390416554,-0.06742089874699735,-0.12104701304971167,0.00669170393043519,-0.06324039750296286,-0.1034716141138613,-0.03145235102585257,-0.0900637214864288,-0.007147089682529086,0.03573666748104488,0.026820611017101977,0.02477133125694657,-0.0052689720288131075,-0.06361307366193879,-0.02518210696456489,-0.08322829967461115,-0.09588802116611334,-0.08068701590109516,-0.09338536725885627,-0.06406901836381718,-0.10308623718764359,-0.07154312298471895,-0.07659890869697594,-0.08075987150748536,-0.017095215172600837,-0.0180948270832746,-0.0785630122577857,0.022699082471551633,0.012347413312434028
2021-10,0.12326754628572507,0.08846119354789721,0.0953740444913424,0.03722471208609529,0.1296104150542098,0.053973054878558524,0.007956538286256956,-0.06216912681708925,0.034355294320744835,0.07979842220459714,-0.04492494958006303,-0.02091315957136546,0.011328146838720042,-0.06318202617641003,-0.051636098249015466,-0.044264286944908714,0.08510800825004268,-0.024632782413728703,0.06567363427978382,0.0885194549438463,-0.06654730295094934,0.15197136894263785,0.0852375338939455,0.0024718412346792134,0.118716965360763,0.06729324826134177,-0.009141657012152906,0.0951052897590172,-0.07910988068589903,-0.0168248265965933,-0.024093748225153578,-0.03584627365507902
2021-11,-0.010175013546070475,0.0901436638346821,0.053651407593962856,-0.01495192239759427,0.21378270143142958,-0.013654911440792202,0.004977609401598276,-0.05396262486622868,-0.0528650939356347,0.012488487286055743,-0.01641590524848657,0.08955277554694012,0.018723260115711522,0.15258045402511616,0.15435402487273758,0.08681771528617459,-0.060098411664260144,-0.007559737443527977,0.012617069868839278,-0.12923622983276464,-0.06930207105356755,-0.0371073934795401,-0.048664253911892906,-0.055177945997268815,-0.04660042940563192,0.006361685243515911,-0.04296690808609021,0.0052774376607753765,0.0009526764164020545,-0.011885023153749558,0.0068873903399926046,-0.14875578951397497
2021-12,0.00044166859410868465,0.053599535699918696,0.035111411313013895,0.05888152220245985,-0.11178281496506189,-0.08681958416934425,-0.06791961054151785,0.08433796202356367,-0.012800392866182517,0.058465767843834775,0.016371971686001508,0.007865659562071537,-0.06444584202996302,0.0510726031213088,0.00374102632342027,-0.03505988184167887,0.010535540491665229,-0.04272838494290199,0.028086261603166154,0.05118534829662023,0.11550542031460197,0.03235111312962192,0.07063112711257151,0.07177998279480789,0.009893059456749856,0.029928037998942492,0.00666555676767769,0.07505943330721185,0.09178946663603695,0.060909609988532634,-0.02054119338408687,-0.005360294096156518
2022-01,-0.12428986934633765,-0.040666608531327815,-0.05052416609343055,0.030940906531651907,-0.1869382674493044,0.017911355351330573,-0.06197691467407581,0.04910191039677381,-0.012186181687741712,-0.06962465602262684,0.06255248939522763,-0.09444379067558774,-0.05894152275542254,-0.08954171138691025,-0.15059206435899722,-0.05010416101273403,-0.0908221699754136,-0.048348850881273206,-0.12371347610621809,-0.04730680735735106,-0.06620302009042772,-0.05149870718882894,-0.11160627959126011,0.03232643226844073,0.050387008084125946,-0.13409201274478935,-0.10769138845694892,0.0292840292555241,0.07890398307103626,0.08257078531687374,0.04464933594431604,-0.022396872733643883
2022-02,0.012057888923284299,0.025517196028020897,0.06996057009877633,-0.019849740656799633,-0.009959555208938613,-0.080505082725708,0.015536514654217437,-0.004604810403622214,-0.007363294648400102,0.02737273655177491,-0.02712617036306188,0.0491149372960156,0.019615652174669,0.11883650685624181,0.02589803815501811,-0.049096259292371366,-0.024850293435629268,0.07354969626560721,-0.04076998352803276,-0.0729404267469939,-0.033790972731000256,0.03417995446339809,0.09062741126338986,-0.003841445687442855,0.0005117892053027194,-0.06709511482571658,0.004943388036600085,0.08729886641013278,-0.010502413458413355,-0.022084916883395953,0.10648459391766274,0.08042013231679189
2022-03,0.013353151004059817,0.07104220553029722,0.09346339529983608,0.005667166162303704,-0.09502566340935086,-0.028704996343735842,0.028535447201371973,0.015192072187626967,-0.007269997239187214,0.058134788284366815,-0.05753178148757542,-0.08168623985871963,0.010727203179895551,-0.14104591557103072,-0.11671860069016421,-0.020518576696682115,0.033840941780372925,0.041474157439682774,0.03916487328739315,-0.042751835340026925,-0.12810134535061193,0.05502247732766224,0.1063953856764311,0.09236295471035663,-0.05456540050101617,0.09191422628576165,-0.12415091742000942,0.09799462762751321,-0.16574025745574616,0.04863542655838867,0.37021459212322994,-0.03437987361271604
2022-04,-0.11704124734356723,-0.07738724277379297,-0.08624030393828022,0.009724356954880747,-0.212951443927829,-0.14046188092068104,-0.008501540487005467,0.02365967900457959,-0.04912240814902577,-0.055966824745237884,-0.10157995227775984,-0.14492603916703717,-0.029326643681210785,-0.07198494482600562,-0.10625927368834556,-0.12417059735130355,-0.06261431802319582,-0.08506130485829864,-0.12854764681427328,-0.09681776116479535,0.09660268730306157,-0.11105350823741551,-0.09076435952261401,-0.021084475231039974,-0.022279536755377912,-0.04723268559628661,0.13029715577686585,-0.0217025441302214,0.061388748035683637,-0.03078620137623862,-0.12631161497149235,-0.06130887686726097
2022-05,-0.004784570280969096,0.017170214200907356,-0.08339811480996433,-0.04087419559407403,0.15972100430933092,0.05838715556729194,0.042108964161644565,0.08488258272837854,-0.002575768888348775,-0.00747493104046063,0.08788576507395313,0.15769435999259182,0.07486155916013688,0.11928542644147361,0.17748787891477624,0.19370455536506226,0.0020373011650858786,0.02158149544907619,0.03712883170072885,0.11172837953019012,0.04496975817090155,-0.06647520840681351,-0.019545166403935603,0.010320680192299696,0.01232758953666109,-0.041789680851365044,0.1382921060146799,0.01737871039368631,0.09054846086272957,0.018287095046989426,0.09865109944918606,0.15437118233684874
2022-06,0.02507550226501314,-0.021771603913925745,0.06214137124735553,-0.02594814664034609,-0.21392763196899797,0.00737914715295857,-0.09868990052883551,-0.04936217406849293,-0.060219517843991,-0.018172725447266252,-0.08497486505003442,-0.15221058177857238,-0.0967399374439411,-0.14991056196067884,-0.10186079652950049,-0.08093161631057427,-0.03632257501985981,-0.12098870370541157,0.03930613427195845,-0.12060771964575479,0.06756759368809828,-0.0706006699478037,-0.006320351418470956,-0.05104845749971833,-0.04577351427783448,-0.03497110693842201,-0.089591868456288,-0.06203730141120901,0.05989165589576247,-0.03907845436153537,-0.17399342269957602,-0.06125701969977587
2022-07,0.0697222977016527,0.18468821709340305,0.1435294267502073,0.04643034319330404,0.2853864218776143,0.10431166382832101,0.13423295265928337,0.015254147366999078,0.0795775808672896,0.1417114261969248,0.08524786579809669,0.24059342784091087,0.20270995794591073,0.20751044841380356,0.28424201803292876,0.29372602973020806,0.0692410868872536,0.061737975108056835,0.19346344797637482,0.21401447160043865,0.08757955684706502,0.11923277906869606,0.11802392180871259,0.0396917649633349,0.1386051483304641,0.0769524094089345,0.22682940525474793,-0.0006472261402396722,0.06334379911693719,0.03262314698071226,0.004727354389980049,0.10632750894774162
2022-08,-0.03755834433808312,-0.01129692136179754,-0.06495265828797313,-0.030639912428910173,0.03548779432560058,-0.08426579585111933,-0.027226536993245128,-0.02672199610893242,-0.001292087883865281,0.005945227418006114,-0.03582476862062128,-0.029532274596106134,-0.0283249581138202,0.02598955463663996,0.0038587274019789264,-0.018249088288251822,-0.046652600773677985,-0.07876548093119964,-0.032512936130454875,-0.1025878651847486,-0.02269553227721466,-0.018201436943172427,-0.04881587309748097,0.010543298924458187,-0.010790265960523786,-0.036299532658375634,0.0710327926699363,-0.02691624911053255,-0.08157006102842809,0.0004992815979517086,0.02749508212679104,-0.05914560605476945
2022-09,-0.06739199917363656,-0.04038101280383921,-0.07869121751854956,-0.060807634904979785,-0.15916471234787327,-0.08051804591090256,-0.025572656768628504,-0.04613537380159799,-0.09957066921646955,-0.027720849579016035,-0.20180592856047103,-0.006354038939535295,-0.017131996768531957,0.0005492848163197012,-0.019151833559321565,-0.029963954115500506,-0.04851117125729226,-0.17785367494998802,-0.007188435841610585,-0.0034064813253453794,-0.026212615021822944,-0.08169700085662242,-0.09721749943358163,-0.14598842175739835,-0.025599067453957677,-0.0678678619030338,0.026275721715512058,-0.13374242818686816,-0.07461769719914685,-0.14073274032836874,-0.1359331553945348,-0.029932323468045186
2022-10,0.09301554276006017,0.1392677850149944,0.042040336996173905,0.010697909044481313,0.01107419106767365,0.10572236257062806,0.04412070051243548,0.1413351796687723,0.14885847233719762,0.011579899839997443,-0.008033003205352832,0.08303478292303146,0.005580653093316167,0.04151037716563494,0.0946369604763701,0.03695355645124189,0.0650472304214414,0.057357132692839874,-0.07107986588628533,0.1047703975223132,0.03660832088665396,0.02148081342984791,0.006491673618295971,-0.008278246052602294,0.034659864765056045,0.02318022183718622,0.06637431753143218,-0.005790800852769391,0.05092605693930736,-0.022321435899977204,0.15041745796926584,0.06881708862432892
2022-11,0.02544193577250866,-0.031670316819966404,0.033376625490478776,-0.0051001968672238955,0.05643434448169987,-0.008464825295029956,0.01980360760747789,0.06479171074821548,0.03251777657215351,0.021637477905828564,0.09029994086040488,0.14215221347181226,0.05172540064237481,0.08111059066997801,0.10272505968693631,0.16051574847500888,-0.009000040764168044,0.021196574119112528,0.03469749781542059,-0.0405770203929626,-0.039731322316126104,0.05145698310338986,-0.014612825383799563,0.043748825904439334,0.0675933318078272,0.007375628222822734,-0.048148980378279145,0.07054831796184548,0.07178921974512263,0.060206130731253645,0.05134531911971308,0.03783056266986634
2022-12,-0.013807479122134387,-0.12060838191284642,-0.08639878348987345,-0.03165339331019395,-0.07219624657261024,-0.04349407968357399,-0.03348527083806902,-0.07901401815101446,-0.03872586308301222,-0.08183870955999398,0.029944511659440187,-0.05335415152424994,-0.018360177303641655,-0.015893949104744648,-0.05232530481843407,0.05057896250657978,-0.011703585954901683,-0.06981223027487786,-0.056940648506567215,-0.004501386850615783,-0.006761663413898668,-0.05184292818806237,-0.031246290603633348,-0.03615675932009277,-0.08067711790580077,-0.09132578498612796,-0.0075606763788844495,0.033065840427948856,0.05267787191025014,-0.0025064706136984226,-0.07000855549588245,-0.07772802750131003
2023-01,0.0658324210872051,0.09614830086255467,0.09601035260598408,-0.05158196447892507,0.15182718379734833,0.09276977395000613,0.04975168445437009,-0.06722447948174408,0.027487523039506415,-0.038391676502071426,0.11471237738243258,0.1822332648390571,0.042519273031347254,0.18707295713154418,0.24013988567611427,0.1291081813040734,-0.007205422695414806,0.1558989091553363,0.13026073657299336,0.14981062749099777,0.022596995128482587,0.039844874937938875,0.011224571581254129,0.01365970443381384,0.06834287240052181,0.045433653578591394,0.026599424879955483,0.005356728394947698,0.003906971815715815,0.024279190068541814,0.07961691849381987,0.030840068712576035
2023-02,-0.022980813911820087,0.09770899814465228,-0.008034643759363223,0.024673833049061664,0.06073438114772313,-0.02305400882936086,0.009615302711657357,-0.08266432339637113,-0.01210868709353159,0.01952645411662624,0.033559914636089726,0.04862200699037459,0.02588593186077094,-0.011254045005128695,0.020328740381175256,0.001563784855229931,0.030464366996835832,-0.037739353409678336,0.09018622134863805,0.10290482226307435,-0.01514095301458151,0.03296260089404653,0.025758532732566154,0.013363875431565739,-0.004363033092001334,0.08306864426425993,-0.035712267382732255,-0.0023224294505885573,0.017306421851743903,-0.0221069456418745,-0.016741576283351618,-0.005394980759963297
2023-03,0.08058799533152096,0.07806193144336872,0.02150301452788414,0.03605480547782541,0.21718403664549177,0.06620101107059252,0.06341872473460106,-0.004217956859891579,-0.027001289379153623,-0.01724963188428424,-0.009397586887215374,-0.026720271895781092,0.025039025795433423,0.08847013447150857,0.06771078398374877,0.016448785987909005,0.04250593407994805,0.31370247100053755,0.07868403822122608,-0.007472819125560656,0.06396403382395714,-0.03447077132158956,-0.004367675564856324,0.005446861996435891,-0.0021770921219857837,0.024215470316049127,-0.016046811927817817,0.03579126780591259,0.05227237878940391,0.062027051124193634,0.01305893914732991,0.054857548253765744
2023-04,0.05105714452438198,0.07202148250360708,0.03081847016811532,0.037010297119304404,-0.05351637079714036,0.007986161723537905,-0.060190321025464004,-0.006093543776094861,-0.00847406079634883,0.05898153587448673,0.05446307097842457,-0.015200955151860233,-0.040062635178803735,0.046967818982300596,0.007628933125448529,-0.03590094089329141,-0.005787279219821914,-0.06987897464362566,0.08822193691501631,-0.056506570819956456,0.03864975868259427,0.00811211536069213,-0.011906846414704374,0.012639178820957142,-0.004538144346351863,0.021213009351384426,0.02173951358420846,0.0187164520642458,0.09110835442987698,0.029937078637359418,-0.016357833808042354,0.10779451242830927
2023-05,0.02489043716438116,0.014109175417724742,0.019973077533812823,-0.029472528310992542,0.3260598176901701,0.031045202670819113,0.05166882685773424,-0.07961393600885558,-0.059489602616539544,-0.06818436707255271,-0.06772115421333098,0.130391850139502,0.12045116196538325,0.054534723479251944,0.13385941649164124,0.12098161765944611,0.018555988355520043,0.02905348437775332,0.052014214805377094,-0.007914893870709372,0.023614253136141145,-0.014592712652529009,-0.07174856971398358,-0.08605730469356651,-0.09742796153666464,-0.024050517935125082,-0.009195660169165424,-0.07267351011687029,0.005758578252892791,-0.05593368080448968,-0.03940968107184228,-0.01917374564862389
2023-06,0.04128950445096334,0.07061608407057374,0.06391629624703829,-0.003871626677564882,-0.11786350851210425,0.06102460064243971,0.014169860652708605,0.0008985075963699473,0.058967340948197625,0.04300692798541128,0.046597699624350605,0.12125961512669434,0.0778377206438265,-0.10757781864302018,0.09549229341104501,0.1240656439732442,0.05062617701326103,0.025101619293973015,0.001223411690913642,0.03879339042427903,-0.02625550111830749,0.0894492907337726,-0.001506786886111332,-5.918777811920949e-05,0.15492119823994555,0.09530750327274123,0.0523755935380849,0.013277233223487889,0.037946630456590885,-0.026932744972655243,0.14503868287523056,0.018125194536759693
2023-07,-0.022987534527155334,-0.009893730960488819,0.03154453208003597,-0.0005397874519098122,-0.05830854709137963,0.10674197081407602,0.05321937712673253,0.06395151389583649,-0.01812172377901501,0.11142989330551642,0.06124674192072077,0.022792487954145867,0.03577609255221506,0.09194850718342547,0.07967306256970508,0.027333420598138685,0.022816064526057108,0.03015309358748736,-0.019084367562014027,0.013264348291608984,-0.008584952217412437,0.055474266541374606,0.12851701748572955,0.022166555287654433,0.07154368137463299,0.040931907813581206,0.01918207163145145,0.030684220192695046,-0.03553629435569041,0.015013374433042409,0.15197838647299852,0.035245984269316015
2023-08,-0.05545113737460184,-0.040520246513878054,-0.03506849637299735,-0.061176731848056616,-0.06954761037749659,0.010066433510791374,0.010247770476692154,0.022225405836694793,-0.02917728376616419,0.013254575701548093,0.006504284785705771,0.039207763866385206,0.014917082977256397,-0.004399657296397761,0.0007327568182507605,0.0017341293603427396,0.01106321957873665,0.07174849501755792,0.018687992990045855,0.013864680219313695,-0.0314322024143241,-0.059751400058021015,-0.013451839912987484,-0.08476413852939292,-0.02901446919137393,-0.025959471567517517,-0.0060668814551807825,-0.04053346748654236,-0.023989489449602684,-0.09518197142915068,0.03665092823213833,-0.06407860600259532
2023-09,-0.034929825697425664,-0.06332956811493345,0.009119704353814683,-0.0628723979950147,-0.0088879410573249,-0.007873721633085026,-0.07409142388158156,0.004459845604747816,-0.035775667953198434,-0.04863174681267901,-0.03761290517227489,-0.08447961940301303,-0.0339971065638377,-0.01604162819091396,-0.08177811943441003,-0.0672193479927799,-0.06252663581791489,0.0020085962663175896,-0.02936066108283614,-0.04278175230272237,-0.08022731628257142,-0.044734027653490334,-0.05009306784507463,-0.06853813844852898,0.0013633659645853487,-0.05985402729018014,-0.07614233517120231,-0.08275070101389011,0.0043583345443934125,-0.01707424849816305,-0.0891660662305011,-0.011872586091806065
2023-10,-0.0037333128618021617,0.08429396579728025,-0.03475594313285728,-0.07523931677427351,0.011505181179249813,0.009290311432039537,-0.046619218809418564,-0.034450193448904876,-0.031055940601058856,-0.07040866749837664,0.01057767449547625,-0.05979520568942981,-0.06295570733209795,-0.02509744023429815,-0.034234314237335146,0.05110557794697062,0.023572499722154052,0.0018839097752308862,0.025736271473124413,-0.027356650528893207,-0.03202228359170651,-0.04767158738108719,-0.06030913795564223,0.02936550341499816,-0.06850402479131716,-0.005500153802112054,0.00997435566725698,0.06199448554136938,-0.03714554599931075,0.046336764455083404,-0.06096780158839332,-0.012557049037957735
2023-11,0.07435886862802348,0.07426440952077451,0.046640146196300275,-0.0008717948450904348,0.16988672631047894,0.08681355385373425,-0.009448730221148682,0.015560274455671565,0.01964099179850227,-0.0015722319647389434,-0.026589837655316906,0.133111461115967,0.06132457060006305,0.11202109638965788,0.11836084160097264,0.0880694776309229,0.027287777548698613,0.18650685662909625,0.042383207806051246,0.1317380131297087,-0.050130134550218954,0.03636398044935723,0.03361485704976021,0.0076375358142204575,0.055314236583431216,-0.01644630842534861,0.029575135311467677,-0.05780836983643216,0.047429801361647775,-0.02380497423055507,-0.02671931882680677,0.021507535588435822
2023-12,0.02897073079419762,0.010249758172004558,0.08939892468155843,-0.0020038434848818807,0.12495794933709481,0.02376003054980166,0.05098184676844121,0.012341437905726177,0.04381488790668841,-0.006542521590464568,0.003188988477167028,0.04018632003594317,0.024648394389669,-0.0310445303447449,0.05564854034921448,-0.0006147059679073189,0.0282314805541718,0.05796112416773627,-0.025599710134084692,0.11071843035365384,0.010020880125181167,0.05005197377898015,0.01636272740260235,0.006620425861687279,0.06800671162664675,0.06492320907292028,0.040792346337938275,-0.07619714842856705,0.09731777446527458,0.005737502076180726,-0.03910658853161349,-0.01296135304266905
2024-01,0.0179494677443747,0.015408816052515272,0.04592026596869585,0.008768987487304472,0.10544075494790434,0.08237007240650226,0.007037453540587851,0.09262694843837924,-0.019421400549312177,0.019926456652038373,0.06557095728442267,0.00578748132597439,0.0236141608891881,0.04526697594693653,0.07009866441508994,0.029015096508948547,0.0033709272216189776,-0.010685158637705973,0.0457121739157035,0.049447575456144977,-0.05277201166761104,0.04758364070101583,0.018397353401616204,-0.024812239818234282,0.03291782869246214,0.035139118117707785,0.013513104138104904,-0.004986997639993392,0.01694139043152141,-0.039788216108378495,-0.09212842345659775,0.01303542436265588
2024-02,0.01615119764965159,0.012003047902658612,0.035190775910959114,-0.008761119672157794,0.058741008295495244,-0.09718951799926741,0.029208106161095596,-0.10847740615051135,0.01773170746234999,-0.0005564295698163341,-0.07009720490894202,0.09494861430339105,-0.04042322550741731,-0.02219208560784539,0.064730519416075,0.08437329611558061,0.01723832811572005,-0.06663168281979152,-0.010968180243298082,0.0024729173015941466,0.006544638854760904,0.05262823645283305,-0.005803483396517082,0.0668929249288769,0.08281798515307863,0.038196430082191354,0.04155686600349438,0.02509905138354631,0.025821059622831776,-0.09365970120646697,0.046965009348872634,0.009191788655667929
2024-03,0.0028512126199524857,-0.010754052652878326,-0.012892167815349471,0.009832271072398705,-0.04944745657861778,-0.01792724663011736,-0.0004985152609814738,-0.02313788158386714,-0.0014885997437337544,-0.029420876431416644,-0.010818279765376899,-0.02880873164882979,0.029807950207838874,0.009345242122453417,0.010958225180628004,-0.004656363241608007,0.03413741624699395,-0.006467765134326916,-0.037471719348034,-0.0424036951028468,-0.015893926328705416,-0.01983245240098563,-0.026289806296568807,0.005372924968841604,0.041205265183204,0.011004410399158117,-0.005829991076410571,0.04312350032987982,-0.011148447660094197,0.0005014811311847582,0.08856715013032344,-0.04079076698992527
2024-04,-0.09446691655920057,-0.007475587606317279,-0.03630549034325263,0.019030613598282353,-0.11654185822342039,-0.08015473932277152,-0.0482867706200746,-0.040459776164886586,-0.08111248247621107,-0.06109611392212707,-0.05597039673159139,-0.07127395810029671,-0.04578787727452145,-0.03939069170790052,-0.13434587734907644,-0.03344618109275519,-0.07039486164407811,-0.16687216799777815,-0.08193144670615059,-0.08424475031695203,-0.05674763890526767,-0.09959728720160982,-0.01055915771688428,-0.0010138253960175932,-0.08586705504365102,-0.11912976052758795,-0.13241128681778405,0.010050102415496235,-0.010304511439163095,0.003752602455631196,-0.03887838820808538,-0.04803800118417889
2024-05,0.030506423763331115,-0.01742065692769769,0.09615308221513279,-0.012226062811631954,-0.034633661907727695,-0.036839927567249436,0.05132568362137969,-0.02332010004721336,0.028186054135413537,-0.038043311328774976,0.058361190288102334,0.010132271105097039,0.0893706597385593,-0.024465832682713694,-0.07360960387371926,0.043484143059674914,0.01154528339663276,-0.028270414060407457,0.0024434430370560223,-0.04962791823730167,-0.06935661146178118,-0.008490104752164628,-0.004167622272708717,0.0468975777443494,-0.014745371799521683,-0.03051387252579121,-0.023979663816119323,-0.01688883773935878,0.04577521282153444,0.007707713666792093,0.004732225369025303,0.10064213155341961
2024-06,0.07107569528688434,0.02787253255961569,0.02793272413498325,0.0034196048023578444,-0.01058582191365836,0.04262151834391792,0.015228199553194481,0.034456604046917354,0.05210258511500569,-0.008907368779041788,-0.0029921345505671514,0.07178191225428177,0.025196387129332764,-0.04081394912373244,0.10006032619584672,0.05024092781480291,0.050165777549540005,-0.0061620814924816724,0.03112962310544758,0.09209594357022706,-0.02954070800042855,0.0102570796195628,0.0007005255303151013,0.014122735401007256,-0.04846677595065214,-0.011486659984677787,0.038697417363647776,-0.03774880410959714,0.030075467386162364,0.015953254310035626,0.03323337298220216,0.04978513919061107
2024-07,-0.035080282918662845,0.001835664832503037,-0.08060174098916653,0.0777157541556035,-0.2173100655089045,-0.02927751412865326,-0.06440302025174105,0.044713876395223236,-0.01525992421930094,0.05894428699390134,0.04086845268445772,-0.16766871949500214,-0.06505093990632217,-0.19674309208332014,-0.1963367142409649,-0.09499143316165021,-0.033335448867801126,-0.13157495819167978,-0.18790655331267986,-0.005700430710486028,0.018048847096574484,0.06928315161263528,0.05078424529396514,0.07170591152427512,0.015486760272820877,0.025022610239761215,-0.047476224465931374,0.030900498657822986,0.005288019980966179,0.04996976614704101,0.05915682091631461,0.051674414164780046
2024-08,-0.03400092740593868,0.09862316690109678,0.050687872945447236,-0.0196485091706187,-0.004725824244292824,0.05195133873553435,-0.010347814455746488,-0.004876438835552046,-0.026323793797508023,0.023933277886824613,-0.07825349636266428,-0.07518519624499535,-0.0371274844803413,-0.11026239784883275,-0.12532503637230086,-0.03040331138075299,0.02406399703615974,-0.06316627888707291,-0.09424919919339692,-0.042088767604789364,-0.04127300660537315,-0.04453063056149331,0.009761867697886286,-0.02061327755690231,-0.0257783305203197,-0.051024902531672765,-0.10703140038938033,-0.0030747588631715,0.1021304531821678,-0.023901622145596345,-0.09255374606376204,-0.0006155374747957779
2024-09,-0.027567898500412028,0.002878147705337893,-0.0321536818842078,-0.003774614367600757,0.005571564342901623,-0.06559763067951688,-0.08322867135911409,-0.05130001331577808,-0.04705221234682119,-0.0025002067269669745,-0.010103072725082788,-0.04872042385082053,-0.06100916262282217,-0.05284153094484177,-0.10383685807156219,-0.11744045583813084,-0.03369094164279927,-0.01508074916597085,-0.032153706548509374,-0.018367719105425222,0.08386600131130993,-0.032174103541338574,-0.015972624128448545,0.0039109511096850486,-0.017885445005584186,0.014852495396433164,-0.0392972738603335,0.0286245595192632,-0.02820300568268792,0.031205523512601627,-0.02660581751508569,-0.10299062637783298
2024-10,-0.07165074486649517,-0.010283923392714748,-0.03261354547481056,0.012550705166989121,-0.11846869511457048,-0.08841622449205161,-0.042717262723111764,0.0107446942021461,0.03438768553942549,0.05175376464109443,-0.02192908780274087,-0.1517057077628322,-0.05096505722168887,-0.03469823732354636,-0.14436894907731257,-0.1462280005844424,0.003279209205003474,-0.031612320260220615,-0.08470655726610087,0.03725626713021152,0.022775470520276703,0.007510105796825248,0.01908746090646117,-0.03552214791181304,0.062206804220888444,0.03757177103729346,-0.049415924666266375,-0.014281205931107169,-0.012736042466326368,0.02756318270057354,0.05528656002111448,0.02446543211694534
2024-11,0.06496799372027091,0.1001142124398861,0.06188343146776646,0.009431516480567398,-0.1034053155021538,0.05774491382032055,-0.011986310885638937,-0.006608556538475133,0.020755896737261862,0.021174971747616,-0.04372594584524589,-0.0030037660518823553,-0.03716058066877751,-0.006816532311873798,-0.04262381379840613,-0.07153663593300202,0.04824147878648697,0.0375177660176206,0.07718421995954171,0.10143931366144229,0.10231857645383977,0.027235029368728923,0.0069222731319816665,0.029694241007654984,0.056667683304503225,0.034092747963729006,0.010228354145580763,0.016915288287041513,0.043664396224670866,0.06051030307236681,0.06598094416889005,0.08941253703668278
2024-12,0.029436089578477893,0.0878856115455223,-0.04803715923829501,-0.026117999074545695,-0.12159176235311961,-0.007256017039517401,-0.0198645071807149,-0.05835849040918154,-0.046039327828690885,-0.017982934788745405,-0.07324257222339282,-0.015855378424152192,0.02371583911212766,-0.09229011422302467,0.017956237276152663,0.0015732644748870438,-0.09476551189205448,-0.15931366838403843,0.007291668626374287,0.06198805969015638,-0.022828340483689136,-0.07413611107886588,-0.0688163737897535,-0.06600230255645598,-0.09412579399121951,-0.13047850614463577,-0.016183382658530292,-0.036002541333591195,-0.03060144750742486,-0.051653228243480696,-0.0668229955908817,-0.05266968645247285
2025-01,0.005882054597770113,-0.040398566506176126,0.042245649155987455,-0.030699119423518783,-0.06957108784549972,0.019966115586298742,0.0036479582121427693,0.07171630968159963,-0.021318960889836328,0.01817657174520329,-0.03964946574691843,-0.06033670314015569,-0.001970852425802372,0.009777295985759306,-0.03752800498191027,0.04058103525444148,0.058058119811355356,-0.13786237876717666,-0.049467292182411006,0.012463400310510237,-0.11005239825442412,0.014105161426262967,0.020850296810357417,0.004520710946321954,0.013252960245982355,-0.033305024183724094,-0.017495691099886853,0.0011097391756741226,-0.04159148814972736,-0.02538767774407355,0.02747876907822502,-0.014217479512754401
2025-02,-0.021523292215641577,0.09604347216021915,0.08150481965266287,0.06515930703378013,-0.040903967841563374,-0.021420353440839594,0.04567507555833527,0.06814164659266299,-0.030261770102757626,0.020009584527034448,0.08138726745107157,-0.05488560619599294,0.023184645094490582,0.008621705484420771,-0.057699296531338325,-0.05551502084711313,0.03852719106480676,0.20831647012834048,-0.09336946534808016,-0.08487800318025364,0.059491857845257345,-0.018434211407476832,0.03145477808046886,0.09956568936749274,-0.022343240663513272,0.03578519003115242,-0.08661008326069283,0.1497252996311271,0.07188904646434048,0.06910615402214178,-0.07204534085347548,0.02635188923231827
2025-03,0.021811370101253214,-0.029125192121950718,-0.042105247555708526,0.025795886745436696,0.12804077337921885,0.010338329320839515,-0.06940860789094894,0.02829527858697519,0.006824855203128865,-0.028798662621917683,0.04194220636341037,-0.03063998095442374,-0.09390820104245946,-0.022439014281059086,-0.008295285188033916,0.04428039538623098,-0.008121929505661757,-0.11632488644398344,0.0809845478017635,-0.005709444355369472,0.09510906555152245,-0.06953965238397293,0.02706659709308694,0.026363042914425986,-0.032936924323383424,-0.0035345311377874026,-0.03505227995740671,0.027541476542446795,0.014556292324394714,-0.01246086821764743,-0.03138717834433786,0.11981425698728286
2025-04,0.1141788767902642,0.16391114403245458,0.07921801460814827,-0.10599161299294331,0.16500175973680645,0.03738382152454563,0.02840512807419059,-0.003707216202095361,0.012003428955424581,0.023855946081908906,0.04553425066882371,0.2063687591369564,0.1017591995564562,-0.011599034648806758,0.1367719750506372,0.26113268617811614,0.06505851640492653,0.07793753048931941,0.28481374569969925,0.15641830805561854,0.006926185799834285,0.04481374592536281,-0.011347679580117858,-0.05695028340811904,0.10750575117602383,0.09033240546475663,0.09795465142223662,-0.0016960526891627522,-0.07332924637125462,-0.02486706416001278,-0.013688255022903682,0.027175709308296127
2025-05,0.048880823269686575,-0.01867121871065307,0.062086329891426074,-0.03853364897466452,-0.09299052510531741,0.04370604490318392,0.03664079881060653,0.010525056012087274,0.047685036393011714,0.07115905296377029,0.01022505497242396,0.014983910553487856,0.007194105724438252,0.13002331493777158,0.051441428580766425,0.0794816249935412,0.07882424260979236,-0.06409423248109933,-0.07749864792844165,0.04464448987797555,0.07683083802164903,0.09679666691035188,0.060544050581103126,-0.0401312424818096,0.003561412925452213,0.004341233316306581,0.11604359790518468,-0.035852266540506085,0.004377175039864946,0.0007702882652329027,-0.007469236290740266,-0.034994669662143776
2025-06,0.07280033711040923,-0.024214439631749737,-0.05734400215538709,0.018570749927397632,0.07851522131033374,-0.028628066595730656,0.08291023938494965,-0.033464397287019505,0.008301341692305616,-0.05760082340998697,0.01235966290811172,0.09314677985503969,0.06340589262942188,0.19006086335470243,0.11648185931310291,0.10488139935127505,-0.031809745482623115,0.11074472400763362,0.024213641850997492,0.01550827889879668,-0.033417486856640775,0.018585351576638803,-0.03787070121766352,-0.0031197426650505632,-0.018275492393506388,0.00209825298649478,-0.09094750738548221,-0.008010138759240691,-0.0008169823087534003,-0.031631299859827704,-0.04412426145860411,0.09533047427612786
2025-07,-0.023623397640373852,-0.005916072864102267,-0.06249298099573673,0.02950357660248469,0.11564770966223538,-0.04791134548707533,-0.05834607160617262,0.06119462725600677,-0.0031373107942266245,0.03665503335164401,-0.06922693838924805,0.056480891173496035,-0.046377321688195014,-0.08930964268700725,0.07546575060424429,0.080283246463536,0.005975261368735242,-0.046510201336548526,0.039805243238591,-0.0804203795826817,-0.05102084054911937,-0.044215352064342954,0.01486387625247735,0.0960746212813727,-0.005467921518153914,0.06855946626988807,0.018024127293999718,0.04147397435345825,0.05356281725209385,0.08232151289323218,0.19196855404049118,-0.059032985050589126
